player_id,minutes,appearances,minutes_share,goals_p90,assists_p90,ga_p90,yellow_p90,prev_minutes,prev_ga_p90,form_ga_p90,club_ppg,height_in_cm,season
3333,778.0,20.0,0.227,0.116,0.116,0.231,0.231,173.0,0.0,0.154,1.395,175.0,2025/26
7161,1009.0,23.0,0.33,0.178,0.268,0.446,0.268,352.0,0.767,0.553,1.735,176.0,2025/26
12282,2610.0,31.0,0.763,0.0,0.0,0.0,0.034,2780.0,0.097,0.032,1.079,180.0,2025/26
15452,502.0,8.0,0.147,0.0,0.179,0.179,0.179,1189.0,0.0,0.12,0.474,190.0,2025/26
15799,924.0,28.0,0.27,0.0,0.097,0.097,0.195,,,,0.763,168.0,2025/26
16136,852.0,12.0,0.278,0.0,0.106,0.106,0.106,1967.0,0.0,0.07,0.941,188.0,2025/26
16306,2589.0,34.0,0.757,0.313,0.07,0.382,0.313,1498.0,0.06,0.275,1.868,185.0,2025/26
17259,1860.0,22.0,0.608,0.0,0.0,0.0,0.0,1980.0,0.0,0.0,2.618,193.0,2025/26
27992,2816.0,34.0,0.823,0.064,0.096,0.16,0.128,1820.0,0.396,0.238,1.842,172.0,2025/26
33571,491.0,12.0,0.144,0.0,0.0,0.0,0.367,1065.0,0.085,0.028,1.474,187.0,2025/26
35047,2533.0,32.0,0.741,0.036,0.071,0.107,0.0,848.0,0.106,0.106,1.079,186.0,2025/26
38253,1656.0,31.0,0.484,0.761,0.163,0.924,0.109,2682.0,0.973,0.94,2.474,186.0,2025/26
40433,1300.0,28.0,0.38,0.277,0.138,0.415,0.208,434.0,0.0,0.277,1.132,169.0,2025/26
42205,2961.0,33.0,0.866,0.0,0.0,0.0,0.0,2970.0,0.0,0.0,2.289,183.0,2025/26
44058,720.0,8.0,0.211,0.0,0.0,0.0,0.0,1350.0,0.0,0.0,2.474,195.0,2025/26
45672,1980.0,22.0,0.647,0.0,0.0,0.0,0.091,2295.0,0.0,0.0,1.294,189.0,2025/26
46413,2953.0,37.0,0.863,0.518,0.0,0.518,0.091,2967.0,0.758,0.598,1.105,190.0,2025/26
46580,2223.0,34.0,0.726,0.567,0.243,0.81,0.081,2781.0,0.615,0.745,1.794,177.0,2025/26
48015,1441.0,17.0,0.471,0.0,0.0,0.0,0.062,2610.0,0.0,0.0,1.588,192.0,2025/26
55089,3060.0,34.0,1.0,0.0,0.0,0.0,0.088,2520.0,0.0,0.0,1.794,187.0,2025/26
55735,1556.0,30.0,0.455,0.231,0.116,0.347,0.289,2412.0,0.224,0.306,2.289,177.0,2025/26
57071,2009.0,23.0,0.657,0.0,0.0,0.0,0.045,2632.0,0.0,0.0,1.912,193.0,2025/26
57500,1218.0,17.0,0.356,0.0,0.074,0.074,0.296,877.0,0.103,0.083,1.132,178.0,2025/26
58864,2047.0,30.0,0.669,0.44,0.264,0.703,0.044,,,,1.735,187.0,2025/26
58995,521.0,12.0,0.17,0.0,0.0,0.0,0.345,1898.0,0.0,0.0,1.382,186.0,2025/26
59377,3330.0,37.0,0.974,0.0,0.0,0.0,0.0,3150.0,0.029,0.01,1.105,192.0,2025/26
59561,1390.0,32.0,0.406,0.065,0.0,0.065,0.194,2278.0,0.237,0.122,1.895,182.0,2025/26
60561,2789.0,31.0,0.911,0.0,0.0,0.0,0.129,1564.0,0.0,0.0,0.706,184.0,2025/26
61651,1921.0,32.0,0.562,0.047,0.141,0.187,0.281,1870.0,0.241,0.205,1.395,182.0,2025/26
61812,2709.0,32.0,0.792,0.0,0.233,0.233,0.166,2041.0,0.088,0.184,1.184,181.0,2025/26
61841,1080.0,22.0,0.316,0.0,0.167,0.167,0.25,1595.0,0.0,0.111,1.5,174.0,2025/26
65278,972.0,29.0,0.284,0.463,0.185,0.648,0.37,1088.0,0.91,0.735,1.421,167.0,2025/26
67063,2266.0,37.0,0.663,0.516,0.04,0.556,0.199,2121.0,0.594,0.569,1.395,185.0,2025/26
69633,2424.0,31.0,0.792,0.111,0.371,0.483,0.149,1056.0,0.256,0.407,0.853,182.0,2025/26
72047,1130.0,32.0,0.33,0.398,0.239,0.637,0.239,1744.0,0.774,0.683,1.421,176.0,2025/26
72476,3420.0,38.0,1.0,0.0,0.0,0.0,0.079,3420.0,0.026,0.009,1.368,190.0,2025/26
73517,450.0,5.0,0.132,0.0,0.0,0.0,0.2,2674.0,0.0,0.0,1.132,192.0,2025/26
73794,1096.0,28.0,0.32,0.246,0.082,0.328,0.0,589.0,0.458,0.372,1.184,188.0,2025/26
74229,2220.0,34.0,0.649,0.081,0.081,0.162,0.243,1926.0,0.093,0.139,1.816,176.0,2025/26
74294,2348.0,34.0,0.687,0.077,0.0,0.077,0.345,2496.0,0.072,0.075,1.132,187.0,2025/26
74683,2670.0,34.0,0.781,0.034,0.034,0.067,0.202,2025.0,0.044,0.06,1.289,194.0,2025/26
74842,879.0,21.0,0.287,0.0,0.0,0.0,0.102,1549.0,0.291,0.097,1.294,176.0,2025/26
74869,655.0,16.0,0.214,0.0,0.137,0.137,0.275,224.0,0.804,0.359,0.706,177.0,2025/26
74960,3150.0,35.0,0.921,0.0,0.0,0.0,0.029,900.0,0.0,0.0,0.579,191.0,2025/26
75489,1056.0,28.0,0.309,0.085,0.0,0.085,0.0,788.0,0.571,0.247,1.842,189.0,2025/26
75921,1869.0,29.0,0.611,0.0,0.144,0.144,0.385,1744.0,0.155,0.148,1.147,189.0,2025/26
76163,516.0,15.0,0.155,0.174,0.349,0.523,0.174,,,,0.919,187.0,2025/26
76467,2021.0,28.0,0.591,0.045,0.045,0.089,0.267,2229.0,0.04,0.073,1.342,174.0,2025/26
80197,1038.0,16.0,0.312,0.173,0.0,0.173,0.173,,,,0.784,186.0,2025/26
80293,2427.0,29.0,0.793,0.037,0.0,0.037,0.297,1736.0,0.0,0.025,1.794,184.0,2025/26
80894,1594.0,19.0,0.466,0.0,0.0,0.0,0.056,2365.0,0.0,0.0,1.474,188.0,2025/26
81173,930.0,11.0,0.304,0.0,0.0,0.0,0.097,,,,1.735,193.0,2025/26
81512,2256.0,30.0,0.66,0.12,0.0,0.12,0.199,1163.0,0.155,0.131,1.316,187.0,2025/26
82350,1041.0,18.0,0.34,0.173,0.173,0.346,0.346,1438.0,0.063,0.251,1.176,192.0,2025/26
82442,1610.0,30.0,0.526,0.391,0.056,0.447,0.112,,,,1.794,192.0,2025/26
82873,2252.0,30.0,0.658,0.04,0.16,0.2,0.08,2337.0,0.385,0.262,1.395,181.0,2025/26
84085,660.0,11.0,0.216,0.0,0.0,0.0,0.273,,,,1.294,183.0,2025/26
84301,2334.0,27.0,0.763,0.077,0.077,0.154,0.347,2693.0,0.134,0.147,1.794,180.0,2025/26
84993,2970.0,33.0,0.971,0.0,0.0,0.0,0.091,,,,1.118,188.0,2025/26
85177,597.0,10.0,0.175,0.0,0.151,0.151,0.151,481.0,0.0,0.101,1.184,175.0,2025/26
85295,578.0,14.0,0.169,0.0,0.0,0.0,0.311,1190.0,0.0,0.0,1.316,172.0,2025/26
85370,533.0,20.0,0.156,0.0,0.0,0.0,0.507,696.0,0.129,0.043,1.868,178.0,2025/26
85906,2698.0,34.0,0.882,0.067,0.1,0.167,0.1,2010.0,0.045,0.126,1.176,187.0,2025/26
86202,1491.0,18.0,0.436,0.06,0.0,0.06,0.0,2291.0,0.039,0.053,2.263,190.0,2025/26
86784,1546.0,23.0,0.452,0.0,0.058,0.058,0.0,1279.0,0.07,0.062,1.579,182.0,2025/26
88755,1169.0,18.0,0.342,0.385,0.154,0.539,0.077,1705.0,0.581,0.553,2.0,181.0,2025/26
90317,1890.0,21.0,0.618,0.0,0.0,0.0,0.095,,,,1.176,191.0,2025/26
91970,491.0,19.0,0.144,0.183,0.0,0.183,0.55,824.0,0.328,0.231,0.474,176.0,2025/26
93604,1594.0,23.0,0.521,0.113,0.113,0.226,0.169,1849.0,0.292,0.248,1.382,182.0,2025/26
93707,1549.0,24.0,0.506,0.0,0.174,0.174,0.174,2324.0,0.232,0.194,1.382,184.0,2025/26
93740,2950.0,33.0,0.964,0.061,0.0,0.061,0.122,2224.0,0.202,0.108,1.912,186.0,2025/26
93844,610.0,17.0,0.199,0.0,0.148,0.148,0.738,974.0,0.277,0.191,0.941,171.0,2025/26
93936,1727.0,37.0,0.505,0.417,0.052,0.469,0.156,2555.0,0.458,0.465,1.211,186.0,2025/26
94005,1219.0,19.0,0.356,0.0,0.0,0.0,0.221,1910.0,0.094,0.031,1.553,183.0,2025/26
94308,3330.0,37.0,0.974,0.0,0.0,0.0,0.0,2880.0,0.0,0.0,1.211,189.0,2025/26
94529,657.0,20.0,0.192,0.137,0.411,0.548,0.548,1089.0,0.661,0.586,1.921,178.0,2025/26
95424,3097.0,36.0,0.906,0.0,0.058,0.058,0.262,1625.0,0.0,0.039,0.579,183.0,2025/26
95810,1592.0,21.0,0.465,0.0,0.057,0.057,0.17,1309.0,0.206,0.106,1.289,173.0,2025/26
96533,938.0,25.0,0.307,0.288,0.096,0.384,0.0,,,,0.706,183.0,2025/26
99353,473.0,10.0,0.328,0.0,0.0,0.0,0.381,767.0,0.352,0.117,0.938,167.0,2025/26
99397,1980.0,22.0,0.579,0.0,0.0,0.0,0.045,,,,1.237,190.0,2025/26
99523,540.0,6.0,0.158,0.0,0.0,0.0,0.0,,,,0.474,190.0,2025/26
99922,1978.0,25.0,0.578,0.046,0.0,0.046,0.137,2101.0,0.129,0.073,1.579,184.0,2025/26
100986,1910.0,25.0,0.624,0.094,0.094,0.188,0.141,1925.0,0.094,0.157,1.794,190.0,2025/26
102423,3330.0,37.0,0.974,0.081,0.0,0.081,0.108,2870.0,0.188,0.117,1.211,190.0,2025/26
105470,2340.0,26.0,0.684,0.0,0.0,0.0,0.038,2509.0,0.0,0.0,1.579,193.0,2025/26
105521,902.0,18.0,0.295,0.2,0.2,0.399,0.299,2025.0,0.844,0.548,1.294,185.0,2025/26
106405,851.0,11.0,0.278,0.0,0.106,0.106,0.317,2945.0,0.153,0.121,1.265,188.0,2025/26
106872,1324.0,29.0,0.433,0.068,0.068,0.136,0.204,1544.0,0.408,0.227,1.118,175.0,2025/26
106987,1823.0,26.0,0.596,0.049,0.099,0.148,0.148,1616.0,0.056,0.117,2.147,178.0,2025/26
107775,2641.0,30.0,0.863,0.0,0.0,0.0,0.068,2520.0,0.0,0.0,1.147,188.0,2025/26
108390,2880.0,32.0,0.842,0.0,0.0,0.0,0.031,2700.0,0.0,0.0,2.263,199.0,2025/26
108725,907.0,15.0,0.265,0.298,0.0,0.298,0.0,2979.0,0.695,0.43,1.158,191.0,2025/26
110864,1080.0,12.0,0.4,0.0,0.0,0.0,0.0,630.0,0.0,0.0,0.533,193.0,2025/26
110923,765.0,9.0,0.224,0.0,0.0,0.0,0.0,450.0,0.0,0.0,1.816,188.0,2025/26
111195,1050.0,24.0,0.307,0.086,0.0,0.086,0.429,1699.0,0.0,0.057,1.395,184.0,2025/26
111196,671.0,11.0,0.196,0.0,0.0,0.0,0.134,1719.0,0.157,0.052,2.289,189.0,2025/26
111455,2901.0,34.0,0.848,0.031,0.186,0.217,0.248,2891.0,0.28,0.238,1.421,183.0,2025/26
111508,524.0,15.0,0.153,0.0,0.172,0.172,0.859,884.0,0.305,0.216,1.342,189.0,2025/26
111811,861.0,25.0,0.281,0.0,0.0,0.0,0.0,2679.0,0.101,0.034,1.059,177.0,2025/26
111873,2835.0,32.0,0.829,0.0,0.032,0.032,0.063,3195.0,0.0,0.021,1.711,195.0,2025/26
112515,2770.0,32.0,0.81,0.032,0.0,0.032,0.162,2649.0,0.102,0.056,1.421,188.0,2025/26
113707,569.0,11.0,0.186,0.316,0.0,0.316,0.158,1008.0,0.357,0.33,0.706,172.0,2025/26
116088,1591.0,32.0,0.52,0.283,0.226,0.509,0.17,1740.0,0.569,0.529,0.941,188.0,2025/26
117478,1913.0,29.0,0.625,0.047,0.235,0.282,0.188,1397.0,0.064,0.21,0.765,182.0,2025/26
117674,1854.0,25.0,0.606,0.049,0.194,0.243,0.243,2359.0,0.305,0.264,0.853,184.0,2025/26
118534,2590.0,33.0,0.757,0.104,0.035,0.139,0.035,1046.0,0.258,0.179,1.289,188.0,2025/26
118689,1903.0,32.0,0.556,0.142,0.142,0.284,0.047,1519.0,0.118,0.229,2.0,186.0,2025/26
118847,2346.0,29.0,0.767,0.077,0.0,0.077,0.345,2305.0,0.078,0.077,1.176,183.0,2025/26
119277,1071.0,19.0,0.35,0.084,0.084,0.168,0.084,1508.0,0.119,0.152,0.853,184.0,2025/26
119296,623.0,9.0,0.266,0.433,0.0,0.433,0.433,2102.0,0.171,0.346,2.231,186.0,2025/26
120205,917.0,17.0,0.3,0.589,0.294,0.883,0.196,631.0,0.428,0.732,1.265,193.0,2025/26
120629,1800.0,20.0,0.69,0.0,0.05,0.05,0.0,2259.0,0.0,0.033,0.966,195.0,2025/26
121483,2700.0,30.0,0.789,0.0,0.0,0.0,0.0,3240.0,0.0,0.0,1.816,188.0,2025/26
121985,1676.0,24.0,0.49,0.0,0.0,0.0,0.43,1074.0,0.084,0.028,2.0,185.0,2025/26
122840,2340.0,30.0,0.765,0.0,0.0,0.0,0.115,2464.0,0.037,0.012,1.029,181.0,2025/26
123275,765.0,24.0,0.224,0.235,0.0,0.235,0.353,613.0,0.294,0.255,1.368,185.0,2025/26
123682,1242.0,32.0,0.363,0.507,0.072,0.58,0.072,357.0,0.0,0.386,1.026,180.0,2025/26
124410,2835.0,32.0,0.926,0.159,0.063,0.222,0.222,2727.0,0.066,0.17,1.147,188.0,2025/26
124419,2970.0,33.0,0.868,0.0,0.0,0.0,0.03,,,,1.132,191.0,2025/26
124502,2836.0,32.0,0.927,0.095,0.159,0.254,0.095,2560.0,0.105,0.204,1.382,189.0,2025/26
124555,511.0,14.0,0.149,0.0,0.0,0.0,0.0,1589.0,0.057,0.019,1.184,185.0,2025/26
124884,585.0,7.0,0.171,0.0,0.0,0.0,0.154,2880.0,0.0,0.0,1.711,193.0,2025/26
125714,2130.0,24.0,0.696,0.0,0.0,0.0,0.042,3276.0,0.055,0.018,1.735,195.0,2025/26
125781,1468.0,34.0,0.429,0.429,0.245,0.674,0.0,2482.0,0.544,0.631,1.816,176.0,2025/26
126414,1651.0,22.0,0.483,0.491,0.218,0.709,0.382,1963.0,0.504,0.641,2.289,178.0,2025/26
126557,809.0,10.0,0.562,0.0,0.0,0.0,0.222,2116.0,0.0,0.0,2.312,180.0,2025/26
126664,1852.0,31.0,0.542,0.0,0.292,0.292,0.146,2360.0,0.191,0.258,1.711,178.0,2025/26
126665,2102.0,25.0,0.615,0.086,0.128,0.214,0.043,3070.0,0.088,0.172,1.289,174.0,2025/26
126729,661.0,14.0,0.193,0.0,0.0,0.0,0.272,605.0,0.149,0.05,1.421,184.0,2025/26
126751,2231.0,34.0,0.652,0.04,0.081,0.121,0.444,1488.0,0.242,0.161,1.184,175.0,2025/26
127048,562.0,18.0,0.164,0.48,0.16,0.641,0.16,696.0,0.517,0.599,1.579,182.0,2025/26
127108,3231.0,36.0,0.945,0.056,0.028,0.084,0.195,3326.0,0.135,0.101,1.316,190.0,2025/26
127160,960.0,19.0,0.314,0.0,0.0,0.0,0.0,,,,0.5,180.0,2025/26
127188,720.0,8.0,0.235,0.0,0.0,0.0,0.0,,,,0.941,188.0,2025/26
127189,593.0,10.0,0.244,0.0,0.0,0.0,0.455,2021.0,0.0,0.0,1.815,188.0,2025/26
127202,2667.0,31.0,0.78,0.0,0.0,0.0,0.067,3420.0,0.0,0.0,1.158,188.0,2025/26
127573,2073.0,29.0,0.677,0.043,0.217,0.26,0.174,2618.0,0.206,0.242,1.176,170.0,2025/26
128223,924.0,26.0,0.27,0.0,0.195,0.195,0.195,1695.0,0.796,0.395,1.868,189.0,2025/26
128969,3240.0,36.0,0.947,0.0,0.0,0.0,0.111,1260.0,0.0,0.0,1.105,184.0,2025/26
129674,3173.0,37.0,0.928,0.028,0.113,0.142,0.227,,,,1.105,182.0,2025/26
130164,3420.0,38.0,1.0,0.0,0.0,0.0,0.105,3420.0,0.026,0.009,1.289,185.0,2025/26
131075,1379.0,18.0,0.403,0.0,0.0,0.0,0.196,1709.0,0.053,0.018,2.289,192.0,2025/26
131225,1310.0,20.0,0.428,0.0,0.206,0.206,0.275,1904.0,0.284,0.232,1.765,172.0,2025/26
131978,852.0,21.0,0.249,0.317,0.106,0.423,0.106,567.0,0.635,0.493,1.711,189.0,2025/26
131996,639.0,12.0,0.187,0.141,0.0,0.141,0.141,1725.0,0.574,0.285,1.421,181.0,2025/26
132098,2382.0,31.0,0.778,1.36,0.189,1.549,0.038,2391.0,1.355,1.484,2.618,188.0,2025/26
133179,2704.0,34.0,0.791,0.033,0.067,0.1,0.2,3058.0,0.235,0.145,1.553,186.0,2025/26
133731,3060.0,34.0,1.0,0.059,0.059,0.118,0.059,3060.0,0.059,0.098,0.765,194.0,2025/26
134270,2199.0,29.0,0.643,0.041,0.123,0.164,0.368,3330.0,0.054,0.127,1.289,201.0,2025/26
135343,1091.0,16.0,0.319,0.0,0.0,0.0,0.082,2938.0,0.123,0.041,1.289,186.0,2025/26
136111,1848.0,22.0,0.54,0.0,0.0,0.0,0.097,2610.0,0.0,0.0,1.079,193.0,2025/26
136514,627.0,10.0,0.183,0.0,0.144,0.144,0.431,1049.0,0.343,0.21,1.474,191.0,2025/26
138055,2880.0,33.0,0.941,0.0,0.0,0.0,0.219,1795.0,0.05,0.017,1.059,177.0,2025/26
138927,976.0,17.0,0.285,0.0,0.092,0.092,0.0,610.0,0.148,0.111,2.263,173.0,2025/26
139208,3420.0,38.0,1.0,0.158,0.0,0.158,0.105,3330.0,0.108,0.141,1.579,195.0,2025/26
139304,1934.0,23.0,0.632,0.047,0.0,0.047,0.14,900.0,0.0,0.031,0.765,191.0,2025/26
142021,2689.0,38.0,0.786,0.033,0.167,0.201,0.1,2763.0,0.261,0.221,1.105,180.0,2025/26
142031,2245.0,30.0,0.656,0.08,0.08,0.16,0.2,1990.0,0.045,0.122,1.105,181.0,2025/26
143812,733.0,19.0,0.214,0.0,0.246,0.246,0.123,868.0,0.518,0.337,1.421,187.0,2025/26
144028,2008.0,31.0,0.587,0.269,0.269,0.538,0.09,2551.0,0.564,0.547,2.237,172.0,2025/26
144128,1980.0,22.0,0.579,0.0,0.0,0.0,0.045,,,,1.132,191.0,2025/26
147051,2790.0,31.0,0.912,0.0,0.0,0.0,0.0,,,,1.324,190.0,2025/26
148153,2837.0,33.0,0.83,0.032,0.0,0.032,0.317,2083.0,0.0,0.021,1.395,192.0,2025/26
148252,2217.0,29.0,0.648,0.041,0.081,0.122,0.203,3214.0,0.084,0.109,1.474,181.0,2025/26
148455,2150.0,27.0,0.629,0.293,0.293,0.586,0.042,3380.0,1.251,0.808,1.579,175.0,2025/26
149525,3075.0,35.0,0.899,0.059,0.0,0.059,0.293,,,,0.474,185.0,2025/26
153084,1954.0,31.0,0.639,0.23,0.184,0.415,0.184,1315.0,0.342,0.39,2.618,189.0,2025/26
154147,2591.0,30.0,0.847,0.069,0.035,0.104,0.035,2970.0,0.0,0.069,0.765,189.0,2025/26
156618,1692.0,22.0,0.553,0.0,0.0,0.0,0.053,,,,0.5,180.0,2025/26
156990,2549.0,30.0,0.833,0.035,0.0,0.035,0.318,2164.0,0.0,0.024,0.941,187.0,2025/26
157507,1117.0,24.0,0.327,0.0,0.0,0.0,0.242,646.0,0.0,0.0,1.184,182.0,2025/26
157672,3018.0,34.0,0.986,0.03,0.268,0.298,0.119,1061.0,0.0,0.199,1.794,175.0,2025/26
159088,2547.0,32.0,0.832,0.071,0.0,0.071,0.141,1605.0,0.168,0.103,1.735,187.0,2025/26
159471,1228.0,21.0,0.401,0.586,0.44,1.026,0.073,1236.0,0.874,0.975,2.618,176.0,2025/26
160929,3060.0,34.0,1.0,0.0,0.0,0.0,0.059,,,,0.941,190.0,2025/26
160938,2323.0,34.0,0.679,0.155,0.039,0.194,0.116,2617.0,0.0,0.129,1.868,186.0,2025/26
160963,877.0,10.0,0.287,0.0,0.0,0.0,0.205,2880.0,0.0,0.0,1.176,194.0,2025/26
160986,2197.0,27.0,0.642,0.0,0.082,0.082,0.164,,,,0.895,189.0,2025/26
161011,468.0,18.0,0.137,0.577,0.192,0.769,0.192,1963.0,0.413,0.65,1.816,184.0,2025/26
161056,2282.0,29.0,0.746,0.079,0.316,0.394,0.158,2847.0,0.316,0.368,2.618,177.0,2025/26
161869,2147.0,32.0,0.702,0.126,0.168,0.293,0.042,2105.0,0.128,0.238,1.324,183.0,2025/26
162434,701.0,14.0,0.229,0.0,0.0,0.0,0.514,2111.0,0.043,0.014,0.941,190.0,2025/26
162959,577.0,12.0,0.169,0.0,0.0,0.0,0.312,708.0,0.0,0.0,1.105,190.0,2025/26
163048,2610.0,29.0,0.763,0.0,0.0,0.0,0.034,90.0,0.0,0.0,1.184,193.0,2025/26
163639,481.0,9.0,0.141,0.0,0.187,0.187,0.187,,,,0.895,187.0,2025/26
164904,2655.0,30.0,0.868,0.0,0.034,0.034,0.034,,,,1.029,197.0,2025/26
165007,1407.0,30.0,0.411,0.064,0.128,0.192,0.384,600.0,0.3,0.228,1.132,176.0,2025/26
165467,1800.0,20.0,0.526,0.0,0.0,0.0,0.05,360.0,0.0,0.0,1.289,188.0,2025/26
165513,2526.0,34.0,0.739,0.0,0.0,0.0,0.143,2648.0,0.102,0.034,1.553,190.0,2025/26
165793,950.0,15.0,0.66,0.284,0.189,0.474,0.379,2245.0,0.361,0.436,1.438,172.0,2025/26
165895,2214.0,34.0,0.647,0.081,0.203,0.285,0.163,2832.0,0.254,0.274,2.0,171.0,2025/26
166601,487.0,11.0,0.159,0.0,0.185,0.185,0.554,1058.0,0.0,0.123,2.147,195.0,2025/26
167491,919.0,16.0,0.269,0.0,0.0,0.0,0.0,2059.0,0.087,0.029,1.079,176.0,2025/26
167799,2715.0,32.0,0.887,0.133,0.166,0.298,0.133,2666.0,0.203,0.266,1.735,185.0,2025/26
168157,1333.0,19.0,0.529,0.068,0.0,0.068,0.135,1738.0,0.052,0.062,0.75,188.0,2025/26
168989,1819.0,27.0,0.594,0.099,0.049,0.148,0.247,489.0,0.184,0.16,1.176,183.0,2025/26
169497,646.0,15.0,0.189,0.0,0.0,0.0,0.139,1497.0,0.0,0.0,1.105,182.0,2025/26
169880,2278.0,26.0,0.666,0.079,0.119,0.198,0.04,3330.0,0.162,0.186,2.0,183.0,2025/26
170472,1148.0,15.0,0.456,0.0,0.0,0.0,0.078,2297.0,0.039,0.013,1.143,183.0,2025/26
170481,1507.0,22.0,0.441,0.06,0.0,0.06,0.537,971.0,0.0,0.04,0.553,180.0,2025/26
170911,2463.0,29.0,0.805,0.0,0.0,0.0,0.037,2880.0,0.062,0.021,1.0,187.0,2025/26
170986,782.0,18.0,0.256,0.575,0.345,0.921,0.0,1583.0,0.398,0.746,2.618,170.0,2025/26
171679,792.0,11.0,0.232,0.0,0.0,0.0,0.455,2112.0,0.128,0.043,0.526,185.0,2025/26
173504,3330.0,37.0,0.974,0.054,0.081,0.135,0.216,2924.0,0.062,0.111,1.289,185.0,2025/26
173859,2581.0,35.0,0.755,0.105,0.139,0.244,0.105,2076.0,0.303,0.264,1.553,182.0,2025/26
174094,1773.0,31.0,0.579,0.0,0.102,0.102,0.203,234.0,1.154,0.452,0.941,180.0,2025/26
174196,2792.0,32.0,0.912,0.0,0.097,0.097,0.129,2685.0,0.168,0.12,1.147,178.0,2025/26
175446,2998.0,34.0,0.877,0.0,0.0,0.0,0.21,1397.0,0.129,0.043,1.132,175.0,2025/26
175449,1197.0,26.0,0.35,0.0,0.15,0.15,0.226,778.0,0.0,0.1,1.105,176.0,2025/26
175639,2531.0,30.0,0.827,0.036,0.249,0.284,0.0,2311.0,0.506,0.358,0.941,178.0,2025/26
175722,687.0,9.0,0.225,0.131,0.0,0.131,0.0,1461.0,0.185,0.149,1.588,191.0,2025/26
176553,2060.0,25.0,0.602,0.0,0.087,0.087,0.175,,,,1.184,191.0,2025/26
177467,1350.0,22.0,0.395,0.667,0.0,0.667,0.0,718.0,0.627,0.653,1.895,180.0,2025/26
177476,688.0,18.0,0.201,0.0,0.0,0.0,0.131,683.0,0.0,0.0,2.053,180.0,2025/26
177779,1652.0,28.0,0.54,0.0,0.054,0.054,0.436,1704.0,0.0,0.036,1.147,187.0,2025/26
177843,1971.0,26.0,0.576,0.365,0.228,0.594,0.091,,,,1.289,183.0,2025/26
177907,1655.0,23.0,0.484,0.054,0.109,0.163,0.163,1756.0,0.051,0.126,1.868,194.0,2025/26
181136,2045.0,34.0,0.598,0.264,0.132,0.396,0.132,971.0,0.371,0.388,2.289,180.0,2025/26
181382,741.0,11.0,0.515,0.243,0.0,0.243,0.243,2331.0,0.425,0.304,0.938,188.0,2025/26
181579,1097.0,18.0,0.321,0.0,0.082,0.082,0.082,1440.0,0.188,0.117,0.579,177.0,2025/26
181767,1049.0,14.0,0.343,0.0,0.0,0.0,0.0,1725.0,0.104,0.035,2.235,183.0,2025/26
181778,2113.0,28.0,0.691,0.0,0.128,0.128,0.128,2125.0,0.127,0.128,1.735,176.0,2025/26
182201,1545.0,27.0,0.505,0.117,0.058,0.175,0.233,448.0,1.205,0.518,1.029,183.0,2025/26
182712,953.0,16.0,0.279,0.189,0.283,0.472,0.094,,,,2.474,182.0,2025/26
182893,654.0,12.0,0.214,0.138,0.0,0.138,0.0,844.0,0.213,0.163,1.735,185.0,2025/26
182894,2489.0,31.0,0.813,0.036,0.036,0.072,0.072,210.0,0.0,0.048,0.5,186.0,2025/26
182904,1393.0,19.0,0.407,0.0,0.065,0.065,0.258,1976.0,0.137,0.089,1.816,186.0,2025/26
182906,3296.0,37.0,0.964,0.0,0.0,0.0,0.109,3295.0,0.0,0.0,1.842,191.0,2025/26
182913,2640.0,30.0,0.772,0.205,0.17,0.375,0.17,2483.0,0.507,0.419,1.842,191.0,2025/26
182916,2013.0,29.0,0.658,0.537,0.089,0.626,0.089,905.0,0.298,0.517,2.059,171.0,2025/26
183288,3233.0,38.0,0.945,0.028,0.028,0.056,0.251,348.0,0.0,0.037,1.868,178.0,2025/26
184573,944.0,17.0,0.276,0.0,0.095,0.095,0.0,697.0,0.0,0.064,1.711,187.0,2025/26
184892,2462.0,33.0,0.805,0.402,0.219,0.621,0.219,1972.0,0.502,0.582,2.059,181.0,2025/26
185077,1715.0,33.0,0.56,0.367,0.262,0.63,0.0,2455.0,0.697,0.652,1.382,180.0,2025/26
186233,495.0,10.0,0.162,0.364,0.0,0.364,0.182,,,,0.5,193.0,2025/26
186368,2260.0,31.0,0.661,0.0,0.08,0.08,0.159,2319.0,0.272,0.144,1.184,181.0,2025/26
187097,1147.0,20.0,0.375,0.471,0.0,0.471,0.157,955.0,0.377,0.44,0.765,189.0,2025/26
187492,1608.0,29.0,0.525,0.392,0.224,0.616,0.0,2319.0,0.582,0.604,2.147,185.0,2025/26
187718,2836.0,32.0,0.927,0.0,0.0,0.0,0.159,2370.0,0.152,0.051,1.765,180.0,2025/26
188077,986.0,26.0,0.288,0.183,0.0,0.183,0.274,2131.0,0.211,0.192,1.5,178.0,2025/26
188888,1104.0,23.0,0.361,0.245,0.245,0.489,0.163,994.0,0.272,0.417,1.176,180.0,2025/26
190284,3060.0,34.0,1.0,0.088,0.029,0.118,0.118,2855.0,0.063,0.099,1.382,181.0,2025/26
190393,2307.0,30.0,0.754,0.429,0.156,0.585,0.195,2333.0,0.54,0.57,1.765,181.0,2025/26
190685,897.0,12.0,0.293,0.0,0.0,0.0,0.1,,,,0.5,178.0,2025/26
191056,2880.0,32.0,0.941,0.0,0.0,0.0,0.156,2880.0,0.0,0.0,1.735,187.0,2025/26
191217,1821.0,27.0,0.532,0.099,0.148,0.247,0.099,578.0,0.311,0.269,1.579,178.0,2025/26
191422,716.0,15.0,0.234,0.251,0.377,0.628,0.0,362.0,0.497,0.585,1.294,178.0,2025/26
192009,1619.0,28.0,0.473,0.0,0.222,0.222,0.334,1719.0,0.209,0.218,1.316,170.0,2025/26
192080,2417.0,27.0,0.707,0.0,0.0,0.0,0.074,2520.0,0.0,0.0,1.289,198.0,2025/26
192169,2327.0,27.0,0.76,0.039,0.039,0.077,0.116,1832.0,0.049,0.068,0.765,184.0,2025/26
192492,3060.0,34.0,1.0,0.0,0.059,0.059,0.059,3060.0,0.029,0.049,1.059,184.0,2025/26
192557,1625.0,24.0,0.531,0.0,0.055,0.055,0.0,2610.0,0.172,0.094,0.765,189.0,2025/26
192616,1155.0,17.0,0.338,0.078,0.156,0.234,0.312,930.0,0.484,0.317,1.289,182.0,2025/26
192635,2967.0,33.0,0.97,0.0,0.091,0.091,0.152,2136.0,0.084,0.089,1.118,189.0,2025/26
192735,2438.0,32.0,0.713,0.037,0.037,0.074,0.111,2649.0,0.034,0.061,2.0,168.0,2025/26
193004,2880.0,32.0,0.941,0.062,0.0,0.062,0.094,1948.0,0.185,0.103,2.147,189.0,2025/26
193082,2524.0,29.0,0.825,0.285,0.285,0.571,0.178,2646.0,0.34,0.494,1.735,171.0,2025/26
193098,2558.0,31.0,0.748,0.0,0.106,0.106,0.176,960.0,0.094,0.102,1.079,179.0,2025/26
193116,2158.0,30.0,0.631,0.209,0.209,0.417,0.209,2231.0,0.202,0.345,1.711,178.0,2025/26
193900,1012.0,29.0,0.331,0.089,0.178,0.267,0.356,2163.0,0.166,0.233,1.265,188.0,2025/26
195488,3103.0,35.0,0.907,0.0,0.0,0.0,0.116,3195.0,0.0,0.0,1.079,195.0,2025/26
195778,3060.0,34.0,1.0,0.0,0.029,0.029,0.0,3060.0,0.029,0.029,1.824,193.0,2025/26
196095,666.0,24.0,0.218,0.676,0.541,1.216,0.135,,,,0.941,181.0,2025/26
196139,609.0,19.0,0.199,0.443,0.296,0.739,0.0,,,,1.118,193.0,2025/26
196357,2019.0,28.0,0.66,0.089,0.045,0.134,0.312,2970.0,0.121,0.13,2.618,195.0,2025/26
196813,1975.0,22.0,0.645,0.0,0.0,0.0,0.046,3060.0,0.0,0.0,1.294,187.0,2025/26
197300,1208.0,29.0,0.353,0.298,0.149,0.447,0.224,,,,1.474,183.0,2025/26
197471,2216.0,29.0,0.648,0.041,0.0,0.041,0.406,173.0,0.0,0.027,0.553,188.0,2025/26
197473,1755.0,30.0,0.513,0.0,0.0,0.0,0.205,2216.0,0.081,0.027,0.895,183.0,2025/26
197747,2667.0,32.0,0.78,0.0,0.0,0.0,0.169,2673.0,0.067,0.022,1.421,185.0,2025/26
197838,2108.0,29.0,0.616,0.299,0.128,0.427,0.213,2839.0,0.412,0.422,0.895,179.0,2025/26
197929,2430.0,27.0,0.711,0.0,0.0,0.0,0.037,2610.0,0.0,0.0,1.421,194.0,2025/26
198008,1853.0,31.0,0.542,0.486,0.0,0.486,0.146,501.0,0.719,0.563,1.132,186.0,2025/26
198116,2704.0,35.0,0.791,0.233,0.599,0.832,0.1,2197.0,0.533,0.732,2.289,175.0,2025/26
199248,3103.0,37.0,0.907,0.058,0.029,0.087,0.174,2047.0,0.308,0.161,1.921,186.0,2025/26
199527,1620.0,33.0,0.474,0.167,0.111,0.278,0.111,2382.0,0.756,0.437,1.289,179.0,2025/26
199733,1993.0,27.0,0.583,0.135,0.135,0.271,0.271,1740.0,0.155,0.232,1.421,180.0,2025/26
199953,975.0,31.0,0.285,0.369,0.092,0.462,0.0,543.0,0.663,0.529,1.079,182.0,2025/26
202886,1126.0,28.0,0.329,0.24,0.08,0.32,0.16,1032.0,0.0,0.213,1.842,191.0,2025/26
203043,2069.0,28.0,0.605,0.043,0.13,0.174,0.13,,,,1.132,181.0,2025/26
203123,2396.0,32.0,0.783,0.488,0.075,0.563,0.188,811.0,0.444,0.524,1.118,196.0,2025/26
203348,952.0,13.0,0.311,0.0,0.0,0.0,0.284,,,,1.794,182.0,2025/26
203460,1632.0,20.0,0.477,0.11,0.331,0.441,0.11,715.0,0.252,0.378,1.289,180.0,2025/26
203746,1731.0,26.0,0.566,0.104,0.104,0.208,0.208,1129.0,0.319,0.245,2.059,172.0,2025/26
203938,1242.0,15.0,0.406,0.0,0.072,0.072,0.217,629.0,0.0,0.048,1.059,188.0,2025/26
205562,1259.0,27.0,0.368,0.214,0.071,0.286,0.286,80.0,0.0,0.191,1.079,171.0,2025/26
205938,1931.0,33.0,0.565,0.14,0.186,0.326,0.14,1970.0,0.32,0.324,1.553,188.0,2025/26
206040,2199.0,36.0,0.643,0.368,0.123,0.491,0.205,2507.0,0.538,0.507,1.368,188.0,2025/26
206050,1356.0,22.0,0.396,0.133,0.465,0.597,0.0,1421.0,0.57,0.588,1.921,177.0,2025/26
206746,1795.0,22.0,0.525,0.05,0.0,0.05,0.1,1779.0,0.101,0.067,1.368,180.0,2025/26
207014,1568.0,31.0,0.458,0.0,0.0,0.0,0.402,2120.0,0.17,0.057,1.184,185.0,2025/26
207877,2251.0,34.0,0.658,0.24,0.12,0.36,0.4,383.0,0.47,0.397,1.079,181.0,2025/26
207917,1234.0,19.0,0.361,0.146,0.146,0.292,0.292,1736.0,0.0,0.194,1.868,171.0,2025/26
210178,809.0,11.0,0.237,0.0,0.0,0.0,0.334,2726.0,0.0,0.0,1.105,193.0,2025/26
211474,1165.0,22.0,0.381,0.232,0.0,0.232,0.155,1397.0,0.451,0.305,0.941,177.0,2025/26
212723,2195.0,33.0,0.642,0.205,0.164,0.369,0.246,2070.0,0.13,0.289,1.132,183.0,2025/26
212862,3330.0,37.0,0.974,0.0,0.0,0.0,0.027,3240.0,0.0,0.0,1.211,192.0,2025/26
213260,2247.0,35.0,0.657,0.08,0.2,0.28,0.24,2433.0,0.37,0.31,1.105,172.0,2025/26
213670,2307.0,34.0,0.675,0.0,0.039,0.039,0.234,2963.0,0.091,0.056,1.105,190.0,2025/26
214532,649.0,16.0,0.212,0.0,0.139,0.139,0.277,475.0,0.0,0.092,1.059,181.0,2025/26
215977,2691.0,32.0,0.879,0.1,0.334,0.435,0.368,2625.0,0.343,0.404,2.059,175.0,2025/26
216569,1322.0,29.0,0.387,0.408,0.204,0.613,0.068,1057.0,0.17,0.465,1.816,172.0,2025/26
216870,2272.0,29.0,0.664,0.0,0.0,0.0,0.158,120.0,0.0,0.0,0.763,180.0,2025/26
217115,872.0,13.0,0.255,0.206,0.103,0.31,0.206,1043.0,0.69,0.437,1.132,171.0,2025/26
217144,3166.0,36.0,0.926,0.057,0.057,0.114,0.284,,,,1.132,172.0,2025/26
221150,2585.0,34.0,0.756,0.0,0.0,0.0,0.348,2553.0,0.0,0.0,1.342,178.0,2025/26
221316,479.0,12.0,0.157,0.188,0.376,0.564,0.376,2193.0,0.246,0.458,1.735,173.0,2025/26
221322,2462.0,32.0,0.72,0.037,0.073,0.11,0.219,1810.0,0.05,0.09,1.289,172.0,2025/26
221958,561.0,11.0,0.183,0.642,0.16,0.802,0.16,379.0,0.475,0.693,1.765,191.0,2025/26
222855,3153.0,36.0,0.922,0.029,0.0,0.029,0.171,3190.0,0.085,0.047,1.316,182.0,2025/26
223967,1997.0,29.0,0.653,0.135,0.406,0.541,0.406,1697.0,0.265,0.449,2.618,180.0,2025/26
223974,1779.0,30.0,0.581,0.051,0.0,0.051,0.253,1097.0,0.0,0.034,1.176,188.0,2025/26
223979,1837.0,26.0,0.6,0.147,0.049,0.196,0.294,181.0,0.0,0.131,1.912,174.0,2025/26
225122,1832.0,32.0,0.536,0.393,0.197,0.59,0.147,987.0,0.547,0.575,1.211,179.0,2025/26
225593,1988.0,33.0,0.581,0.317,0.045,0.362,0.272,443.0,0.609,0.445,1.211,180.0,2025/26
225657,1301.0,20.0,0.425,0.069,0.0,0.069,0.138,2771.0,0.032,0.057,1.382,189.0,2025/26
226012,3420.0,38.0,1.0,0.0,0.0,0.0,0.053,3420.0,0.0,0.0,1.342,192.0,2025/26
226025,765.0,18.0,0.224,0.235,0.235,0.471,0.353,330.0,0.545,0.496,1.132,184.0,2025/26
226524,1374.0,24.0,0.402,0.197,0.066,0.262,0.262,1903.0,0.047,0.19,1.079,188.0,2025/26
227084,1437.0,21.0,0.47,0.0,0.0,0.0,0.376,2677.0,0.0,0.0,0.765,187.0,2025/26
227110,1965.0,24.0,0.642,0.0,0.0,0.0,0.137,1855.0,0.049,0.016,1.118,191.0,2025/26
228948,2358.0,28.0,0.771,0.0,0.0,0.0,0.229,2384.0,0.151,0.05,1.588,186.0,2025/26
229006,1988.0,28.0,0.65,0.091,0.272,0.362,0.0,1455.0,0.804,0.509,1.118,180.0,2025/26
229604,2610.0,29.0,0.853,0.0,0.0,0.0,0.069,3060.0,0.0,0.0,1.735,189.0,2025/26
229804,718.0,16.0,0.21,0.0,0.125,0.125,0.0,1456.0,0.0,0.084,1.211,180.0,2025/26
230784,923.0,25.0,0.27,0.0,0.0,0.0,0.098,2800.0,0.193,0.064,1.895,185.0,2025/26
232271,1028.0,17.0,0.336,0.088,0.35,0.438,0.175,659.0,0.41,0.428,1.029,175.0,2025/26
232320,1891.0,28.0,0.618,0.0,0.048,0.048,0.238,2626.0,0.206,0.1,1.824,191.0,2025/26
232454,2092.0,26.0,0.684,0.516,0.129,0.645,0.258,2484.0,0.435,0.575,1.176,180.0,2025/26
234029,1746.0,33.0,0.571,0.361,0.103,0.464,0.258,175.0,0.0,0.309,1.794,184.0,2025/26
234523,940.0,25.0,0.275,0.096,0.096,0.191,0.191,1319.0,0.205,0.196,0.895,180.0,2025/26
234803,1172.0,24.0,0.343,0.077,0.0,0.077,0.0,2492.0,0.036,0.063,1.579,178.0,2025/26
235931,1435.0,20.0,0.42,0.0,0.125,0.125,0.188,1429.0,0.189,0.147,1.132,190.0,2025/26
236490,1590.0,18.0,0.465,0.0,0.0,0.0,0.17,3002.0,0.09,0.03,1.158,184.0,2025/26
236966,1295.0,19.0,0.423,0.069,0.069,0.139,0.347,363.0,0.0,0.093,0.765,185.0,2025/26
236981,671.0,8.0,0.533,0.0,0.0,0.0,0.0,,,,1.143,190.0,2025/26
237658,2900.0,35.0,0.848,0.031,0.062,0.093,0.248,723.0,0.0,0.062,0.474,183.0,2025/26
237662,1873.0,31.0,0.612,0.384,0.144,0.529,0.096,1844.0,0.537,0.531,1.735,184.0,2025/26
238266,2150.0,27.0,0.629,0.042,0.0,0.042,0.251,1585.0,0.057,0.047,1.211,193.0,2025/26
238407,1981.0,35.0,0.579,0.591,0.0,0.591,0.182,1561.0,1.268,0.817,1.816,196.0,2025/26
238537,3420.0,38.0,1.0,0.0,0.0,0.0,0.053,3420.0,0.0,0.0,1.0,195.0,2025/26
238626,2325.0,28.0,0.76,0.039,0.0,0.039,0.271,,,,1.324,170.0,2025/26
238993,630.0,7.0,0.184,0.0,0.0,0.0,0.0,1260.0,0.0,0.0,0.474,193.0,2025/26
239647,1068.0,27.0,0.349,0.421,0.0,0.421,0.084,,,,1.324,179.0,2025/26
239743,1217.0,19.0,0.398,0.074,0.148,0.222,0.37,2173.0,0.29,0.245,1.735,175.0,2025/26
239802,2783.0,33.0,0.814,0.032,0.065,0.097,0.032,2333.0,0.193,0.129,1.421,185.0,2025/26
239962,1175.0,17.0,0.384,0.077,0.0,0.077,0.153,2756.0,0.065,0.073,0.853,189.0,2025/26
240306,3068.0,35.0,0.897,0.264,0.616,0.88,0.147,3023.0,0.566,0.775,1.868,183.0,2025/26
240414,980.0,11.0,0.287,0.0,0.092,0.092,0.092,3006.0,0.0,0.061,2.0,190.0,2025/26
240692,1969.0,25.0,0.576,0.0,0.091,0.091,0.32,935.0,0.0,0.061,1.421,180.0,2025/26
240897,1519.0,26.0,0.444,0.0,0.059,0.059,0.474,,,,0.474,186.0,2025/26
241527,2524.0,35.0,0.738,0.357,0.071,0.428,0.143,,,,0.895,185.0,2025/26
241641,2888.0,38.0,0.844,0.062,0.125,0.187,0.28,2668.0,0.27,0.215,2.053,173.0,2025/26
241923,3150.0,35.0,0.921,0.0,0.029,0.029,0.0,3240.0,0.0,0.019,0.553,191.0,2025/26
242086,1996.0,28.0,0.652,0.721,0.135,0.857,0.09,1686.0,1.174,0.963,1.735,191.0,2025/26
242359,720.0,8.0,0.211,0.0,0.0,0.0,0.25,270.0,0.0,0.0,1.816,193.0,2025/26
242606,1520.0,18.0,0.582,0.118,0.118,0.237,0.118,,,,0.655,175.0,2025/26
242631,2436.0,29.0,0.712,0.148,0.111,0.259,0.111,2998.0,0.45,0.323,1.368,183.0,2025/26
242661,1110.0,17.0,0.363,0.081,0.324,0.405,0.162,2324.0,0.155,0.322,0.765,177.0,2025/26
243879,693.0,24.0,0.203,0.13,0.0,0.13,0.26,,,,1.211,187.0,2025/26
245056,1734.0,26.0,0.507,0.052,0.156,0.208,0.467,2360.0,0.076,0.164,1.368,182.0,2025/26
245537,1278.0,26.0,0.418,0.141,0.141,0.282,0.211,324.0,0.278,0.28,1.794,189.0,2025/26
245744,659.0,20.0,0.193,0.137,0.0,0.137,0.273,1059.0,0.255,0.176,1.105,173.0,2025/26
246291,1227.0,18.0,0.359,0.073,0.0,0.073,0.367,2521.0,0.071,0.073,1.579,186.0,2025/26
246968,1122.0,25.0,0.328,0.401,0.321,0.722,0.321,1976.0,0.956,0.8,1.895,178.0,2025/26
248454,3060.0,34.0,1.0,0.0,0.0,0.0,0.0,2970.0,0.0,0.0,0.765,193.0,2025/26
248738,3285.0,37.0,0.961,0.0,0.0,0.0,0.082,3330.0,0.0,0.0,1.105,192.0,2025/26
248999,2044.0,33.0,0.668,0.132,0.132,0.264,0.176,1869.0,0.433,0.321,1.382,184.0,2025/26
249089,872.0,18.0,0.255,0.0,0.103,0.103,0.103,2978.0,0.121,0.109,1.5,175.0,2025/26
249513,1754.0,28.0,0.513,0.0,0.0,0.0,0.154,2820.0,0.096,0.032,1.342,183.0,2025/26
249565,1863.0,25.0,0.545,0.0,0.193,0.193,0.0,3032.0,0.297,0.228,1.711,176.0,2025/26
249636,2400.0,29.0,0.784,0.038,0.038,0.075,0.038,2770.0,0.097,0.082,1.029,191.0,2025/26
249730,2145.0,27.0,0.627,0.084,0.0,0.084,0.168,2341.0,0.077,0.082,1.184,193.0,2025/26
249994,2070.0,23.0,0.605,0.0,0.0,0.0,0.087,2610.0,0.0,0.0,0.526,192.0,2025/26
250426,1147.0,14.0,0.335,0.157,0.157,0.314,0.235,1254.0,0.287,0.305,0.526,173.0,2025/26
250779,2547.0,29.0,0.832,0.035,0.141,0.177,0.212,2417.0,0.037,0.13,1.147,181.0,2025/26
250845,1177.0,16.0,0.344,0.0,0.076,0.076,0.229,1994.0,0.045,0.066,1.816,186.0,2025/26
251075,2731.0,34.0,0.799,0.033,0.066,0.099,0.066,2262.0,0.08,0.092,1.921,180.0,2025/26
251299,3060.0,34.0,1.0,0.0,0.0,0.0,0.029,1710.0,0.0,0.0,1.265,186.0,2025/26
251302,2269.0,32.0,0.742,0.0,0.04,0.04,0.079,1378.0,0.261,0.114,0.765,178.0,2025/26
251322,1619.0,19.0,0.529,0.0,0.0,0.0,0.056,1710.0,0.0,0.0,1.588,190.0,2025/26
251876,2672.0,31.0,0.781,0.034,0.067,0.101,0.337,2375.0,0.076,0.093,1.105,172.0,2025/26
251878,2161.0,33.0,0.632,0.042,0.208,0.25,0.083,3088.0,0.233,0.244,1.079,178.0,2025/26
253677,1323.0,17.0,0.387,0.0,0.068,0.068,0.068,1121.0,0.0,0.045,1.711,196.0,2025/26
255488,514.0,7.0,0.15,0.0,0.0,0.0,0.0,1781.0,0.051,0.017,1.184,182.0,2025/26
255495,958.0,12.0,0.28,0.094,0.0,0.094,0.188,,,,1.105,185.0,2025/26
255501,600.0,11.0,0.175,0.0,0.0,0.0,0.3,768.0,0.0,0.0,1.184,180.0,2025/26
255508,2168.0,30.0,0.634,0.125,0.249,0.374,0.083,2653.0,0.475,0.407,1.184,186.0,2025/26
255942,2533.0,34.0,0.741,0.107,0.32,0.426,0.249,2498.0,0.324,0.392,2.289,175.0,2025/26
256178,600.0,21.0,0.175,0.0,0.3,0.3,0.6,519.0,0.0,0.2,1.579,188.0,2025/26
256267,3137.0,37.0,0.917,0.66,0.029,0.689,0.115,2067.0,0.392,0.59,1.105,194.0,2025/26
256339,3060.0,34.0,0.895,0.0,0.0,0.0,0.0,720.0,0.0,0.0,0.895,192.0,2025/26
256448,3066.0,36.0,0.896,0.117,0.059,0.176,0.264,3144.0,0.086,0.146,1.921,190.0,2025/26
257062,2108.0,32.0,0.616,0.171,0.256,0.427,0.128,2565.0,0.316,0.39,1.316,167.0,2025/26
257376,2929.0,34.0,0.856,0.031,0.031,0.061,0.369,1861.0,0.048,0.057,1.342,192.0,2025/26
257455,2198.0,33.0,0.643,0.205,0.082,0.287,0.328,667.0,0.0,0.191,1.079,190.0,2025/26
257474,2430.0,27.0,0.711,0.0,0.037,0.037,0.0,3330.0,0.0,0.025,2.0,202.0,2025/26
257732,1800.0,21.0,0.526,0.1,0.05,0.15,0.15,3407.0,0.106,0.135,2.0,192.0,2025/26
257814,3060.0,34.0,1.0,0.0,0.0,0.0,0.088,2880.0,0.0,0.0,2.147,196.0,2025/26
258004,2140.0,26.0,0.626,0.084,0.0,0.084,0.126,2269.0,0.0,0.056,2.053,187.0,2025/26
258364,786.0,18.0,0.257,0.0,0.0,0.0,0.344,2852.0,0.063,0.021,1.794,174.0,2025/26
258827,1952.0,32.0,0.571,0.046,0.277,0.323,0.138,,,,0.895,177.0,2025/26
258878,789.0,16.0,0.231,0.0,0.0,0.0,0.228,1405.0,0.128,0.043,1.368,197.0,2025/26
258889,1001.0,15.0,0.293,0.27,0.0,0.27,0.09,2206.0,0.49,0.343,1.079,186.0,2025/26
258919,3330.0,37.0,0.974,0.0,0.0,0.0,0.135,3420.0,0.0,0.0,1.184,188.0,2025/26
258923,1762.0,32.0,0.515,0.409,0.46,0.868,0.153,1426.0,0.631,0.789,2.474,185.0,2025/26
258987,1492.0,19.0,0.436,0.0,0.0,0.0,0.06,2271.0,0.04,0.013,1.421,185.0,2025/26
260827,2877.0,33.0,0.841,0.0,0.031,0.031,0.219,2674.0,0.0,0.021,1.368,192.0,2025/26
261503,547.0,9.0,0.16,0.165,0.0,0.165,0.0,,,,1.579,175.0,2025/26
261504,2676.0,33.0,0.875,0.101,0.303,0.404,0.202,1452.0,0.434,0.414,1.735,173.0,2025/26
261905,1109.0,20.0,0.411,0.162,0.0,0.162,0.243,1379.0,0.261,0.195,0.6,184.0,2025/26
262226,1842.0,30.0,0.539,0.0,0.0,0.0,0.195,1643.0,0.055,0.018,1.368,185.0,2025/26
262396,3330.0,37.0,0.974,0.0,0.0,0.0,0.027,1890.0,0.0,0.0,1.184,190.0,2025/26
262749,3330.0,37.0,0.974,0.0,0.0,0.0,0.027,3420.0,0.0,0.0,2.237,186.0,2025/26
262939,2726.0,35.0,0.797,0.0,0.132,0.132,0.198,2753.0,0.098,0.121,1.105,184.0,2025/26
262980,1724.0,31.0,0.504,0.0,0.209,0.209,0.365,2277.0,0.04,0.152,1.184,180.0,2025/26
263236,1491.0,24.0,0.436,0.0,0.0,0.0,0.483,1923.0,0.0,0.0,1.079,190.0,2025/26
263918,1661.0,25.0,0.543,0.271,0.271,0.542,0.108,1153.0,0.234,0.439,1.588,178.0,2025/26
264372,2642.0,32.0,0.773,0.204,0.17,0.375,0.102,1921.0,0.328,0.359,1.079,178.0,2025/26
264960,2809.0,34.0,0.918,0.096,0.064,0.16,0.064,,,,1.265,182.0,2025/26
265088,3005.0,36.0,0.879,0.03,0.06,0.09,0.27,2833.0,0.127,0.102,1.816,185.0,2025/26
267160,911.0,25.0,0.266,0.296,0.0,0.296,0.296,998.0,0.631,0.408,1.316,191.0,2025/26
268327,692.0,13.0,0.226,0.0,0.0,0.0,0.0,917.0,0.393,0.131,0.765,180.0,2025/26
268429,519.0,14.0,0.152,0.0,0.173,0.173,0.347,2328.0,0.232,0.193,0.553,180.0,2025/26
268670,1172.0,28.0,0.343,0.0,0.23,0.23,0.307,843.0,0.107,0.189,1.316,188.0,2025/26
270171,1437.0,25.0,0.42,0.063,0.251,0.313,0.501,2267.0,0.159,0.262,1.395,184.0,2025/26
270541,2351.0,33.0,0.768,0.651,0.077,0.727,0.115,2602.0,0.865,0.773,2.147,187.0,2025/26
272278,1706.0,33.0,0.558,0.369,0.422,0.791,0.106,1987.0,0.272,0.618,1.824,181.0,2025/26
272622,814.0,13.0,0.238,0.111,0.0,0.111,0.221,1335.0,0.0,0.074,1.368,194.0,2025/26
272812,1810.0,32.0,0.529,0.099,0.0,0.099,0.249,2510.0,0.036,0.078,1.316,189.0,2025/26
273132,1893.0,26.0,0.554,0.143,0.048,0.19,0.095,2617.0,0.344,0.241,1.105,183.0,2025/26
273669,860.0,24.0,0.281,0.105,0.105,0.209,0.105,1597.0,0.282,0.233,0.765,186.0,2025/26
274862,2021.0,29.0,0.66,0.134,0.134,0.267,0.045,2625.0,0.617,0.384,1.294,168.0,2025/26
275218,3060.0,34.0,0.895,0.0,0.0,0.0,0.147,2880.0,0.0,0.0,1.316,185.0,2025/26
275303,762.0,16.0,0.249,0.0,0.0,0.0,0.0,1680.0,0.0,0.0,1.765,187.0,2025/26
276111,2064.0,25.0,0.604,0.044,0.0,0.044,0.131,,,,0.763,184.0,2025/26
277033,1199.0,31.0,0.351,0.075,0.225,0.3,0.525,948.0,0.19,0.263,1.5,173.0,2025/26
277384,3309.0,37.0,0.968,0.0,0.0,0.0,0.163,2765.0,0.098,0.033,1.105,187.0,2025/26
277533,554.0,19.0,0.162,0.0,0.487,0.487,0.325,,,,1.132,176.0,2025/26
278296,2070.0,24.0,0.605,0.0,0.043,0.043,0.174,3209.0,0.056,0.048,1.105,187.0,2025/26
278332,935.0,17.0,0.306,0.0,0.096,0.096,0.0,368.0,0.245,0.146,1.118,185.0,2025/26
278359,1902.0,35.0,0.556,0.662,0.095,0.757,0.331,1964.0,0.642,0.719,1.421,187.0,2025/26
278531,3017.0,34.0,0.882,0.03,0.03,0.06,0.119,3240.0,0.111,0.077,1.132,191.0,2025/26
278837,2636.0,37.0,0.771,0.102,0.205,0.307,0.034,2868.0,0.251,0.289,1.289,176.0,2025/26
279455,2694.0,36.0,0.788,0.334,0.234,0.568,0.234,1159.0,0.621,0.586,1.368,173.0,2025/26
279823,2316.0,37.0,0.677,0.272,0.039,0.311,0.078,,,,0.474,191.0,2025/26
280575,1109.0,26.0,0.362,0.162,0.0,0.162,0.243,1792.0,0.1,0.142,1.265,182.0,2025/26
281769,2096.0,27.0,0.613,0.129,0.086,0.215,0.386,538.0,0.0,0.143,1.921,184.0,2025/26
281963,1746.0,25.0,0.571,0.0,0.155,0.155,0.206,875.0,0.0,0.103,2.235,184.0,2025/26
281989,3277.0,37.0,0.958,0.027,0.275,0.302,0.11,2878.0,0.156,0.254,1.342,175.0,2025/26
282028,450.0,5.0,0.147,0.0,0.0,0.0,0.0,90.0,0.0,0.0,1.765,196.0,2025/26
282144,2918.0,35.0,0.853,0.0,0.0,0.0,0.37,1368.0,0.0,0.0,1.105,193.0,2025/26
282388,2247.0,32.0,0.657,0.441,0.08,0.521,0.04,393.0,0.458,0.5,1.184,180.0,2025/26
282411,2184.0,29.0,0.639,0.0,0.165,0.165,0.206,2513.0,0.215,0.182,1.816,183.0,2025/26
282421,545.0,17.0,0.159,0.0,0.0,0.0,0.0,2589.0,0.139,0.046,1.342,177.0,2025/26
282660,2189.0,32.0,0.715,0.247,0.164,0.411,0.164,2476.0,0.327,0.383,1.824,180.0,2025/26
282939,564.0,12.0,0.165,0.0,0.16,0.16,0.16,,,,1.421,174.0,2025/26
283170,1440.0,16.0,0.571,0.0,0.0,0.0,0.0,1395.0,0.0,0.0,0.929,184.0,2025/26
283227,2568.0,32.0,0.839,0.035,0.0,0.035,0.105,624.0,0.144,0.071,1.324,191.0,2025/26
283497,1249.0,27.0,0.408,0.144,0.072,0.216,0.072,1176.0,0.459,0.297,0.765,188.0,2025/26
283628,2199.0,35.0,0.643,0.205,0.0,0.205,0.123,2571.0,0.385,0.265,1.026,192.0,2025/26
283735,2114.0,26.0,0.618,0.128,0.043,0.17,0.255,2707.0,0.465,0.269,1.421,177.0,2025/26
283994,2824.0,32.0,0.923,0.255,0.319,0.574,0.287,2506.0,0.575,0.574,1.147,196.0,2025/26
284270,3060.0,34.0,1.0,0.0,0.0,0.0,0.029,1640.0,0.0,0.0,1.118,193.0,2025/26
284430,3240.0,36.0,0.947,0.0,0.028,0.028,0.083,,,,0.763,186.0,2025/26
284730,2820.0,33.0,0.825,0.064,0.0,0.064,0.128,2014.0,0.0,0.043,2.289,188.0,2025/26
284732,1528.0,21.0,0.499,0.295,0.118,0.412,0.353,2023.0,0.311,0.379,2.147,187.0,2025/26
284854,1997.0,34.0,0.584,0.0,0.18,0.18,0.225,1549.0,0.116,0.159,1.132,180.0,2025/26
284857,2710.0,34.0,0.792,0.033,0.133,0.166,0.266,2992.0,0.211,0.181,1.368,173.0,2025/26
285323,743.0,19.0,0.295,0.121,0.121,0.242,0.242,1411.0,0.128,0.204,1.143,183.0,2025/26
285845,2486.0,30.0,0.812,0.036,0.145,0.181,0.181,1976.0,0.228,0.197,1.765,180.0,2025/26
286047,2790.0,31.0,0.816,0.0,0.0,0.0,0.032,2160.0,0.0,0.0,1.079,194.0,2025/26
286297,1476.0,24.0,0.432,0.244,0.122,0.366,0.122,1633.0,0.22,0.317,1.921,186.0,2025/26
286384,1236.0,15.0,0.361,0.073,0.0,0.073,0.218,618.0,0.0,0.049,0.763,187.0,2025/26
286415,810.0,9.0,0.237,0.0,0.0,0.0,0.111,45.0,0.0,0.0,1.579,189.0,2025/26
287579,1296.0,17.0,0.379,0.0,0.0,0.0,0.278,1971.0,0.228,0.076,1.579,185.0,2025/26
287920,607.0,22.0,0.198,0.148,0.148,0.297,0.0,1155.0,0.156,0.25,1.147,181.0,2025/26
288225,1542.0,32.0,0.504,0.292,0.233,0.525,0.058,2302.0,0.586,0.546,1.735,180.0,2025/26
288230,1063.0,22.0,0.347,0.847,0.593,1.439,0.0,1736.0,1.503,1.461,2.235,179.0,2025/26
288340,1809.0,29.0,0.591,0.299,0.199,0.498,0.199,1685.0,0.481,0.492,1.176,190.0,2025/26
289255,1358.0,24.0,0.397,0.0,0.066,0.066,0.199,1490.0,0.121,0.084,1.184,174.0,2025/26
289257,1240.0,28.0,0.363,0.0,0.0,0.0,0.073,2097.0,0.172,0.057,1.132,179.0,2025/26
289446,2153.0,26.0,0.63,0.084,0.0,0.084,0.125,2576.0,0.035,0.067,1.132,195.0,2025/26
289835,2468.0,29.0,0.807,0.365,0.073,0.438,0.182,2210.0,0.611,0.495,0.941,187.0,2025/26
290017,1869.0,26.0,0.546,0.0,0.096,0.096,0.241,2007.0,0.224,0.139,1.316,170.0,2025/26
290249,3255.0,37.0,0.952,0.166,0.055,0.221,0.166,2664.0,0.338,0.26,1.342,175.0,2025/26
290537,3420.0,38.0,1.0,0.0,0.026,0.026,0.079,1665.0,0.0,0.018,1.868,189.0,2025/26
290587,1442.0,25.0,0.471,0.0,0.0,0.0,0.062,2234.0,0.121,0.04,1.294,185.0,2025/26
290862,1960.0,26.0,0.641,0.0,0.138,0.138,0.413,,,,1.294,167.0,2025/26
291200,2758.0,32.0,0.901,0.0,0.065,0.065,0.098,2725.0,0.0,0.044,1.765,190.0,2025/26
291222,1138.0,20.0,0.372,0.237,0.0,0.237,0.0,,,,1.118,170.0,2025/26
292246,1455.0,26.0,0.425,0.124,0.124,0.247,0.309,649.0,0.277,0.257,0.526,177.0,2025/26
292534,2314.0,27.0,0.756,0.078,0.078,0.156,0.156,2828.0,0.064,0.125,0.765,192.0,2025/26
292808,1141.0,14.0,0.373,0.0,0.0,0.0,0.237,2812.0,0.032,0.011,1.588,187.0,2025/26
293200,3055.0,37.0,0.893,0.236,0.088,0.324,0.206,2122.0,0.382,0.343,1.184,179.0,2025/26
293281,1023.0,28.0,0.299,0.0,0.088,0.088,0.0,800.0,0.675,0.284,0.579,183.0,2025/26
293385,2077.0,33.0,0.607,0.303,0.347,0.65,0.043,1216.0,1.036,0.779,2.474,179.0,2025/26
293388,1319.0,20.0,0.386,0.0,0.068,0.068,0.205,,,,1.105,177.0,2025/26
295313,481.0,17.0,0.141,0.748,0.374,1.123,0.374,399.0,0.226,0.824,1.158,183.0,2025/26
295630,1902.0,27.0,0.622,0.095,0.237,0.331,0.379,2656.0,0.169,0.277,1.265,178.0,2025/26
296422,843.0,13.0,0.275,0.0,0.0,0.0,0.214,595.0,0.0,0.0,0.5,182.0,2025/26
297070,1154.0,18.0,0.377,0.0,0.078,0.078,0.312,706.0,0.127,0.094,1.294,175.0,2025/26
297212,2954.0,35.0,0.864,0.061,0.0,0.061,0.091,,,,1.237,193.0,2025/26
297583,1193.0,28.0,0.39,0.302,0.075,0.377,0.0,1271.0,0.354,0.369,1.147,179.0,2025/26
298197,3420.0,38.0,1.0,0.0,0.0,0.0,0.079,2812.0,0.0,0.0,1.132,185.0,2025/26
298583,1339.0,17.0,0.392,0.134,0.067,0.202,0.202,1783.0,0.0,0.134,1.289,183.0,2025/26
298603,2437.0,29.0,0.796,0.0,0.148,0.148,0.259,,,,1.118,182.0,2025/26
298976,1059.0,16.0,0.31,0.34,0.085,0.425,0.0,1105.0,0.489,0.446,1.342,182.0,2025/26
300532,452.0,13.0,0.132,0.0,0.199,0.199,0.0,1106.0,0.163,0.187,1.184,183.0,2025/26
301238,2655.0,30.0,0.776,0.0,0.0,0.0,0.034,2970.0,0.0,0.0,1.816,187.0,2025/26
302371,2730.0,37.0,0.798,0.462,0.099,0.56,0.066,1007.0,0.357,0.493,1.132,187.0,2025/26
303219,2296.0,27.0,0.75,0.0,0.0,0.0,0.118,2274.0,0.158,0.053,1.824,195.0,2025/26
303254,2563.0,33.0,0.749,0.0,0.07,0.07,0.211,1594.0,0.056,0.066,1.842,185.0,2025/26
303657,3420.0,38.0,1.0,0.0,0.0,0.0,0.053,1350.0,0.0,0.0,1.421,188.0,2025/26
305947,2262.0,33.0,0.661,0.199,0.159,0.358,0.159,1279.0,0.563,0.426,1.105,177.0,2025/26
306024,2730.0,35.0,0.798,0.462,0.033,0.495,0.099,1613.0,0.279,0.423,1.237,189.0,2025/26
307183,619.0,15.0,0.202,0.291,0.145,0.436,0.145,874.0,0.206,0.359,0.765,178.0,2025/26
308279,2438.0,34.0,0.713,0.258,0.148,0.406,0.258,1936.0,0.325,0.379,1.105,183.0,2025/26
309110,1671.0,29.0,0.489,0.323,0.108,0.431,0.215,1540.0,0.292,0.385,1.211,187.0,2025/26
309400,583.0,12.0,0.17,0.309,0.463,0.772,0.154,1875.0,0.576,0.707,2.237,193.0,2025/26
311044,1481.0,30.0,0.433,0.122,0.0,0.122,0.182,833.0,0.108,0.117,1.316,172.0,2025/26
314241,1759.0,33.0,0.514,0.051,0.0,0.051,0.358,,,,0.579,188.0,2025/26
314288,1073.0,31.0,0.314,0.503,0.084,0.587,0.0,455.0,0.593,0.589,1.237,185.0,2025/26
314353,1164.0,21.0,0.34,0.0,0.309,0.309,0.309,2377.0,0.379,0.332,2.263,180.0,2025/26
314367,1065.0,23.0,0.311,0.085,0.254,0.338,0.0,106.0,0.849,0.508,0.579,168.0,2025/26
314398,2201.0,28.0,0.719,0.164,0.082,0.245,0.164,2666.0,0.506,0.332,1.176,180.0,2025/26
314678,1252.0,30.0,0.366,0.072,0.575,0.647,0.144,1382.0,0.391,0.562,2.263,170.0,2025/26
314875,3409.0,38.0,0.997,0.238,0.29,0.528,0.106,2980.0,0.695,0.584,1.026,176.0,2025/26
315121,1395.0,16.0,0.408,0.0,0.0,0.0,0.065,360.0,0.0,0.0,1.079,188.0,2025/26
315253,450.0,5.0,0.147,0.0,0.0,0.0,0.0,,,,1.735,190.0,2025/26
315779,1612.0,30.0,0.471,0.447,0.223,0.67,0.0,2492.0,0.795,0.711,1.842,177.0,2025/26
315853,2249.0,28.0,0.658,0.04,0.16,0.2,0.24,2421.0,0.223,0.208,2.289,190.0,2025/26
315858,3060.0,34.0,0.895,0.0,0.0,0.0,0.206,2092.0,0.0,0.0,2.053,196.0,2025/26
315865,2575.0,36.0,0.753,0.315,0.14,0.454,0.07,2860.0,0.346,0.418,1.289,185.0,2025/26
315867,1319.0,24.0,0.386,0.682,0.068,0.751,0.136,5.0,0.0,0.5,1.553,195.0,2025/26
315969,2793.0,33.0,0.817,0.322,0.097,0.419,0.032,2958.0,0.548,0.462,2.0,193.0,2025/26
316125,1602.0,20.0,0.524,0.0,0.112,0.112,0.225,254.0,0.354,0.193,1.559,180.0,2025/26
316264,1371.0,24.0,0.401,0.066,0.46,0.525,0.0,2332.0,0.425,0.492,2.237,178.0,2025/26
316884,2610.0,29.0,0.853,0.0,0.034,0.034,0.034,2790.0,0.0,0.023,1.765,197.0,2025/26
316934,1798.0,30.0,0.526,0.1,0.0,0.1,0.05,1213.0,0.148,0.116,1.474,183.0,2025/26
317057,2250.0,25.0,0.658,0.0,0.0,0.0,0.0,,,,0.474,194.0,2025/26
318204,2556.0,30.0,0.835,0.106,0.246,0.352,0.211,1788.0,0.302,0.335,1.912,181.0,2025/26
318470,1350.0,15.0,0.441,0.0,0.0,0.0,0.0,878.0,0.0,0.0,2.235,192.0,2025/26
318508,800.0,12.0,0.234,0.0,0.112,0.112,0.225,2574.0,0.245,0.157,1.395,181.0,2025/26
318523,2250.0,30.0,0.735,0.12,0.2,0.32,0.16,1999.0,0.18,0.273,1.794,173.0,2025/26
318528,1913.0,29.0,0.559,0.612,0.282,0.894,0.094,2299.0,0.822,0.87,2.289,192.0,2025/26
319301,553.0,19.0,0.162,0.0,0.0,0.0,0.0,,,,1.237,171.0,2025/26
319745,482.0,16.0,0.141,0.0,0.0,0.0,0.187,1218.0,0.0,0.0,2.263,179.0,2025/26
319859,2252.0,36.0,0.658,0.12,0.04,0.16,0.12,852.0,0.211,0.177,1.395,180.0,2025/26
320271,585.0,12.0,0.171,0.0,0.154,0.154,0.462,618.0,0.0,0.103,1.105,171.0,2025/26
320748,777.0,16.0,0.254,0.116,0.347,0.463,0.232,2303.0,0.313,0.413,1.735,174.0,2025/26
321247,1760.0,36.0,0.515,0.307,0.102,0.409,0.307,341.0,0.528,0.449,1.711,172.0,2025/26
321528,1328.0,20.0,0.388,0.203,0.068,0.271,0.136,1951.0,0.461,0.334,2.289,188.0,2025/26
322305,1815.0,31.0,0.593,0.198,0.099,0.298,0.099,,,,1.324,177.0,2025/26
322517,1080.0,16.0,0.353,0.0,0.0,0.0,0.417,,,,0.941,188.0,2025/26
323167,2531.0,30.0,0.74,0.0,0.0,0.0,0.142,2154.0,0.084,0.028,1.842,185.0,2025/26
324278,2793.0,33.0,0.913,0.419,0.29,0.709,0.322,1609.0,0.168,0.529,1.912,180.0,2025/26
324358,2854.0,37.0,0.835,0.505,0.095,0.599,0.126,2610.0,0.828,0.675,1.711,180.0,2025/26
324377,1566.0,23.0,0.458,0.057,0.0,0.057,0.23,1514.0,0.059,0.058,0.895,179.0,2025/26
324690,1101.0,23.0,0.36,0.245,0.082,0.327,0.163,860.0,0.209,0.288,1.294,175.0,2025/26
324795,2661.0,32.0,0.87,0.101,0.068,0.169,0.169,2670.0,0.303,0.214,1.735,176.0,2025/26
324811,1041.0,23.0,0.34,0.086,0.173,0.259,0.086,1246.0,0.361,0.293,1.735,170.0,2025/26
325223,712.0,18.0,0.233,0.253,0.253,0.506,0.0,1177.0,0.382,0.465,1.147,176.0,2025/26
325443,2231.0,36.0,0.652,0.565,0.04,0.605,0.202,2804.0,1.509,0.906,2.237,189.0,2025/26
326029,2123.0,39.0,0.621,0.763,0.127,0.89,0.042,910.0,0.593,0.791,1.921,178.0,2025/26
326031,1170.0,13.0,0.867,0.077,0.0,0.077,0.0,2128.0,0.085,0.079,1.667,189.0,2025/26
326330,1631.0,25.0,0.477,0.055,0.276,0.331,0.166,1136.0,0.317,0.326,2.474,181.0,2025/26
326416,1609.0,20.0,0.47,0.0,0.0,0.0,0.112,,,,0.763,193.0,2025/26
327251,2514.0,32.0,0.822,0.072,0.107,0.179,0.143,2453.0,0.33,0.229,1.912,176.0,2025/26
328480,2234.0,31.0,0.653,0.081,0.0,0.081,0.161,1731.0,0.156,0.106,1.289,186.0,2025/26
328658,1809.0,27.0,0.529,0.0,0.05,0.05,0.199,1443.0,0.0,0.033,1.395,198.0,2025/26
328784,2835.0,32.0,0.926,0.095,0.063,0.159,0.032,2589.0,0.104,0.141,1.294,192.0,2025/26
329145,1948.0,27.0,0.57,0.046,0.0,0.046,0.37,1010.0,0.0,0.031,1.868,185.0,2025/26
330659,953.0,20.0,0.279,0.189,0.0,0.189,0.472,2356.0,0.688,0.355,1.5,173.0,2025/26
331401,933.0,23.0,0.273,0.0,0.096,0.096,0.193,1409.0,0.128,0.107,1.421,174.0,2025/26
331505,1968.0,34.0,0.575,0.046,0.183,0.229,0.183,2739.0,0.329,0.262,1.421,184.0,2025/26
332560,1186.0,19.0,0.388,0.0,0.076,0.076,0.228,1805.0,0.249,0.134,0.706,173.0,2025/26
332697,2841.0,36.0,0.831,0.158,0.19,0.348,0.158,2317.0,0.233,0.31,1.816,180.0,2025/26
332705,1779.0,25.0,0.52,0.101,0.101,0.202,0.405,1965.0,0.137,0.181,1.5,175.0,2025/26
332889,2745.0,31.0,0.897,0.066,0.164,0.23,0.197,1564.0,0.23,0.23,1.735,173.0,2025/26
333014,2911.0,35.0,0.851,0.0,0.031,0.031,0.155,2227.0,0.0,0.021,1.368,195.0,2025/26
333241,1956.0,27.0,0.572,0.092,0.046,0.138,0.46,2404.0,0.262,0.179,1.289,186.0,2025/26
333647,1340.0,22.0,0.438,0.873,0.067,0.94,0.067,2125.0,0.889,0.923,1.294,181.0,2025/26
333903,970.0,21.0,0.317,0.0,0.0,0.0,0.093,919.0,0.098,0.033,0.765,185.0,2025/26
334221,1504.0,19.0,0.492,0.0,0.0,0.0,0.239,1500.0,0.0,0.0,0.941,192.0,2025/26
334222,1959.0,29.0,0.573,0.505,0.046,0.551,0.092,,,,1.132,183.0,2025/26
334526,2034.0,24.0,0.665,0.088,0.044,0.133,0.177,2148.0,0.419,0.228,1.588,189.0,2025/26
334835,1746.0,23.0,0.511,0.103,0.155,0.258,0.0,,,,1.421,190.0,2025/26
335103,1020.0,24.0,0.333,0.176,0.088,0.265,0.0,,,,0.941,180.0,2025/26
335209,2467.0,30.0,0.806,0.182,0.0,0.182,0.219,1396.0,0.451,0.272,1.118,186.0,2025/26
335225,1775.0,32.0,0.519,0.152,0.0,0.152,0.152,1340.0,0.0,0.101,1.105,178.0,2025/26
335457,1498.0,25.0,0.49,0.721,0.24,0.961,0.3,1855.0,0.825,0.916,1.824,185.0,2025/26
335516,2281.0,32.0,0.667,0.039,0.039,0.079,0.158,,,,0.474,188.0,2025/26
335721,704.0,12.0,0.206,0.0,0.128,0.128,0.0,1198.0,0.15,0.135,2.237,186.0,2025/26
335993,2188.0,28.0,0.715,0.041,0.082,0.123,0.082,2885.0,0.094,0.113,1.382,173.0,2025/26
336012,655.0,23.0,0.192,0.137,0.137,0.275,0.0,1667.0,0.972,0.507,1.868,174.0,2025/26
336077,540.0,6.0,0.4,0.0,0.0,0.0,0.0,360.0,0.0,0.0,1.667,198.0,2025/26
336125,1593.0,30.0,0.466,0.113,0.113,0.226,0.113,1826.0,0.148,0.2,1.868,187.0,2025/26
336869,2025.0,29.0,0.592,0.044,0.044,0.089,0.044,909.0,0.396,0.191,1.579,184.0,2025/26
336960,2591.0,31.0,0.758,0.0,0.035,0.035,0.278,2888.0,0.125,0.065,0.895,187.0,2025/26
337092,1082.0,15.0,0.354,0.0,0.0,0.0,0.166,1182.0,0.0,0.0,0.765,187.0,2025/26
337715,1055.0,25.0,0.308,0.341,0.341,0.682,0.341,1049.0,0.429,0.598,1.289,191.0,2025/26
338070,638.0,18.0,0.187,0.0,0.0,0.0,0.141,833.0,0.108,0.036,1.921,179.0,2025/26
338285,2177.0,30.0,0.637,0.0,0.041,0.041,0.331,645.0,0.0,0.028,0.553,186.0,2025/26
338424,1027.0,22.0,0.3,0.351,0.263,0.613,0.088,1581.0,0.512,0.58,2.237,188.0,2025/26
338425,2164.0,31.0,0.633,0.083,0.125,0.208,0.125,2353.0,0.535,0.317,1.184,175.0,2025/26
338668,2757.0,31.0,0.901,0.0,0.033,0.033,0.131,2748.0,0.033,0.033,0.941,185.0,2025/26
338670,3420.0,38.0,1.0,0.0,0.0,0.0,0.0,3420.0,0.0,0.0,1.921,189.0,2025/26
339314,2249.0,29.0,0.735,0.76,0.24,1.0,0.2,1729.0,0.625,0.875,1.824,179.0,2025/26
339332,661.0,18.0,0.198,0.136,0.272,0.408,0.272,1904.0,0.993,0.603,1.973,176.0,2025/26
339556,1329.0,25.0,0.389,0.0,0.0,0.0,0.135,95.0,0.0,0.0,1.395,170.0,2025/26
339816,1792.0,29.0,0.524,0.05,0.1,0.151,0.151,2029.0,0.222,0.174,1.132,184.0,2025/26
340166,670.0,14.0,0.219,0.134,0.403,0.537,0.269,1030.0,0.35,0.475,0.941,175.0,2025/26
340177,1148.0,17.0,0.375,0.0,0.078,0.078,0.157,190.0,0.0,0.052,1.294,183.0,2025/26
340205,2370.0,35.0,0.693,0.38,0.114,0.494,0.152,1842.0,0.44,0.476,1.184,188.0,2025/26
340322,870.0,17.0,0.284,0.103,0.621,0.724,0.207,1363.0,0.396,0.615,1.735,173.0,2025/26
340329,980.0,24.0,0.287,0.0,0.184,0.184,0.276,1073.0,0.168,0.178,1.289,186.0,2025/26
340353,2617.0,30.0,0.765,0.0,0.0,0.0,0.034,2250.0,0.0,0.0,1.316,198.0,2025/26
340456,984.0,20.0,0.288,0.0,0.0,0.0,0.274,2849.0,0.063,0.021,1.868,183.0,2025/26
340918,3330.0,37.0,0.974,0.0,0.0,0.0,0.027,900.0,0.0,0.0,1.395,188.0,2025/26
341051,1380.0,23.0,0.404,0.065,0.0,0.065,0.13,2922.0,0.062,0.064,1.026,173.0,2025/26
341227,2573.0,32.0,0.752,0.035,0.175,0.21,0.21,2277.0,0.237,0.219,1.474,185.0,2025/26
341263,2710.0,33.0,0.792,0.1,0.033,0.133,0.166,,,,1.105,179.0,2025/26
341264,930.0,13.0,0.272,0.097,0.097,0.194,0.0,2174.0,0.083,0.157,2.263,169.0,2025/26
341278,2540.0,35.0,0.743,0.0,0.035,0.035,0.106,2043.0,0.088,0.053,1.079,178.0,2025/26
341317,1674.0,29.0,0.547,0.323,0.108,0.43,0.215,898.0,0.501,0.454,1.147,188.0,2025/26
342046,1202.0,14.0,0.351,0.075,0.0,0.075,0.075,1717.0,0.052,0.067,0.579,188.0,2025/26
342048,929.0,20.0,0.272,0.097,0.0,0.097,0.291,,,,1.132,180.0,2025/26
342229,2606.0,31.0,0.762,0.863,0.173,1.036,0.104,2917.0,1.049,1.04,2.263,180.0,2025/26
342385,1485.0,22.0,0.434,0.242,0.0,0.242,0.303,1155.0,0.078,0.188,1.289,185.0,2025/26
342405,854.0,24.0,0.279,0.316,0.105,0.422,0.422,1223.0,0.294,0.379,0.853,186.0,2025/26
342877,1332.0,17.0,0.389,0.0,0.068,0.068,0.27,90.0,0.0,0.045,1.184,185.0,2025/26
342967,1710.0,28.0,0.559,0.105,0.158,0.263,0.263,695.0,0.259,0.262,1.382,175.0,2025/26
343052,2397.0,36.0,0.701,0.3,0.375,0.676,0.15,1496.0,0.541,0.631,1.895,183.0,2025/26
344069,2378.0,29.0,0.695,0.189,0.114,0.303,0.114,2590.0,0.104,0.237,1.237,194.0,2025/26
344072,1962.0,23.0,0.641,0.0,0.046,0.046,0.138,2163.0,0.042,0.044,0.706,180.0,2025/26
344152,1821.0,30.0,0.595,0.593,0.148,0.741,0.049,142.0,0.0,0.494,2.059,187.0,2025/26
344381,1351.0,32.0,0.395,0.466,0.2,0.666,0.0,910.0,0.495,0.609,1.842,177.0,2025/26
344596,2925.0,33.0,0.956,0.0,0.031,0.031,0.123,1382.0,0.0,0.021,2.059,183.0,2025/26
344695,1798.0,24.0,0.588,0.05,0.05,0.1,0.2,1763.0,0.102,0.101,2.618,186.0,2025/26
344886,3005.0,34.0,0.982,0.03,0.21,0.24,0.06,,,,2.059,178.0,2025/26
344888,1911.0,25.0,0.625,0.188,0.094,0.283,0.0,,,,0.5,186.0,2025/26
344892,2355.0,29.0,0.77,0.306,0.268,0.573,0.038,,,,0.5,170.0,2025/26
345458,2855.0,34.0,0.835,0.0,0.032,0.032,0.221,1842.0,0.0,0.021,1.289,188.0,2025/26
345590,1380.0,26.0,0.404,0.326,0.065,0.391,0.065,1968.0,0.412,0.398,1.474,188.0,2025/26
345886,1610.0,24.0,0.471,0.168,0.335,0.503,0.112,982.0,0.275,0.427,1.132,179.0,2025/26
345911,2541.0,30.0,0.743,0.071,0.035,0.106,0.142,2439.0,0.111,0.108,0.526,191.0,2025/26
346289,544.0,8.0,0.216,0.165,0.0,0.165,0.496,651.0,0.276,0.202,1.143,192.0,2025/26
346314,2782.0,34.0,0.813,0.097,0.0,0.097,0.097,1974.0,0.182,0.125,1.368,192.0,2025/26
346483,1017.0,23.0,0.297,0.265,0.0,0.265,0.177,621.0,0.145,0.225,1.868,181.0,2025/26
346499,2069.0,30.0,0.676,0.217,0.13,0.348,0.174,1253.0,0.215,0.304,0.765,185.0,2025/26
346546,865.0,10.0,0.601,0.0,0.0,0.0,0.0,1350.0,0.0,0.0,1.188,193.0,2025/26
346551,3060.0,34.0,1.0,0.0,0.0,0.0,0.029,2586.0,0.0,0.0,0.853,195.0,2025/26
346561,2463.0,34.0,0.72,0.037,0.0,0.037,0.292,3078.0,0.117,0.063,1.105,187.0,2025/26
346567,1477.0,24.0,0.432,0.061,0.0,0.061,0.487,1058.0,0.51,0.211,1.421,178.0,2025/26
346707,1006.0,23.0,0.294,0.179,0.179,0.358,0.179,787.0,0.0,0.239,1.237,187.0,2025/26
346779,1897.0,33.0,0.555,0.285,0.142,0.427,0.0,2658.0,0.406,0.42,1.184,175.0,2025/26
346853,2993.0,34.0,0.978,0.12,0.241,0.361,0.12,2846.0,0.316,0.346,0.941,168.0,2025/26
346890,1569.0,28.0,0.459,0.459,0.057,0.516,0.172,448.0,0.201,0.411,1.237,185.0,2025/26
348026,2787.0,32.0,0.815,0.097,0.129,0.226,0.161,896.0,0.1,0.184,1.421,187.0,2025/26
348601,1907.0,34.0,0.558,0.094,0.142,0.236,0.094,,,,0.474,186.0,2025/26
348795,1397.0,24.0,0.408,0.129,0.193,0.322,0.258,1454.0,0.681,0.442,1.579,177.0,2025/26
349066,702.0,14.0,0.205,0.385,0.128,0.513,0.0,2774.0,0.941,0.656,1.579,190.0,2025/26
349599,1036.0,19.0,0.303,0.087,0.087,0.174,0.434,2403.0,0.075,0.141,1.842,175.0,2025/26
349701,1492.0,22.0,0.436,0.06,0.0,0.06,0.302,3167.0,0.284,0.135,1.368,183.0,2025/26
349884,1092.0,20.0,0.319,0.0,0.082,0.082,0.247,,,,0.763,174.0,2025/26
350219,1129.0,20.0,0.369,0.08,0.319,0.399,0.08,1922.0,0.421,0.406,2.235,188.0,2025/26
351478,2715.0,34.0,0.794,0.497,0.133,0.63,0.099,2263.0,0.477,0.579,1.211,181.0,2025/26
351809,1783.0,28.0,0.521,0.05,0.05,0.101,0.252,2149.0,0.042,0.081,1.816,187.0,2025/26
351955,2541.0,29.0,0.743,0.071,0.0,0.071,0.071,3420.0,0.053,0.065,0.895,187.0,2025/26
352041,1440.0,16.0,0.552,0.0,0.0,0.0,0.125,2970.0,0.0,0.0,1.069,197.0,2025/26
353032,2802.0,33.0,0.819,0.032,0.032,0.064,0.193,2978.0,0.03,0.053,1.421,190.0,2025/26
353366,2019.0,28.0,0.66,0.045,0.089,0.134,0.267,1584.0,0.057,0.108,1.735,186.0,2025/26
353399,2646.0,32.0,0.865,0.306,0.102,0.408,0.068,1259.0,0.715,0.51,1.147,172.0,2025/26
353892,921.0,16.0,0.301,0.098,0.195,0.293,0.0,249.0,0.361,0.316,2.618,188.0,2025/26
353948,827.0,24.0,0.27,0.109,0.109,0.218,0.0,561.0,0.16,0.199,1.147,184.0,2025/26
354352,610.0,8.0,0.199,0.0,0.0,0.0,0.148,2450.0,0.037,0.012,0.706,178.0,2025/26
354361,1256.0,18.0,0.367,0.287,0.143,0.43,0.072,2858.0,0.346,0.402,2.0,184.0,2025/26
354362,1892.0,26.0,0.553,0.048,0.048,0.095,0.333,1653.0,0.109,0.1,1.079,187.0,2025/26
354482,988.0,16.0,0.457,0.182,0.182,0.364,0.364,2436.0,0.148,0.292,1.792,185.0,2025/26
354726,494.0,26.0,0.161,0.182,0.0,0.182,0.182,1799.0,0.1,0.155,2.059,187.0,2025/26
354814,1520.0,30.0,0.444,0.237,0.059,0.296,0.118,1465.0,0.43,0.341,0.474,185.0,2025/26
355628,2082.0,25.0,0.609,0.0,0.043,0.043,0.389,2273.0,0.0,0.029,1.211,181.0,2025/26
355861,1627.0,30.0,0.476,0.166,0.111,0.277,0.0,1538.0,0.234,0.262,1.289,178.0,2025/26
355915,1873.0,23.0,0.548,0.192,0.048,0.24,0.432,1420.0,0.127,0.202,1.079,185.0,2025/26
356141,1909.0,28.0,0.558,0.0,0.047,0.047,0.141,1553.0,0.0,0.031,1.184,180.0,2025/26
356197,1690.0,27.0,0.494,0.053,0.16,0.213,0.426,455.0,0.396,0.274,1.895,184.0,2025/26
357119,3100.0,36.0,0.906,0.029,0.0,0.029,0.203,2565.0,0.105,0.054,1.579,194.0,2025/26
357147,2616.0,34.0,0.765,0.034,0.103,0.138,0.172,2813.0,0.096,0.124,1.868,184.0,2025/26
357156,1970.0,23.0,0.644,0.0,0.0,0.0,0.183,2548.0,0.106,0.035,1.147,190.0,2025/26
357162,2114.0,31.0,0.618,0.0,0.085,0.085,0.255,1972.0,0.137,0.102,0.579,184.0,2025/26
357164,1861.0,29.0,0.544,0.435,0.145,0.58,0.242,2330.0,0.695,0.619,1.842,188.0,2025/26
357498,970.0,19.0,0.284,0.649,0.093,0.742,0.0,1784.0,0.706,0.73,1.816,190.0,2025/26
357565,1514.0,21.0,0.443,0.059,0.0,0.059,0.178,73.0,0.0,0.04,2.053,190.0,2025/26
357628,639.0,20.0,0.187,0.282,0.0,0.282,0.0,1372.0,0.459,0.341,1.895,172.0,2025/26
357662,3099.0,36.0,0.906,0.116,0.203,0.319,0.087,2833.0,0.349,0.329,2.237,188.0,2025/26
357796,1971.0,29.0,0.576,0.0,0.046,0.046,0.091,1944.0,0.046,0.046,0.553,178.0,2025/26
357884,2150.0,28.0,0.629,0.0,0.0,0.0,0.209,702.0,0.128,0.043,1.211,184.0,2025/26
357885,2866.0,37.0,0.838,0.283,0.188,0.471,0.063,1838.0,0.098,0.347,1.579,178.0,2025/26
357992,1373.0,24.0,0.401,0.0,0.066,0.066,0.131,2495.0,0.397,0.176,1.553,188.0,2025/26
358003,3201.0,37.0,0.936,0.028,0.0,0.028,0.112,,,,0.474,192.0,2025/26
358008,1911.0,33.0,0.559,0.094,0.188,0.283,0.188,998.0,0.541,0.369,1.132,183.0,2025/26
358032,1418.0,29.0,0.415,0.063,0.19,0.254,0.381,202.0,0.0,0.169,1.184,180.0,2025/26
358143,2232.0,26.0,0.729,0.04,0.081,0.121,0.282,,,,0.706,189.0,2025/26
358250,639.0,8.0,0.187,0.0,0.0,0.0,0.0,583.0,0.0,0.0,1.421,181.0,2025/26
358504,2379.0,31.0,0.777,0.189,0.189,0.378,0.189,2874.0,0.564,0.44,1.294,172.0,2025/26
358515,1089.0,25.0,0.356,0.165,0.165,0.331,0.0,,,,1.294,187.0,2025/26
360518,1819.0,33.0,0.532,0.0,0.0,0.0,0.247,1996.0,0.271,0.09,1.816,185.0,2025/26
361068,2205.0,31.0,0.645,0.204,0.163,0.367,0.041,1963.0,0.229,0.321,1.316,188.0,2025/26
361093,1839.0,25.0,0.538,0.049,0.049,0.098,0.098,415.0,0.0,0.065,1.289,193.0,2025/26
361254,1810.0,27.0,0.529,0.398,0.0,0.398,0.199,743.0,0.363,0.386,1.132,191.0,2025/26
361256,2835.0,32.0,0.926,0.0,0.032,0.032,0.127,3015.0,0.0,0.021,1.794,191.0,2025/26
361260,1745.0,25.0,0.57,0.206,0.0,0.206,0.258,,,,1.794,187.0,2025/26
361914,1579.0,18.0,0.65,0.057,0.0,0.057,0.228,1763.0,0.0,0.038,1.815,190.0,2025/26
362086,2263.0,31.0,0.662,0.119,0.119,0.239,0.398,2166.0,0.332,0.27,1.316,169.0,2025/26
362108,2639.0,32.0,0.772,0.0,0.0,0.0,0.136,1787.0,0.101,0.034,1.237,181.0,2025/26
363057,1870.0,34.0,0.547,0.0,0.048,0.048,0.096,1205.0,0.224,0.107,1.316,180.0,2025/26
364135,2041.0,26.0,0.597,0.353,0.044,0.397,0.176,2711.0,0.73,0.508,1.105,183.0,2025/26
364245,2494.0,33.0,0.815,0.036,0.072,0.108,0.253,606.0,0.149,0.122,1.588,183.0,2025/26
364258,2319.0,29.0,0.758,0.0,0.0,0.0,0.349,1781.0,0.0,0.0,1.794,186.0,2025/26
365108,1176.0,24.0,0.344,0.077,0.077,0.153,0.077,2151.0,0.502,0.269,1.158,184.0,2025/26
366930,2706.0,35.0,0.791,0.0,0.2,0.2,0.166,2745.0,0.23,0.21,1.211,173.0,2025/26
367284,2623.0,30.0,0.767,0.172,0.034,0.206,0.24,2156.0,0.042,0.151,1.079,183.0,2025/26
367466,1394.0,24.0,0.408,0.0,0.129,0.129,0.323,771.0,0.0,0.086,1.289,176.0,2025/26
368482,2117.0,35.0,0.619,0.425,0.043,0.468,0.085,1886.0,0.954,0.63,1.474,186.0,2025/26
368887,702.0,26.0,0.205,0.128,0.0,0.128,0.0,2464.0,0.657,0.305,1.816,177.0,2025/26
368891,2144.0,24.0,0.701,0.042,0.042,0.084,0.336,2709.0,0.0,0.056,1.294,185.0,2025/26
369081,2747.0,33.0,0.803,0.164,0.262,0.426,0.098,3034.0,0.297,0.383,2.263,182.0,2025/26
369316,3134.0,37.0,0.916,0.029,0.0,0.029,0.172,491.0,0.183,0.08,1.395,174.0,2025/26
369674,1224.0,16.0,0.4,0.074,0.147,0.221,0.074,2190.0,0.288,0.243,0.853,185.0,2025/26
369684,1542.0,22.0,0.504,0.117,0.0,0.117,0.233,2516.0,0.286,0.173,1.294,187.0,2025/26
370683,850.0,13.0,0.363,0.0,0.0,0.0,0.318,1279.0,0.141,0.047,1.038,185.0,2025/26
370789,2274.0,31.0,0.743,0.0,0.594,0.594,0.317,2270.0,0.238,0.475,2.147,183.0,2025/26
370846,2263.0,29.0,0.74,0.08,0.08,0.159,0.199,1638.0,0.44,0.253,1.735,183.0,2025/26
371021,2880.0,32.0,0.842,0.0,0.0,0.0,0.125,1620.0,0.0,0.0,1.289,198.0,2025/26
371141,819.0,13.0,0.268,0.11,0.22,0.33,0.22,1307.0,0.0,0.22,1.147,184.0,2025/26
371149,2683.0,31.0,0.785,0.101,0.0,0.101,0.168,3420.0,0.053,0.085,1.921,192.0,2025/26
371436,862.0,10.0,0.599,0.104,0.0,0.104,0.209,,,,0.75,192.0,2025/26
371686,2045.0,26.0,0.668,0.0,0.132,0.132,0.308,2055.0,0.044,0.103,1.059,180.0,2025/26
371851,1893.0,25.0,0.554,0.048,0.095,0.143,0.19,2964.0,0.091,0.125,1.237,190.0,2025/26
371998,2825.0,36.0,0.826,0.51,0.191,0.701,0.255,2258.0,0.837,0.746,2.263,176.0,2025/26
372246,2326.0,33.0,0.68,0.155,0.116,0.271,0.116,1404.0,0.128,0.223,1.211,180.0,2025/26
372712,804.0,13.0,0.263,0.0,0.0,0.0,0.448,2624.0,0.103,0.034,0.706,193.0,2025/26
374040,819.0,23.0,0.268,0.22,0.11,0.33,0.11,,,,1.294,178.0,2025/26
374139,832.0,12.0,0.243,0.0,0.108,0.108,0.108,,,,1.579,184.0,2025/26
374954,1654.0,26.0,0.541,0.109,0.054,0.163,0.272,2308.0,0.039,0.122,1.265,181.0,2025/26
375382,1016.0,22.0,0.297,0.0,0.177,0.177,0.0,1988.0,0.181,0.178,1.289,176.0,2025/26
375885,2080.0,28.0,0.608,0.087,0.087,0.173,0.216,590.0,0.153,0.166,1.158,191.0,2025/26
376514,1368.0,25.0,0.4,0.0,0.0,0.0,0.197,2372.0,0.114,0.038,2.0,185.0,2025/26
377042,2009.0,27.0,0.587,0.09,0.0,0.09,0.134,676.0,0.0,0.06,1.132,190.0,2025/26
377243,1699.0,33.0,0.497,0.053,0.053,0.106,0.106,,,,1.316,188.0,2025/26
377393,1966.0,24.0,0.642,0.046,0.137,0.183,0.229,1528.0,0.236,0.201,1.294,185.0,2025/26
377641,841.0,18.0,0.246,0.0,0.107,0.107,0.428,1558.0,0.173,0.129,0.553,189.0,2025/26
377729,1346.0,29.0,0.44,0.201,0.067,0.267,0.134,,,,0.765,183.0,2025/26
378139,1814.0,27.0,0.53,0.198,0.099,0.298,0.198,1303.0,0.276,0.291,1.579,176.0,2025/26
378293,638.0,14.0,0.187,0.0,0.141,0.141,0.282,2265.0,0.278,0.187,1.211,184.0,2025/26
378710,1960.0,32.0,0.573,0.505,0.184,0.689,0.184,500.0,0.9,0.759,1.079,184.0,2025/26
379163,1287.0,23.0,0.376,0.0,0.0,0.0,0.49,,,,0.474,180.0,2025/26
380598,2413.0,34.0,0.706,0.112,0.224,0.336,0.186,2565.0,0.211,0.294,1.895,188.0,2025/26
381753,1324.0,23.0,0.387,0.0,0.204,0.204,0.204,,,,1.237,185.0,2025/26
381950,2802.0,35.0,0.819,0.096,0.128,0.225,0.161,1490.0,0.725,0.392,1.842,180.0,2025/26
381967,1714.0,26.0,0.56,0.263,0.0,0.263,0.158,1474.0,0.122,0.216,1.118,183.0,2025/26
382478,1812.0,27.0,0.592,0.0,0.0,0.0,0.248,1748.0,0.103,0.034,1.265,194.0,2025/26
384593,2108.0,29.0,0.689,0.213,0.171,0.384,0.128,2125.0,0.508,0.426,1.265,176.0,2025/26
384859,733.0,15.0,0.24,0.368,0.0,0.368,0.491,262.0,0.0,0.246,0.706,182.0,2025/26
385105,2096.0,29.0,0.613,0.0,0.086,0.086,0.301,2161.0,0.25,0.141,1.132,178.0,2025/26
385394,856.0,12.0,0.25,0.0,0.105,0.105,0.526,1831.0,0.098,0.103,1.132,195.0,2025/26
386047,1255.0,14.0,0.367,0.0,0.0,0.0,0.072,852.0,0.106,0.035,1.026,191.0,2025/26
386446,2522.0,33.0,0.737,0.0,0.036,0.036,0.107,1926.0,0.047,0.039,2.0,190.0,2025/26
386455,1072.0,21.0,0.313,0.084,0.168,0.252,0.084,947.0,0.285,0.263,1.0,180.0,2025/26
386552,2696.0,33.0,0.788,0.1,0.033,0.134,0.134,2673.0,0.067,0.111,1.0,183.0,2025/26
387047,3060.0,34.0,1.0,0.147,0.029,0.176,0.118,3060.0,0.029,0.127,1.147,190.0,2025/26
387106,1375.0,28.0,0.449,0.131,0.196,0.327,0.327,303.0,0.891,0.515,0.853,178.0,2025/26
387626,634.0,20.0,0.185,0.0,0.142,0.142,0.142,1144.0,0.236,0.173,1.711,178.0,2025/26
388165,521.0,19.0,0.152,0.173,0.173,0.345,0.518,2929.0,0.737,0.476,1.289,176.0,2025/26
388198,2520.0,28.0,0.824,0.179,0.071,0.25,0.286,1984.0,0.181,0.227,2.147,191.0,2025/26
388294,1500.0,26.0,0.49,0.0,0.12,0.12,0.12,2622.0,0.034,0.091,0.765,187.0,2025/26
388409,2454.0,30.0,0.802,0.073,0.0,0.073,0.147,1401.0,0.064,0.07,1.118,186.0,2025/26
388513,700.0,18.0,0.205,0.129,0.0,0.129,0.257,740.0,0.0,0.086,1.105,173.0,2025/26
388516,450.0,5.0,0.132,0.0,0.0,0.0,0.0,450.0,0.0,0.0,2.289,191.0,2025/26
389837,675.0,12.0,0.197,0.0,0.0,0.0,0.0,1033.0,0.087,0.029,1.474,191.0,2025/26
390304,1469.0,17.0,0.43,0.0,0.0,0.0,0.245,1055.0,0.0,0.0,1.474,196.0,2025/26
390688,3189.0,37.0,0.932,0.028,0.056,0.085,0.113,2890.0,0.031,0.067,1.342,187.0,2025/26
391004,480.0,11.0,0.157,0.188,0.0,0.188,0.188,1971.0,0.548,0.308,0.853,190.0,2025/26
391065,636.0,14.0,0.208,0.283,0.283,0.566,0.142,2108.0,0.512,0.548,1.735,177.0,2025/26
391720,1213.0,17.0,0.396,0.074,0.0,0.074,0.074,,,,1.324,173.0,2025/26
391766,2012.0,33.0,0.658,0.134,0.045,0.179,0.224,1180.0,0.61,0.323,0.941,181.0,2025/26
391780,1902.0,29.0,0.622,0.047,0.095,0.142,0.237,1434.0,0.251,0.178,1.147,180.0,2025/26
392085,2271.0,32.0,0.664,0.198,0.238,0.436,0.317,685.0,0.526,0.466,1.316,190.0,2025/26
392179,1540.0,19.0,0.45,0.0,0.0,0.0,0.0,1241.0,0.0,0.0,0.579,187.0,2025/26
392516,3058.0,37.0,0.894,0.0,0.118,0.118,0.088,2615.0,0.069,0.101,1.0,183.0,2025/26
392538,1435.0,26.0,0.42,0.188,0.063,0.251,0.125,1178.0,0.382,0.295,1.474,188.0,2025/26
392569,1594.0,31.0,0.466,0.0,0.169,0.169,0.113,3062.0,0.059,0.133,1.132,187.0,2025/26
392710,472.0,21.0,0.154,0.0,0.0,0.0,0.191,788.0,0.0,0.0,1.176,188.0,2025/26
392757,3150.0,35.0,0.921,0.086,0.114,0.2,0.171,3060.0,0.147,0.182,1.184,182.0,2025/26
392765,1928.0,37.0,0.564,0.14,0.0,0.14,0.047,2060.0,0.393,0.224,1.368,182.0,2025/26
392767,2528.0,30.0,0.826,0.107,0.107,0.214,0.32,1061.0,0.339,0.256,1.0,182.0,2025/26
392768,1848.0,30.0,0.54,0.146,0.195,0.341,0.0,2205.0,0.327,0.336,1.158,178.0,2025/26
392770,1357.0,26.0,0.443,0.199,0.0,0.199,0.332,737.0,0.244,0.214,1.735,168.0,2025/26
392771,3123.0,35.0,0.913,0.029,0.029,0.058,0.288,,,,1.237,182.0,2025/26
392775,1822.0,27.0,0.533,0.148,0.148,0.296,0.0,580.0,0.931,0.508,1.368,178.0,2025/26
392956,2953.0,35.0,0.863,0.061,0.0,0.061,0.152,2946.0,0.122,0.081,1.184,183.0,2025/26
392966,1811.0,32.0,0.53,0.0,0.149,0.149,0.099,2727.0,0.264,0.187,1.474,187.0,2025/26
393238,507.0,15.0,0.188,0.0,0.0,0.0,0.71,1910.0,0.518,0.173,1.1,179.0,2025/26
393321,1941.0,24.0,0.829,0.046,0.0,0.046,0.185,452.0,0.0,0.031,0.923,186.0,2025/26
393323,2470.0,37.0,0.722,0.146,0.182,0.328,0.109,,,,1.237,177.0,2025/26
393512,747.0,11.0,0.244,0.0,0.12,0.12,0.12,1761.0,0.204,0.148,0.941,180.0,2025/26
394033,805.0,27.0,0.263,0.559,0.112,0.671,0.112,237.0,0.0,0.447,0.765,185.0,2025/26
394236,1507.0,27.0,0.441,0.0,0.179,0.179,0.179,,,,1.289,184.0,2025/26
394300,552.0,22.0,0.161,0.0,0.0,0.0,0.0,1210.0,0.521,0.174,2.289,178.0,2025/26
394327,1418.0,18.0,0.415,0.063,0.19,0.254,0.317,1728.0,0.052,0.187,1.711,184.0,2025/26
395122,2070.0,32.0,0.605,0.0,0.043,0.043,0.261,,,,0.763,178.0,2025/26
395234,1619.0,27.0,0.473,0.056,0.0,0.056,0.334,2601.0,0.104,0.072,1.132,191.0,2025/26
395237,1488.0,30.0,0.435,0.121,0.302,0.423,0.181,1670.0,0.269,0.372,1.868,174.0,2025/26
395512,2316.0,32.0,0.677,0.039,0.078,0.117,0.078,593.0,0.152,0.128,0.553,178.0,2025/26
395695,2349.0,29.0,0.768,0.0,0.0,0.0,0.268,2355.0,0.153,0.051,1.0,182.0,2025/26
396638,1033.0,22.0,0.302,0.261,0.174,0.436,0.087,,,,1.105,170.0,2025/26
397033,2545.0,35.0,0.744,0.0,0.071,0.071,0.141,2629.0,0.205,0.116,1.289,181.0,2025/26
397171,2334.0,30.0,0.763,0.0,0.039,0.039,0.308,2284.0,0.039,0.039,1.0,178.0,2025/26
397225,1292.0,19.0,0.378,0.07,0.139,0.209,0.07,1717.0,0.105,0.174,1.316,188.0,2025/26
398065,1961.0,37.0,0.573,0.321,0.046,0.367,0.046,1754.0,0.718,0.484,1.289,182.0,2025/26
398073,1374.0,18.0,0.449,0.131,0.131,0.262,0.197,2068.0,0.522,0.349,2.235,180.0,2025/26
398163,718.0,12.0,0.21,0.125,0.0,0.125,0.376,,,,1.132,181.0,2025/26
398184,1975.0,33.0,0.577,0.729,0.091,0.82,0.091,1101.0,1.308,0.983,2.474,183.0,2025/26
399434,2743.0,34.0,0.802,0.23,0.131,0.361,0.197,1940.0,0.418,0.38,1.5,178.0,2025/26
399776,1676.0,21.0,0.49,0.0,0.0,0.0,0.054,2020.0,0.0,0.0,1.711,192.0,2025/26
400489,1783.0,33.0,0.521,0.05,0.151,0.202,0.151,1068.0,0.337,0.247,2.0,184.0,2025/26
400536,1620.0,18.0,0.474,0.0,0.056,0.056,0.0,2385.0,0.0,0.037,1.026,187.0,2025/26
400546,1256.0,28.0,0.41,0.287,0.215,0.502,0.143,21.0,0.0,0.334,1.824,186.0,2025/26
401173,873.0,23.0,0.255,0.0,0.206,0.206,0.0,1765.0,0.408,0.273,1.711,180.0,2025/26
401529,3139.0,36.0,0.918,0.029,0.057,0.086,0.201,3119.0,0.173,0.115,1.105,166.0,2025/26
401530,1142.0,16.0,0.334,0.158,0.079,0.236,0.158,939.0,0.192,0.222,2.263,186.0,2025/26
401578,1097.0,18.0,0.358,0.0,0.082,0.082,0.246,1150.0,0.548,0.237,1.735,177.0,2025/26
401922,1099.0,24.0,0.321,0.246,0.328,0.573,0.0,918.0,0.49,0.546,1.368,172.0,2025/26
403151,3041.0,35.0,0.889,0.0,0.03,0.03,0.089,2880.0,0.0,0.02,1.368,197.0,2025/26
404418,2433.0,30.0,0.711,0.0,0.074,0.074,0.074,2880.0,0.156,0.101,1.816,188.0,2025/26
404839,540.0,6.0,0.158,0.0,0.0,0.0,0.0,630.0,0.143,0.048,2.263,191.0,2025/26
404842,2961.0,33.0,0.866,0.0,0.03,0.03,0.182,3084.0,0.088,0.049,1.289,180.0,2025/26
404950,2704.0,33.0,0.884,0.0,0.067,0.067,0.067,2080.0,0.0,0.044,1.912,179.0,2025/26
405385,2434.0,31.0,0.795,0.0,0.222,0.222,0.074,1557.0,0.116,0.186,0.941,179.0,2025/26
405389,2625.0,30.0,0.858,0.0,0.0,0.0,0.206,,,,1.029,186.0,2025/26
405398,1509.0,24.0,0.441,0.119,0.239,0.358,0.119,2381.0,0.189,0.302,1.211,173.0,2025/26
405670,2491.0,31.0,0.814,0.072,0.072,0.145,0.253,1153.0,0.156,0.148,1.118,184.0,2025/26
405687,1787.0,26.0,0.584,0.0,0.101,0.101,0.201,1081.0,0.0,0.067,0.941,182.0,2025/26
405885,1019.0,25.0,0.298,0.265,0.265,0.53,0.088,1097.0,0.574,0.545,1.553,172.0,2025/26
406040,1419.0,24.0,0.415,0.381,0.0,0.381,0.063,2265.0,0.795,0.519,1.553,174.0,2025/26
406151,1705.0,23.0,0.499,0.0,0.053,0.053,0.317,1494.0,0.0,0.035,1.132,187.0,2025/26
406625,2178.0,30.0,0.637,0.702,0.248,0.95,0.165,2580.0,0.593,0.831,2.289,174.0,2025/26
406634,942.0,21.0,0.308,0.191,0.191,0.382,0.191,1118.0,0.483,0.416,1.735,189.0,2025/26
406635,2085.0,33.0,0.61,0.302,0.216,0.518,0.173,1781.0,0.455,0.497,2.053,171.0,2025/26
406640,2190.0,29.0,0.716,0.082,0.123,0.205,0.0,1512.0,0.357,0.256,2.147,190.0,2025/26
407098,3023.0,34.0,0.988,0.208,0.149,0.357,0.119,1123.0,0.24,0.318,0.941,179.0,2025/26
408471,678.0,10.0,0.269,0.265,0.0,0.265,0.265,2989.0,0.482,0.338,1.321,177.0,2025/26
410225,2177.0,28.0,0.637,0.372,0.041,0.413,0.083,2721.0,0.496,0.441,1.184,185.0,2025/26
410425,605.0,11.0,0.177,0.0,0.0,0.0,0.595,1406.0,0.128,0.043,1.079,182.0,2025/26
410708,2937.0,34.0,0.859,0.0,0.031,0.031,0.153,,,,1.237,190.0,2025/26
411295,1389.0,22.0,0.406,0.842,0.194,1.037,0.324,2845.0,0.949,1.007,2.474,176.0,2025/26
411537,1776.0,29.0,0.519,0.557,0.0,0.557,0.253,,,,0.579,185.0,2025/26
411975,2261.0,30.0,0.661,0.04,0.119,0.159,0.239,2606.0,0.173,0.164,2.474,181.0,2025/26
412045,2170.0,33.0,0.635,0.083,0.041,0.124,0.415,1958.0,0.046,0.098,1.211,176.0,2025/26
412363,676.0,19.0,0.268,0.133,0.533,0.666,0.399,1938.0,0.557,0.63,2.357,174.0,2025/26
412660,2078.0,30.0,0.608,0.433,0.173,0.606,0.217,1062.0,0.254,0.489,1.316,189.0,2025/26
412829,1568.0,32.0,0.458,0.0,0.0,0.0,0.115,2610.0,0.103,0.034,1.132,188.0,2025/26
412953,2441.0,30.0,0.798,0.147,0.295,0.442,0.258,,,,1.794,191.0,2025/26
413039,2625.0,33.0,0.768,0.377,0.103,0.48,0.137,3417.0,0.737,0.566,1.868,171.0,2025/26
413112,2623.0,33.0,0.767,0.034,0.0,0.034,0.274,2692.0,0.0,0.023,2.263,188.0,2025/26
413220,1896.0,29.0,0.554,0.095,0.047,0.142,0.19,2921.0,0.123,0.136,1.237,183.0,2025/26
413403,3036.0,34.0,0.888,0.0,0.0,0.0,0.0,2937.0,0.061,0.02,1.711,180.0,2025/26
413507,3375.0,38.0,0.987,0.0,0.0,0.0,0.16,3330.0,0.189,0.063,1.158,195.0,2025/26
413565,2287.0,29.0,0.669,0.039,0.0,0.039,0.197,2613.0,0.034,0.038,1.474,187.0,2025/26
413843,2031.0,24.0,0.664,0.0,0.089,0.089,0.222,1298.0,0.277,0.152,1.265,188.0,2025/26
414908,1852.0,28.0,0.605,0.243,0.146,0.389,0.097,2773.0,0.292,0.357,1.294,188.0,2025/26
415194,918.0,15.0,0.3,0.098,0.098,0.196,0.098,,,,1.118,184.0,2025/26
415381,1908.0,26.0,0.558,0.094,0.142,0.236,0.377,1008.0,0.536,0.336,1.395,189.0,2025/26
415383,2659.0,30.0,0.869,0.0,0.0,0.0,0.034,450.0,0.0,0.0,1.059,186.0,2025/26
415912,2532.0,31.0,0.74,0.107,0.0,0.107,0.071,2037.0,0.0,0.071,1.026,194.0,2025/26
415970,497.0,11.0,0.145,0.0,0.0,0.0,0.0,,,,0.579,190.0,2025/26
416380,1726.0,29.0,0.564,0.365,0.261,0.626,0.156,,,,0.941,183.0,2025/26
416386,906.0,23.0,0.265,0.099,0.0,0.099,0.298,462.0,0.584,0.261,0.553,182.0,2025/26
417346,1241.0,26.0,0.363,0.073,0.218,0.29,0.073,2083.0,0.086,0.222,1.105,175.0,2025/26
417913,2520.0,28.0,0.737,0.0,0.0,0.0,0.036,,,,1.579,191.0,2025/26
418560,2959.0,35.0,0.865,0.821,0.243,1.065,0.061,2743.0,0.82,0.983,2.053,195.0,2025/26
418659,1331.0,22.0,0.435,0.541,0.203,0.744,0.068,2089.0,0.775,0.754,1.735,180.0,2025/26
419067,2459.0,33.0,0.804,0.11,0.073,0.183,0.11,,,,0.5,171.0,2025/26
420002,2223.0,32.0,0.65,0.486,0.0,0.486,0.081,2656.0,0.542,0.505,1.184,192.0,2025/26
420064,1533.0,22.0,0.501,0.0,0.117,0.117,0.117,1932.0,0.28,0.171,1.588,178.0,2025/26
420210,1685.0,28.0,0.493,0.0,0.0,0.0,0.107,1827.0,0.049,0.016,1.421,184.0,2025/26
420213,1112.0,15.0,0.363,0.0,0.0,0.0,0.405,1394.0,0.387,0.129,1.735,176.0,2025/26
420243,2457.0,30.0,0.718,0.11,0.22,0.33,0.183,2423.0,0.149,0.269,2.237,179.0,2025/26
421873,3420.0,38.0,1.0,0.0,0.0,0.0,0.053,1944.0,0.0,0.0,1.132,191.0,2025/26
422951,3316.0,38.0,0.97,0.0,0.0,0.0,0.109,470.0,0.0,0.0,0.553,185.0,2025/26
423440,3002.0,38.0,0.878,0.15,0.03,0.18,0.12,2962.0,0.122,0.16,2.237,181.0,2025/26
423444,1544.0,27.0,0.451,0.058,0.0,0.058,0.175,2428.0,0.111,0.076,1.079,165.0,2025/26
423744,802.0,17.0,0.235,0.112,0.0,0.112,0.112,1272.0,0.071,0.098,2.0,170.0,2025/26
424042,1321.0,26.0,0.386,0.136,0.136,0.273,0.273,1581.0,0.171,0.239,1.816,179.0,2025/26
424072,2032.0,28.0,0.664,0.089,0.089,0.177,0.133,1572.0,0.515,0.29,0.765,180.0,2025/26
424204,523.0,13.0,0.171,0.172,0.516,0.688,0.172,1562.0,0.173,0.517,2.618,183.0,2025/26
425334,3022.0,35.0,0.884,0.089,0.089,0.179,0.268,2077.0,0.087,0.148,1.711,185.0,2025/26
425902,603.0,22.0,0.176,0.0,0.299,0.299,0.448,1904.0,0.142,0.246,1.158,190.0,2025/26
427568,1003.0,12.0,0.293,0.0,0.0,0.0,0.179,2700.0,0.0,0.0,1.289,190.0,2025/26
428563,1596.0,27.0,0.467,0.056,0.0,0.056,0.282,980.0,0.184,0.099,1.474,181.0,2025/26
429014,3113.0,37.0,0.91,0.434,0.116,0.549,0.029,2824.0,0.542,0.547,1.158,171.0,2025/26
429259,2405.0,29.0,0.786,0.0,0.075,0.075,0.262,2498.0,0.072,0.074,1.324,186.0,2025/26
429790,738.0,19.0,0.216,0.122,0.0,0.122,0.244,,,,0.763,185.0,2025/26
429874,1322.0,28.0,0.432,0.272,0.136,0.408,0.204,1605.0,0.561,0.459,1.294,180.0,2025/26
429915,1414.0,30.0,0.413,0.127,0.191,0.318,0.127,2212.0,0.285,0.307,1.395,182.0,2025/26
429983,2315.0,36.0,0.677,0.156,0.039,0.194,0.156,2603.0,0.622,0.337,0.526,193.0,2025/26
430280,1458.0,26.0,0.426,0.0,0.247,0.247,0.247,2870.0,0.22,0.238,1.184,184.0,2025/26
432090,2567.0,33.0,0.751,0.07,0.105,0.175,0.175,1527.0,0.177,0.176,1.105,178.0,2025/26
432092,1664.0,32.0,0.487,0.216,0.054,0.27,0.054,3145.0,0.372,0.304,1.105,190.0,2025/26
432164,2315.0,37.0,0.677,0.233,0.156,0.389,0.078,,,,1.158,179.0,2025/26
432298,1800.0,20.0,0.526,0.0,0.0,0.0,0.05,3315.0,0.0,0.0,1.184,190.0,2025/26
433177,2226.0,31.0,0.651,0.283,0.283,0.566,0.081,1736.0,0.881,0.671,2.237,178.0,2025/26
433188,1930.0,34.0,0.564,0.047,0.093,0.14,0.093,1711.0,0.368,0.216,1.579,185.0,2025/26
433329,539.0,14.0,0.158,0.0,0.0,0.0,0.0,2659.0,0.034,0.011,1.0,188.0,2025/26
433584,1644.0,32.0,0.481,0.0,0.164,0.164,0.109,1522.0,0.177,0.169,0.895,182.0,2025/26
433984,1680.0,24.0,0.491,0.107,0.0,0.107,0.107,3012.0,0.03,0.081,2.0,188.0,2025/26
434116,1298.0,32.0,0.424,0.208,0.139,0.347,0.277,1571.0,0.115,0.269,1.794,180.0,2025/26
434224,3087.0,35.0,0.903,0.029,0.058,0.087,0.117,3119.0,0.058,0.078,1.184,190.0,2025/26
434433,1786.0,33.0,0.522,0.504,0.252,0.756,0.202,3070.0,0.469,0.66,1.553,185.0,2025/26
434675,2749.0,36.0,0.804,0.229,0.164,0.393,0.098,1938.0,0.697,0.494,1.579,193.0,2025/26
435228,1907.0,25.0,0.558,0.0,0.047,0.047,0.236,2510.0,0.0,0.031,1.184,187.0,2025/26
435338,2751.0,32.0,0.804,0.098,0.131,0.229,0.131,2365.0,0.228,0.229,2.237,190.0,2025/26
435492,978.0,24.0,0.32,0.46,0.184,0.644,0.276,,,,1.294,182.0,2025/26
435648,609.0,24.0,0.178,0.296,0.148,0.443,0.443,1394.0,0.323,0.403,1.868,193.0,2025/26
435772,2190.0,31.0,0.64,0.123,0.205,0.329,0.164,2080.0,0.649,0.436,1.553,192.0,2025/26
435796,804.0,11.0,0.344,0.0,0.0,0.0,0.0,2307.0,0.039,0.013,0.808,182.0,2025/26
436064,2023.0,31.0,0.661,0.0,0.133,0.133,0.133,1141.0,0.079,0.115,1.824,189.0,2025/26
438001,2553.0,29.0,0.746,0.106,0.071,0.176,0.141,1682.0,0.0,0.118,0.526,191.0,2025/26
439022,937.0,13.0,0.274,0.096,0.0,0.096,0.288,552.0,0.0,0.064,1.132,185.0,2025/26
441170,2554.0,31.0,0.747,0.035,0.035,0.07,0.141,2592.0,0.104,0.082,1.105,175.0,2025/26
441986,1922.0,23.0,0.562,0.14,0.094,0.234,0.094,1639.0,0.275,0.248,2.289,196.0,2025/26
442703,3215.0,37.0,0.94,0.028,0.0,0.028,0.28,1814.0,0.099,0.052,1.0,185.0,2025/26
442891,671.0,18.0,0.219,0.537,0.134,0.671,0.134,583.0,0.463,0.601,1.735,184.0,2025/26
443331,1187.0,20.0,0.388,0.076,0.0,0.076,0.303,2273.0,0.04,0.064,1.382,186.0,2025/26
443710,2746.0,34.0,0.897,0.066,0.197,0.262,0.033,2743.0,0.295,0.273,1.824,183.0,2025/26
444523,1522.0,18.0,0.445,0.237,0.059,0.296,0.296,2385.0,0.151,0.247,1.026,183.0,2025/26
445126,2646.0,34.0,0.774,0.0,0.068,0.068,0.068,2879.0,0.25,0.129,1.184,180.0,2025/26
445939,699.0,21.0,0.204,0.386,0.386,0.773,0.386,2639.0,1.16,0.902,2.053,183.0,2025/26
447661,922.0,21.0,0.27,0.098,0.0,0.098,0.293,516.0,0.0,0.065,1.711,177.0,2025/26
448258,1587.0,27.0,0.519,0.057,0.227,0.284,0.17,1835.0,0.147,0.238,1.824,190.0,2025/26
448628,1807.0,25.0,0.528,0.0,0.05,0.05,0.149,1781.0,0.152,0.084,1.105,172.0,2025/26
448632,2340.0,26.0,0.765,0.0,0.0,0.0,0.038,3060.0,0.0,0.0,0.941,188.0,2025/26
448705,2790.0,31.0,0.912,0.0,0.032,0.032,0.065,540.0,0.0,0.022,0.765,189.0,2025/26
449151,675.0,20.0,0.197,0.4,0.133,0.533,0.133,844.0,0.213,0.427,1.079,174.0,2025/26
449592,1852.0,28.0,0.605,0.049,0.097,0.146,0.292,202.0,0.446,0.246,0.941,178.0,2025/26
449597,676.0,19.0,0.221,0.133,0.0,0.133,0.266,,,,0.941,172.0,2025/26
449796,3073.0,35.0,0.899,0.088,0.059,0.146,0.322,3076.0,0.117,0.137,1.105,194.0,2025/26
450050,1250.0,26.0,0.365,0.072,0.072,0.144,0.36,1684.0,0.481,0.256,0.526,170.0,2025/26
451276,3233.0,36.0,0.945,0.167,0.195,0.362,0.223,2497.0,0.469,0.397,1.579,187.0,2025/26
452483,2953.0,36.0,0.863,0.03,0.03,0.061,0.213,,,,1.132,185.0,2025/26
453016,520.0,10.0,0.17,0.0,0.0,0.0,0.519,2705.0,0.266,0.089,1.176,184.0,2025/26
453870,884.0,14.0,0.378,0.102,0.305,0.407,0.0,2555.0,0.458,0.424,1.038,181.0,2025/26
454386,486.0,14.0,0.146,0.185,0.185,0.37,0.185,207.0,0.0,0.247,1.135,191.0,2025/26
454863,1419.0,28.0,0.464,0.127,0.063,0.19,0.127,1537.0,0.117,0.166,1.147,178.0,2025/26
455181,2485.0,36.0,0.727,0.362,0.036,0.398,0.109,2513.0,0.322,0.373,1.316,173.0,2025/26
455661,2004.0,34.0,0.586,0.359,0.135,0.494,0.0,1620.0,0.778,0.589,1.289,198.0,2025/26
457673,1016.0,14.0,0.297,0.177,0.177,0.354,0.266,2635.0,0.342,0.35,1.184,168.0,2025/26
457736,1138.0,29.0,0.333,0.316,0.237,0.554,0.316,845.0,0.426,0.511,1.421,178.0,2025/26
457931,470.0,10.0,0.137,0.0,0.0,0.0,0.191,121.0,0.0,0.0,1.316,187.0,2025/26
459128,1034.0,26.0,0.302,0.174,0.087,0.261,0.174,983.0,0.549,0.357,1.105,188.0,2025/26
459151,1521.0,28.0,0.445,0.178,0.237,0.414,0.178,611.0,0.736,0.522,1.474,176.0,2025/26
459463,2595.0,32.0,0.759,0.382,0.104,0.486,0.173,1150.0,0.47,0.48,1.579,176.0,2025/26
459658,2796.0,36.0,0.818,0.097,0.129,0.225,0.097,2223.0,0.243,0.231,1.816,182.0,2025/26
459665,1400.0,28.0,0.409,0.0,0.064,0.064,0.321,1533.0,0.059,0.062,1.079,182.0,2025/26
459763,3330.0,37.0,0.974,0.0,0.0,0.0,0.0,3060.0,0.0,0.0,1.553,191.0,2025/26
459988,1272.0,27.0,0.372,0.354,0.071,0.425,0.283,,,,1.132,194.0,2025/26
460245,1789.0,22.0,0.585,0.05,0.0,0.05,0.302,1601.0,0.0,0.034,0.853,190.0,2025/26
460939,1636.0,28.0,0.478,0.275,0.11,0.385,0.11,3132.0,0.431,0.4,2.053,178.0,2025/26
461607,2705.0,34.0,0.884,0.699,0.166,0.865,0.1,1631.0,0.497,0.742,1.735,181.0,2025/26
461617,811.0,25.0,0.237,0.111,0.111,0.222,0.222,507.0,0.178,0.207,1.579,174.0,2025/26
461883,2532.0,30.0,0.74,0.036,0.036,0.071,0.178,3074.0,0.029,0.057,1.368,185.0,2025/26
462070,1020.0,19.0,0.298,0.0,0.0,0.0,0.529,,,,0.763,181.0,2025/26
462348,1151.0,24.0,0.376,0.313,0.0,0.313,0.078,1246.0,0.433,0.353,0.706,185.0,2025/26
462823,1598.0,30.0,0.467,0.282,0.056,0.338,0.0,2228.0,0.283,0.32,1.421,181.0,2025/26
463600,1530.0,17.0,0.654,0.0,0.0,0.0,0.0,3060.0,0.0,0.0,2.308,189.0,2025/26
463603,471.0,8.0,0.138,0.0,0.0,0.0,0.382,333.0,0.0,0.0,1.368,194.0,2025/26
463605,1275.0,18.0,0.489,0.0,0.0,0.0,0.071,2767.0,0.163,0.054,1.379,184.0,2025/26
463613,2610.0,31.0,0.853,0.276,0.103,0.379,0.034,2342.0,0.346,0.368,1.324,178.0,2025/26
463618,2453.0,35.0,0.717,0.11,0.11,0.22,0.073,2329.0,0.386,0.276,1.816,192.0,2025/26
463620,1012.0,24.0,0.331,0.445,0.0,0.445,0.0,,,,1.294,186.0,2025/26
463665,2961.0,35.0,0.866,0.091,0.03,0.122,0.03,1674.0,0.161,0.135,1.316,192.0,2025/26
464195,659.0,13.0,0.193,0.0,0.0,0.0,0.0,,,,0.474,186.0,2025/26
464469,2113.0,27.0,0.618,0.0,0.0,0.0,0.0,,,,1.474,192.0,2025/26
465555,3420.0,38.0,1.0,0.0,0.0,0.0,0.079,2790.0,0.0,0.0,1.5,194.0,2025/26
465717,2805.0,34.0,0.82,0.032,0.128,0.16,0.193,,,,1.237,178.0,2025/26
465830,1430.0,16.0,0.429,0.126,0.063,0.189,0.315,3275.0,0.11,0.163,1.378,185.0,2025/26
465967,635.0,25.0,0.186,0.142,0.142,0.283,0.283,1944.0,0.046,0.204,1.132,180.0,2025/26
466783,900.0,10.0,0.263,0.0,0.0,0.0,0.0,90.0,1.0,0.333,1.895,185.0,2025/26
466794,2730.0,34.0,0.798,0.033,0.066,0.099,0.198,1557.0,0.289,0.162,2.474,183.0,2025/26
466801,1182.0,24.0,0.346,0.076,0.152,0.228,0.228,1973.0,0.046,0.167,1.579,188.0,2025/26
466802,2494.0,32.0,0.729,0.108,0.072,0.18,0.0,1461.0,0.123,0.161,1.184,170.0,2025/26
466805,1567.0,25.0,0.458,0.057,0.0,0.057,0.345,2213.0,0.407,0.174,2.053,188.0,2025/26
466810,1085.0,25.0,0.355,0.912,0.0,0.912,0.083,232.0,0.0,0.608,1.588,178.0,2025/26
467434,2639.0,31.0,0.862,0.0,0.136,0.136,0.273,1841.0,0.147,0.14,1.118,176.0,2025/26
467437,1677.0,29.0,0.548,0.322,0.054,0.376,0.107,1919.0,0.657,0.469,1.735,187.0,2025/26
467563,1347.0,19.0,0.394,0.0,0.0,0.0,0.2,329.0,0.0,0.0,0.553,190.0,2025/26
467623,1372.0,26.0,0.401,0.197,0.131,0.328,0.262,,,,0.579,185.0,2025/26
467632,2498.0,30.0,0.816,0.072,0.144,0.216,0.216,2706.0,0.133,0.188,1.324,176.0,2025/26
467992,1297.0,31.0,0.379,0.069,0.278,0.347,0.208,2839.0,0.063,0.252,1.842,181.0,2025/26
469050,2972.0,35.0,0.869,0.03,0.061,0.091,0.212,3420.0,0.184,0.122,1.395,193.0,2025/26
469781,3290.0,37.0,0.962,0.0,0.137,0.137,0.219,1107.0,0.0,0.091,1.5,184.0,2025/26
469822,925.0,16.0,0.27,0.292,0.292,0.584,0.292,1279.0,0.563,0.577,2.0,176.0,2025/26
470038,2350.0,33.0,0.768,0.191,0.0,0.191,0.077,,,,1.118,182.0,2025/26
470394,1402.0,17.0,0.41,0.193,0.128,0.321,0.321,2461.0,0.549,0.397,1.421,182.0,2025/26
470607,1723.0,34.0,0.504,0.104,0.052,0.157,0.313,2179.0,0.661,0.325,1.184,186.0,2025/26
471055,1655.0,27.0,0.541,0.218,0.054,0.272,0.109,2225.0,0.485,0.343,0.765,191.0,2025/26
472249,1548.0,26.0,0.506,0.174,0.058,0.233,0.233,,,,0.941,178.0,2025/26
472423,1960.0,29.0,0.573,0.092,0.23,0.321,0.184,1063.0,0.169,0.271,1.368,180.0,2025/26
473050,2758.0,35.0,0.806,0.261,0.131,0.392,0.196,2301.0,0.508,0.431,1.395,185.0,2025/26
473169,1934.0,31.0,0.565,0.326,0.047,0.372,0.279,1565.0,0.403,0.382,1.421,181.0,2025/26
474662,2697.0,33.0,0.881,0.033,0.067,0.1,0.1,2331.0,0.039,0.08,1.147,180.0,2025/26
474701,2484.0,31.0,0.726,0.181,0.145,0.326,0.217,780.0,0.231,0.294,1.026,172.0,2025/26
474800,1366.0,17.0,0.446,0.0,0.066,0.066,0.461,2549.0,0.035,0.056,1.735,184.0,2025/26
475188,2638.0,31.0,0.771,0.273,0.205,0.478,0.205,258.0,0.349,0.435,1.289,176.0,2025/26
475410,1610.0,27.0,0.471,0.112,0.112,0.224,0.168,,,,0.474,175.0,2025/26
475411,1726.0,25.0,0.505,0.0,0.052,0.052,0.261,1176.0,0.0,0.035,1.368,188.0,2025/26
475413,462.0,9.0,0.367,0.0,0.0,0.0,0.195,594.0,0.303,0.101,2.714,178.0,2025/26
475959,1374.0,18.0,0.402,0.131,0.131,0.262,0.131,3280.0,0.137,0.22,2.053,185.0,2025/26
476701,881.0,22.0,0.258,0.0,0.0,0.0,0.102,1792.0,0.151,0.05,1.868,182.0,2025/26
476836,2424.0,28.0,0.792,0.149,0.149,0.297,0.297,2699.0,0.167,0.254,1.324,178.0,2025/26
477758,2084.0,25.0,0.609,0.0,0.13,0.13,0.173,3155.0,0.2,0.153,1.026,183.0,2025/26
478573,2996.0,36.0,0.876,0.15,0.09,0.24,0.15,3169.0,0.114,0.198,1.579,190.0,2025/26
479638,526.0,15.0,0.172,0.0,0.0,0.0,0.342,100.0,1.8,0.6,0.941,176.0,2025/26
479648,2067.0,34.0,0.675,0.174,0.218,0.392,0.087,2899.0,0.404,0.396,1.794,178.0,2025/26
479999,1900.0,33.0,0.556,0.332,0.095,0.426,0.047,2603.0,0.553,0.469,2.237,178.0,2025/26
480116,2998.0,35.0,0.877,0.03,0.03,0.06,0.12,1316.0,0.068,0.063,1.816,189.0,2025/26
480267,1061.0,24.0,0.31,0.254,0.0,0.254,0.17,757.0,0.238,0.249,2.474,192.0,2025/26
480692,2451.0,32.0,0.801,0.551,0.624,1.175,0.184,2413.0,0.746,1.032,2.618,179.0,2025/26
480762,1231.0,18.0,0.36,0.0,0.0,0.0,0.0,1754.0,0.154,0.051,1.868,175.0,2025/26
480763,936.0,13.0,0.371,0.0,0.0,0.0,0.192,1517.0,0.059,0.02,1.964,187.0,2025/26
481513,2274.0,27.0,0.743,0.079,0.079,0.158,0.396,,,,0.5,173.0,2025/26
483046,1855.0,26.0,0.606,0.097,0.194,0.291,0.049,874.0,0.206,0.263,2.618,187.0,2025/26
483348,2056.0,30.0,0.601,0.0,0.0,0.0,0.175,1791.0,0.151,0.05,1.079,184.0,2025/26
484547,1040.0,21.0,0.304,0.0,0.173,0.173,0.087,2322.0,0.426,0.258,1.579,172.0,2025/26
485585,1599.0,30.0,0.468,0.0,0.113,0.113,0.113,1127.0,0.24,0.155,1.711,178.0,2025/26
485706,1764.0,25.0,0.516,0.102,0.0,0.102,0.153,1624.0,0.166,0.123,1.711,195.0,2025/26
485960,2252.0,27.0,0.736,0.0,0.04,0.04,0.08,2016.0,0.089,0.056,1.735,186.0,2025/26
485963,2143.0,30.0,0.627,0.21,0.084,0.294,0.336,2230.0,0.161,0.25,1.895,189.0,2025/26
485965,2303.0,29.0,0.753,0.0,0.039,0.039,0.078,2051.0,0.088,0.055,0.706,181.0,2025/26
486031,1471.0,26.0,0.43,0.306,0.0,0.306,0.245,1764.0,0.255,0.289,1.816,180.0,2025/26
486046,1051.0,12.0,0.343,0.0,0.0,0.0,0.0,428.0,0.0,0.0,1.912,192.0,2025/26
486049,1786.0,30.0,0.522,0.252,0.353,0.605,0.0,1514.0,0.535,0.581,2.053,173.0,2025/26
487465,2643.0,34.0,0.773,0.17,0.204,0.375,0.068,2269.0,0.397,0.382,1.368,174.0,2025/26
487469,2121.0,29.0,0.693,0.042,0.297,0.339,0.085,2035.0,0.265,0.315,2.235,170.0,2025/26
487474,2098.0,31.0,0.613,0.129,0.214,0.343,0.129,1338.0,0.471,0.386,1.816,166.0,2025/26
487843,2346.0,38.0,0.686,0.269,0.077,0.345,0.077,2240.0,0.321,0.337,1.079,183.0,2025/26
487969,1669.0,30.0,0.488,0.054,0.054,0.108,0.162,1514.0,0.713,0.31,1.079,187.0,2025/26
488362,1856.0,35.0,0.543,0.145,0.048,0.194,0.194,1633.0,0.331,0.24,1.079,182.0,2025/26
488626,1504.0,26.0,0.44,0.0,0.06,0.06,0.18,3089.0,0.087,0.069,1.184,182.0,2025/26
488785,2413.0,31.0,0.706,0.075,0.0,0.075,0.298,544.0,0.0,0.05,0.553,179.0,2025/26
489359,1318.0,28.0,0.385,0.137,0.0,0.137,0.068,,,,1.237,180.0,2025/26
490384,1798.0,26.0,0.526,0.05,0.05,0.1,0.05,2133.0,0.127,0.109,1.842,191.0,2025/26
490423,931.0,20.0,0.272,0.0,0.097,0.097,0.193,1258.0,0.143,0.112,1.868,187.0,2025/26
490426,1011.0,18.0,0.33,0.0,0.089,0.089,0.178,496.0,0.0,0.059,1.588,173.0,2025/26
490606,450.0,5.0,0.333,0.0,0.0,0.0,0.2,,,,0.933,205.0,2025/26
492319,810.0,9.0,0.562,0.0,0.0,0.0,0.111,990.0,0.0,0.0,1.25,190.0,2025/26
493003,2404.0,29.0,0.703,0.15,0.112,0.262,0.262,3232.0,0.278,0.268,1.184,180.0,2025/26
494237,1159.0,32.0,0.339,0.466,0.0,0.466,0.155,60.0,1.0,0.644,1.421,184.0,2025/26
494880,938.0,15.0,0.274,0.0,0.0,0.0,0.576,350.0,0.0,0.0,1.368,190.0,2025/26
495621,3117.0,36.0,0.911,0.058,0.087,0.144,0.26,2739.0,0.033,0.107,1.132,176.0,2025/26
495625,2165.0,31.0,0.633,0.042,0.0,0.042,0.291,,,,1.132,184.0,2025/26
495666,2615.0,31.0,0.765,0.034,0.0,0.034,0.069,3041.0,0.059,0.043,2.237,192.0,2025/26
495667,2748.0,36.0,0.804,0.197,0.164,0.36,0.131,2625.0,0.171,0.297,1.868,174.0,2025/26
495839,1320.0,15.0,0.386,0.0,0.0,0.0,0.205,,,,0.553,196.0,2025/26
496094,1196.0,28.0,0.391,0.527,0.301,0.828,0.376,1441.0,0.812,0.822,2.147,180.0,2025/26
496706,2610.0,29.0,0.853,0.0,0.034,0.034,0.103,,,,1.324,190.0,2025/26
496745,884.0,18.0,0.258,0.102,0.407,0.509,0.102,1135.0,0.159,0.392,1.474,191.0,2025/26
497291,1177.0,27.0,0.344,0.076,0.076,0.153,0.229,1971.0,0.046,0.117,1.158,179.0,2025/26
498237,1787.0,22.0,0.523,0.05,0.0,0.05,0.302,1437.0,0.063,0.054,0.763,196.0,2025/26
500053,1569.0,27.0,0.513,0.631,0.172,0.803,0.172,,,,1.765,177.0,2025/26
500067,922.0,27.0,0.27,0.098,0.098,0.195,0.0,957.0,0.282,0.224,1.132,176.0,2025/26
500689,916.0,21.0,0.268,0.098,0.098,0.197,0.0,2575.0,0.734,0.376,1.711,188.0,2025/26
501418,1084.0,27.0,0.317,0.083,0.083,0.166,0.332,2304.0,0.078,0.137,1.132,172.0,2025/26
502670,1482.0,28.0,0.484,0.486,0.243,0.729,0.061,2107.0,0.641,0.699,2.235,183.0,2025/26
502676,868.0,10.0,0.254,0.0,0.0,0.0,0.0,3060.0,0.0,0.0,1.579,197.0,2025/26
502722,1019.0,22.0,0.298,0.265,0.088,0.353,0.088,1794.0,0.151,0.286,1.211,185.0,2025/26
502821,1708.0,26.0,0.499,0.053,0.105,0.158,0.263,985.0,0.274,0.197,2.237,188.0,2025/26
503075,1965.0,28.0,0.575,0.046,0.0,0.046,0.229,2325.0,0.0,0.031,1.553,191.0,2025/26
503160,2078.0,30.0,0.679,0.217,0.087,0.303,0.087,2349.0,0.613,0.406,1.176,169.0,2025/26
503482,1605.0,25.0,0.525,0.056,0.056,0.112,0.056,2289.0,0.079,0.101,2.618,190.0,2025/26
503680,3206.0,37.0,0.937,0.056,0.084,0.14,0.168,2592.0,0.139,0.14,1.158,183.0,2025/26
503686,2148.0,29.0,0.628,0.084,0.084,0.168,0.168,,,,1.421,187.0,2025/26
503733,1814.0,26.0,0.53,0.298,0.099,0.397,0.149,2446.0,0.442,0.412,1.289,183.0,2025/26
503743,3285.0,37.0,0.961,0.274,0.192,0.466,0.192,3131.0,0.546,0.493,1.711,187.0,2025/26
503749,1445.0,28.0,0.423,0.125,0.187,0.311,0.187,1628.0,0.332,0.318,1.289,180.0,2025/26
503770,2247.0,30.0,0.734,0.521,0.2,0.721,0.16,613.0,0.587,0.676,1.588,179.0,2025/26
503866,596.0,11.0,0.195,0.151,0.302,0.453,0.151,956.0,0.282,0.396,1.118,181.0,2025/26
503871,3089.0,36.0,0.903,0.029,0.0,0.029,0.146,3107.0,0.058,0.039,1.079,178.0,2025/26
503881,692.0,16.0,0.202,0.0,0.0,0.0,0.26,552.0,0.0,0.0,1.289,183.0,2025/26
503883,2880.0,32.0,0.842,0.0,0.0,0.0,0.0,2687.0,0.0,0.0,1.868,193.0,2025/26
503981,1328.0,17.0,0.388,0.0,0.068,0.068,0.068,2843.0,0.032,0.056,1.289,182.0,2025/26
503987,1217.0,26.0,0.356,0.222,0.074,0.296,0.0,2047.0,0.484,0.358,2.237,182.0,2025/26
503991,651.0,20.0,0.19,0.138,0.0,0.138,0.138,1574.0,0.114,0.13,1.553,178.0,2025/26
504153,2611.0,32.0,0.853,0.069,0.103,0.172,0.276,2588.0,0.0,0.115,1.118,184.0,2025/26
504215,509.0,19.0,0.166,0.177,0.177,0.354,0.177,341.0,0.528,0.412,1.118,187.0,2025/26
504849,1722.0,25.0,0.504,0.157,0.052,0.209,0.261,2609.0,0.483,0.3,1.395,178.0,2025/26
505219,3414.0,38.0,0.998,0.053,0.185,0.237,0.316,1595.0,0.056,0.177,1.289,182.0,2025/26
505493,534.0,8.0,0.156,0.0,0.0,0.0,0.506,,,,1.105,175.0,2025/26
505653,805.0,28.0,0.263,0.224,0.671,0.894,0.335,1878.0,0.623,0.804,2.147,185.0,2025/26
505674,818.0,22.0,0.239,0.55,0.11,0.66,0.22,1139.0,0.395,0.572,1.316,182.0,2025/26
506248,2542.0,36.0,0.743,0.035,0.212,0.248,0.319,1045.0,0.172,0.223,1.211,178.0,2025/26
507341,2485.0,35.0,0.812,0.217,0.145,0.362,0.145,867.0,0.519,0.414,1.265,181.0,2025/26
507486,1429.0,28.0,0.418,0.0,0.063,0.063,0.189,3000.0,0.12,0.082,1.474,188.0,2025/26
507496,529.0,17.0,0.173,0.17,0.0,0.17,0.17,,,,1.029,171.0,2025/26
509022,1090.0,21.0,0.319,0.165,0.0,0.165,0.248,2199.0,0.082,0.137,1.816,190.0,2025/26
513031,1061.0,30.0,0.31,0.0,0.0,0.0,0.254,1387.0,0.0,0.0,1.105,179.0,2025/26
514285,1830.0,21.0,0.535,0.0,0.246,0.246,0.049,644.0,0.14,0.211,0.579,183.0,2025/26
514888,1834.0,34.0,0.536,0.049,0.049,0.098,0.098,1485.0,0.424,0.207,1.184,184.0,2025/26
515544,3039.0,38.0,0.889,0.059,0.03,0.089,0.267,,,,1.421,180.0,2025/26
516716,2175.0,26.0,0.636,0.166,0.124,0.29,0.207,540.0,0.0,0.193,1.816,188.0,2025/26
517753,2115.0,33.0,0.618,0.043,0.0,0.043,0.128,1829.0,0.0,0.028,1.316,177.0,2025/26
517842,843.0,21.0,0.246,0.107,0.0,0.107,0.107,1098.0,0.0,0.071,1.211,175.0,2025/26
517894,2503.0,33.0,0.732,0.36,0.144,0.503,0.144,2603.0,0.726,0.578,1.868,183.0,2025/26
518505,2379.0,32.0,0.777,0.265,0.34,0.605,0.151,1677.0,0.268,0.493,1.824,185.0,2025/26
518644,1226.0,27.0,0.358,0.44,0.073,0.514,0.294,,,,1.289,168.0,2025/26
519872,645.0,18.0,0.211,0.14,0.14,0.279,0.558,,,,1.147,180.0,2025/26
520530,507.0,12.0,0.148,0.0,0.0,0.0,0.355,1530.0,0.118,0.039,1.289,184.0,2025/26
520624,2460.0,29.0,0.719,0.329,0.22,0.549,0.22,3287.0,0.301,0.466,1.289,182.0,2025/26
520840,1761.0,21.0,0.699,0.0,0.0,0.0,0.256,1523.0,0.0,0.0,1.143,190.0,2025/26
521407,1211.0,33.0,0.354,0.297,0.074,0.372,0.223,642.0,0.28,0.341,1.0,187.0,2025/26
521964,2964.0,35.0,0.867,0.121,0.0,0.121,0.121,1804.0,0.0,0.081,1.289,194.0,2025/26
522223,576.0,25.0,0.188,0.0,0.312,0.312,0.312,356.0,0.0,0.208,0.765,183.0,2025/26
522784,2090.0,29.0,0.611,0.344,0.129,0.474,0.344,2395.0,0.564,0.504,1.026,178.0,2025/26
523318,2278.0,38.0,0.666,0.553,0.079,0.632,0.0,1270.0,0.567,0.61,1.868,186.0,2025/26
524000,2563.0,31.0,0.749,0.035,0.0,0.035,0.281,2605.0,0.138,0.069,1.184,184.0,2025/26
524010,456.0,24.0,0.133,0.0,0.0,0.0,0.395,891.0,0.101,0.034,1.316,175.0,2025/26
524285,1293.0,22.0,0.423,0.0,0.139,0.139,0.07,959.0,0.188,0.155,1.118,184.0,2025/26
524290,2358.0,33.0,0.771,0.382,0.344,0.725,0.076,,,,1.794,191.0,2025/26
525140,908.0,24.0,0.297,0.297,0.099,0.396,0.099,893.0,0.403,0.399,1.059,184.0,2025/26
525155,2191.0,25.0,0.716,0.0,0.0,0.0,0.082,180.0,0.0,0.0,1.147,192.0,2025/26
525247,1558.0,21.0,0.597,0.0,0.0,0.0,0.231,3349.0,0.054,0.018,0.966,194.0,2025/26
525299,1484.0,28.0,0.434,0.061,0.061,0.121,0.0,2464.0,0.219,0.154,2.0,180.0,2025/26
525578,1994.0,29.0,0.583,0.09,0.045,0.135,0.406,2147.0,0.21,0.16,1.316,186.0,2025/26
525704,512.0,11.0,0.15,0.0,0.176,0.176,0.352,2727.0,0.099,0.15,1.421,179.0,2025/26
526050,1526.0,27.0,0.446,0.177,0.177,0.354,0.354,,,,1.105,191.0,2025/26
526845,3060.0,34.0,1.0,0.0,0.0,0.0,0.029,2308.0,0.0,0.0,1.382,190.0,2025/26
527966,2804.0,35.0,0.82,0.0,0.128,0.128,0.289,3067.0,0.147,0.134,1.316,183.0,2025/26
528181,1530.0,17.0,0.447,0.0,0.0,0.0,0.059,,,,1.184,187.0,2025/26
528833,1022.0,26.0,0.299,0.176,0.176,0.352,0.088,1149.0,0.235,0.313,1.553,184.0,2025/26
529895,1253.0,21.0,0.409,0.0,0.0,0.0,0.287,,,,1.118,188.0,2025/26
530173,1389.0,24.0,0.454,0.194,0.0,0.194,0.065,149.0,0.0,0.13,0.765,195.0,2025/26
530742,1182.0,24.0,0.346,0.076,0.0,0.076,0.0,943.0,0.382,0.178,1.421,186.0,2025/26
531065,814.0,11.0,0.266,0.111,0.0,0.111,0.111,17.0,0.0,0.074,1.0,189.0,2025/26
531404,2514.0,35.0,0.735,0.036,0.072,0.107,0.107,,,,1.132,182.0,2025/26
531949,842.0,13.0,0.275,0.321,0.107,0.428,0.107,232.0,0.0,0.285,0.706,176.0,2025/26
532775,2396.0,29.0,0.783,0.075,0.038,0.113,0.15,1941.0,0.139,0.121,0.941,173.0,2025/26
532776,1082.0,31.0,0.316,0.25,0.166,0.416,0.166,759.0,0.356,0.396,1.5,180.0,2025/26
532826,2471.0,32.0,0.808,0.583,0.255,0.838,0.146,2818.0,0.862,0.846,1.735,181.0,2025/26
532937,3217.0,36.0,0.941,0.028,0.0,0.028,0.056,3041.0,0.089,0.048,1.079,182.0,2025/26
533295,1634.0,25.0,0.534,0.22,0.165,0.386,0.22,1782.0,0.354,0.375,0.853,182.0,2025/26
533568,3240.0,36.0,0.947,0.056,0.028,0.083,0.083,2923.0,0.092,0.086,1.132,181.0,2025/26
533738,1784.0,35.0,0.522,0.303,0.202,0.504,0.0,2559.0,0.739,0.583,1.816,178.0,2025/26
534033,2663.0,37.0,0.779,0.068,0.135,0.203,0.237,2609.0,0.345,0.25,1.579,176.0,2025/26
535820,634.0,22.0,0.207,0.142,0.0,0.142,0.426,,,,0.941,175.0,2025/26
535955,1471.0,23.0,0.43,0.0,0.0,0.0,0.306,1702.0,0.423,0.141,1.421,183.0,2025/26
536482,1167.0,27.0,0.381,0.386,0.0,0.386,0.231,291.0,0.619,0.463,1.147,184.0,2025/26
536508,2437.0,33.0,0.796,0.074,0.037,0.111,0.185,1046.0,0.0,0.074,1.265,178.0,2025/26
536835,2346.0,32.0,0.686,0.077,0.153,0.23,0.077,1903.0,0.757,0.406,1.868,173.0,2025/26
537382,1587.0,29.0,0.464,0.0,0.17,0.17,0.284,1734.0,0.311,0.217,1.079,175.0,2025/26
537598,2217.0,29.0,0.725,0.284,0.203,0.487,0.081,1852.0,0.389,0.454,1.118,170.0,2025/26
537602,994.0,20.0,0.291,0.091,0.0,0.091,0.181,1769.0,0.153,0.111,1.474,178.0,2025/26
538006,1686.0,26.0,0.493,0.0,0.0,0.0,0.16,,,,0.763,183.0,2025/26
538874,489.0,10.0,0.34,0.368,0.0,0.368,0.0,53.0,1.0,0.579,1.062,188.0,2025/26
538918,2702.0,36.0,0.79,0.233,0.167,0.4,0.2,2344.0,0.346,0.382,1.132,183.0,2025/26
538964,804.0,23.0,0.235,0.224,0.336,0.56,0.224,1145.0,0.472,0.53,1.474,190.0,2025/26
538971,679.0,15.0,0.222,0.0,0.133,0.133,0.0,55.0,0.0,0.088,1.0,183.0,2025/26
538977,1791.0,32.0,0.524,0.151,0.201,0.352,0.101,1666.0,0.432,0.379,1.395,182.0,2025/26
538996,646.0,12.0,0.189,0.0,0.0,0.0,0.697,520.0,0.0,0.0,1.132,191.0,2025/26
539134,952.0,21.0,0.278,0.189,0.095,0.284,0.095,1566.0,0.402,0.323,1.421,188.0,2025/26
539232,2013.0,31.0,0.658,0.089,0.045,0.134,0.179,,,,0.5,178.0,2025/26
539665,1248.0,23.0,0.408,0.0,0.0,0.0,0.072,544.0,0.0,0.0,1.0,175.0,2025/26
539795,1006.0,13.0,0.329,0.268,0.0,0.268,0.179,,,,1.0,191.0,2025/26
539798,900.0,14.0,0.294,0.0,0.1,0.1,0.1,252.0,0.0,0.067,1.824,187.0,2025/26
540056,933.0,24.0,0.305,0.0,0.096,0.096,0.096,1075.0,0.251,0.148,1.118,178.0,2025/26
540664,657.0,17.0,0.192,0.137,0.685,0.822,0.137,2513.0,0.537,0.727,1.158,180.0,2025/26
540941,2058.0,33.0,0.602,0.175,0.175,0.35,0.0,2930.0,0.399,0.366,1.395,180.0,2025/26
541231,2761.0,32.0,0.807,0.0,0.065,0.065,0.065,2588.0,0.035,0.055,1.395,192.0,2025/26
541555,2545.0,30.0,0.744,0.035,0.071,0.106,0.248,3258.0,0.055,0.089,1.105,184.0,2025/26
542452,2353.0,27.0,0.769,0.0,0.0,0.0,0.0,,,,0.5,198.0,2025/26
543499,1546.0,19.0,0.452,0.116,0.349,0.466,0.175,2603.0,0.277,0.403,1.079,177.0,2025/26
543666,533.0,6.0,0.156,0.0,0.0,0.0,0.0,2677.0,0.0,0.0,1.289,188.0,2025/26
543771,1136.0,15.0,0.341,0.0,0.0,0.0,0.238,983.0,0.366,0.122,1.189,179.0,2025/26
543822,850.0,17.0,0.249,0.0,0.0,0.0,0.212,246.0,0.366,0.122,0.474,182.0,2025/26
545332,534.0,16.0,0.175,0.169,0.169,0.337,0.337,370.0,0.243,0.306,0.765,189.0,2025/26
545538,1760.0,32.0,0.515,0.256,0.205,0.46,0.307,609.0,0.148,0.356,1.0,169.0,2025/26
545647,2693.0,34.0,0.787,0.067,0.033,0.1,0.067,1657.0,0.217,0.139,1.421,170.0,2025/26
546926,3064.0,35.0,0.896,0.0,0.0,0.0,0.088,3128.0,0.029,0.01,1.289,190.0,2025/26
547985,1528.0,23.0,0.447,0.059,0.118,0.177,0.353,1116.0,0.161,0.172,1.105,178.0,2025/26
548111,1572.0,27.0,0.46,0.115,0.172,0.286,0.286,2608.0,0.587,0.386,1.816,172.0,2025/26
548188,2871.0,36.0,0.839,0.125,0.157,0.282,0.125,142.0,0.0,0.188,1.132,170.0,2025/26
548254,2404.0,29.0,0.786,0.037,0.075,0.112,0.374,357.0,0.0,0.075,1.794,183.0,2025/26
549027,1351.0,25.0,0.395,0.133,0.333,0.466,0.133,1376.0,0.196,0.376,1.132,185.0,2025/26
550106,1731.0,30.0,0.506,0.208,0.104,0.312,0.312,1430.0,0.189,0.271,1.421,185.0,2025/26
550108,1905.0,33.0,0.557,0.094,0.236,0.331,0.142,963.0,0.28,0.314,1.553,175.0,2025/26
550550,1309.0,30.0,0.428,0.413,0.069,0.481,0.138,1063.0,1.101,0.688,2.235,185.0,2025/26
550580,1063.0,32.0,0.347,0.254,0.085,0.339,0.169,1959.0,0.643,0.44,1.118,185.0,2025/26
550957,758.0,12.0,0.526,0.0,0.0,0.0,0.237,1095.0,0.0,0.0,0.688,192.0,2025/26
551505,2228.0,33.0,0.728,0.242,0.364,0.606,0.162,1686.0,0.214,0.475,1.735,176.0,2025/26
552425,3029.0,36.0,0.886,0.0,0.119,0.119,0.267,2113.0,0.0,0.079,1.105,182.0,2025/26
552472,1032.0,32.0,0.302,0.0,0.087,0.087,0.262,659.0,0.0,0.058,1.184,181.0,2025/26
552955,896.0,16.0,0.262,0.0,0.201,0.201,0.201,1440.0,0.938,0.446,1.842,180.0,2025/26
553285,1960.0,29.0,0.641,0.367,0.092,0.459,0.046,,,,1.794,187.0,2025/26
553875,2798.0,34.0,0.818,0.032,0.064,0.096,0.322,2609.0,0.276,0.156,1.079,173.0,2025/26
555076,583.0,10.0,0.191,0.0,0.309,0.309,0.0,899.0,0.501,0.373,1.0,180.0,2025/26
555500,1598.0,28.0,0.467,0.0,0.113,0.113,0.169,1364.0,0.066,0.097,1.105,192.0,2025/26
555820,1460.0,25.0,0.427,0.062,0.0,0.062,0.493,1383.0,0.13,0.084,0.895,182.0,2025/26
556385,1342.0,20.0,0.392,0.0,0.067,0.067,0.268,1932.0,0.047,0.06,1.079,188.0,2025/26
557057,1007.0,19.0,0.294,0.089,0.089,0.179,0.089,,,,1.105,174.0,2025/26
557149,1522.0,27.0,0.497,0.177,0.237,0.414,0.177,1667.0,0.648,0.492,2.235,174.0,2025/26
557407,1179.0,24.0,0.345,0.076,0.382,0.458,0.076,1578.0,0.114,0.343,1.921,181.0,2025/26
557459,3043.0,35.0,0.89,0.118,0.03,0.148,0.266,1018.0,0.177,0.158,1.079,193.0,2025/26
557612,1229.0,27.0,0.402,0.22,0.146,0.366,0.0,759.0,0.237,0.323,1.0,183.0,2025/26
557613,2532.0,33.0,0.827,0.036,0.213,0.249,0.071,1598.0,0.225,0.241,1.735,174.0,2025/26
559979,1441.0,23.0,0.421,0.0,0.125,0.125,0.625,2467.0,0.036,0.095,1.342,188.0,2025/26
560417,1133.0,26.0,0.331,0.318,0.0,0.318,0.238,,,,1.316,182.0,2025/26
560593,1694.0,25.0,0.554,0.053,0.106,0.159,0.266,2440.0,0.221,0.18,0.941,175.0,2025/26
560705,705.0,18.0,0.206,0.0,0.128,0.128,0.255,,,,1.342,181.0,2025/26
561613,2700.0,30.0,0.789,0.0,0.0,0.0,0.033,3420.0,0.0,0.0,2.474,194.0,2025/26
562742,2970.0,33.0,0.868,0.0,0.0,0.0,0.121,630.0,0.0,0.0,1.105,189.0,2025/26
563137,1293.0,32.0,0.378,0.418,0.07,0.487,0.07,1286.0,0.07,0.348,1.184,178.0,2025/26
563963,1080.0,12.0,0.353,0.083,0.0,0.083,0.25,1021.0,0.088,0.085,1.588,188.0,2025/26
564305,3057.0,38.0,0.894,0.029,0.059,0.088,0.118,2417.0,0.112,0.096,1.132,187.0,2025/26
564545,2576.0,29.0,0.842,0.175,0.105,0.28,0.245,2511.0,0.0,0.186,1.735,194.0,2025/26
564785,2458.0,32.0,0.719,0.146,0.146,0.293,0.33,,,,1.289,189.0,2025/26
565093,3420.0,38.0,1.0,0.0,0.0,0.0,0.079,3240.0,0.028,0.009,1.395,193.0,2025/26
565424,774.0,20.0,0.253,0.233,0.0,0.233,0.116,1581.0,0.569,0.345,1.912,179.0,2025/26
565821,1063.0,32.0,0.347,0.169,0.169,0.339,0.0,1239.0,1.09,0.589,1.588,187.0,2025/26
566615,2768.0,36.0,0.809,0.033,0.065,0.098,0.033,2480.0,0.145,0.113,1.079,182.0,2025/26
566723,2320.0,32.0,0.758,0.582,0.815,1.397,0.31,2347.0,1.15,1.315,2.618,180.0,2025/26
566931,1847.0,29.0,0.54,0.097,0.244,0.341,0.244,2157.0,0.709,0.464,1.079,179.0,2025/26
567129,1919.0,30.0,0.561,0.0,0.0,0.0,0.234,,,,1.289,189.0,2025/26
567576,3335.0,38.0,0.975,0.108,0.108,0.216,0.216,2743.0,0.262,0.231,1.158,179.0,2025/26
568157,2252.0,36.0,0.658,0.08,0.12,0.2,0.16,1950.0,0.554,0.318,1.184,174.0,2025/26
568158,1713.0,25.0,0.501,0.0,0.053,0.053,0.158,1935.0,0.0,0.035,0.763,183.0,2025/26
568177,1965.0,26.0,0.575,0.458,0.046,0.504,0.229,3200.0,0.675,0.561,1.368,185.0,2025/26
568333,2782.0,35.0,0.813,0.0,0.097,0.097,0.259,1076.0,0.167,0.12,1.132,188.0,2025/26
568559,516.0,10.0,0.151,0.0,0.0,0.0,0.0,1251.0,0.0,0.0,1.079,191.0,2025/26
568617,619.0,7.0,0.43,0.0,0.0,0.0,0.145,1080.0,0.0,0.0,1.312,197.0,2025/26
568693,1389.0,26.0,0.406,0.13,0.259,0.389,0.194,1914.0,0.235,0.338,1.079,185.0,2025/26
568696,971.0,14.0,0.674,0.0,0.185,0.185,0.185,,,,0.688,168.0,2025/26
568698,2949.0,34.0,0.964,0.244,0.153,0.397,0.092,1904.0,0.425,0.406,1.029,184.0,2025/26
568728,707.0,8.0,0.231,0.0,0.0,0.0,0.0,,,,0.5,206.0,2025/26
568835,1864.0,27.0,0.545,0.048,0.241,0.29,0.145,,,,1.105,182.0,2025/26
569033,534.0,22.0,0.175,0.337,0.0,0.337,0.169,752.0,0.598,0.424,1.176,175.0,2025/26
569140,2781.0,32.0,0.909,0.388,0.129,0.518,0.259,2307.0,0.546,0.527,1.0,186.0,2025/26
569383,1490.0,18.0,0.487,0.06,0.06,0.121,0.302,2551.0,0.071,0.104,1.265,193.0,2025/26
569384,2693.0,34.0,0.787,0.033,0.1,0.134,0.368,2117.0,0.17,0.146,1.132,185.0,2025/26
569389,2145.0,33.0,0.701,0.336,0.084,0.42,0.21,1052.0,0.941,0.593,0.941,175.0,2025/26
569598,2217.0,33.0,0.648,0.081,0.122,0.203,0.162,2510.0,0.251,0.219,1.842,185.0,2025/26
569845,1779.0,26.0,0.581,0.0,0.101,0.101,0.354,2032.0,0.177,0.127,0.941,182.0,2025/26
569939,1704.0,29.0,0.498,0.0,0.053,0.053,0.423,,,,0.895,181.0,2025/26
571020,1804.0,28.0,0.527,0.2,0.0,0.2,0.15,1626.0,0.886,0.428,1.184,188.0,2025/26
571271,1665.0,28.0,0.487,0.0,0.054,0.054,0.432,629.0,0.0,0.036,1.868,181.0,2025/26
571604,1817.0,24.0,0.531,0.149,0.05,0.198,0.099,274.0,0.0,0.132,1.553,194.0,2025/26
571607,605.0,23.0,0.177,0.149,0.298,0.446,0.149,1695.0,0.319,0.404,1.816,180.0,2025/26
571743,849.0,24.0,0.248,0.106,0.106,0.212,0.0,332.0,0.0,0.141,0.579,191.0,2025/26
572265,528.0,20.0,0.154,0.341,0.0,0.341,0.17,2363.0,0.533,0.405,2.0,201.0,2025/26
573775,1982.0,36.0,0.58,0.454,0.0,0.454,0.182,2172.0,0.58,0.496,1.289,177.0,2025/26
574671,2870.0,34.0,0.839,0.157,0.031,0.188,0.125,1864.0,0.193,0.19,1.842,194.0,2025/26
575998,1998.0,26.0,0.653,0.0,0.045,0.045,0.225,2276.0,0.0,0.03,1.735,188.0,2025/26
576024,1903.0,29.0,0.556,0.378,0.189,0.568,0.095,2519.0,0.75,0.628,1.816,170.0,2025/26
576028,1312.0,27.0,0.384,0.206,0.069,0.274,0.137,949.0,0.569,0.373,1.816,171.0,2025/26
576314,3211.0,36.0,0.939,0.084,0.084,0.168,0.252,2961.0,0.061,0.132,1.395,189.0,2025/26
578391,976.0,17.0,0.285,0.0,0.184,0.184,0.184,3128.0,0.316,0.228,2.053,180.0,2025/26
578392,2037.0,32.0,0.666,0.398,0.398,0.795,0.133,1590.0,0.792,0.794,2.147,185.0,2025/26
578419,2451.0,33.0,0.717,0.33,0.037,0.367,0.184,,,,0.763,181.0,2025/26
578421,768.0,16.0,0.251,0.117,0.234,0.352,0.469,1223.0,0.147,0.283,1.765,187.0,2025/26
578539,2826.0,33.0,0.826,0.032,0.0,0.032,0.127,1925.0,0.047,0.037,1.184,189.0,2025/26
579287,2453.0,33.0,0.802,0.073,0.073,0.147,0.0,2308.0,0.195,0.163,2.147,183.0,2025/26
579459,2440.0,30.0,0.797,0.037,0.074,0.111,0.369,,,,1.794,189.0,2025/26
579565,1812.0,31.0,0.592,0.05,0.149,0.199,0.298,,,,0.941,184.0,2025/26
579928,1047.0,19.0,0.342,0.602,0.172,0.774,0.0,2124.0,0.424,0.657,1.559,178.0,2025/26
579930,2614.0,38.0,0.764,0.241,0.31,0.551,0.138,,,,1.289,177.0,2025/26
580195,679.0,15.0,0.222,0.398,0.53,0.928,0.133,1805.0,0.798,0.884,2.618,184.0,2025/26
580451,1569.0,29.0,0.459,0.344,0.172,0.516,0.0,,,,1.868,172.0,2025/26
580560,1734.0,22.0,0.507,0.0,0.0,0.0,0.156,851.0,0.0,0.0,1.132,184.0,2025/26
580657,495.0,18.0,0.162,0.182,0.364,0.545,0.0,1285.0,0.42,0.504,1.794,170.0,2025/26
581357,2260.0,31.0,0.739,0.119,0.119,0.239,0.199,2688.0,0.201,0.226,0.765,190.0,2025/26
581669,626.0,11.0,0.205,0.0,0.0,0.0,0.144,,,,1.735,183.0,2025/26
581678,1918.0,28.0,0.561,0.282,0.188,0.469,0.141,2493.0,0.65,0.529,2.263,186.0,2025/26
583046,881.0,13.0,0.653,0.204,0.306,0.511,0.0,714.0,0.126,0.383,1.067,186.0,2025/26
583189,1313.0,32.0,0.384,0.0,0.069,0.069,0.0,2510.0,0.61,0.249,1.289,178.0,2025/26
583255,3205.0,37.0,0.937,0.477,0.112,0.59,0.197,3210.0,0.477,0.552,1.5,185.0,2025/26
583404,2135.0,29.0,0.624,0.042,0.126,0.169,0.126,1368.0,0.0,0.112,1.184,184.0,2025/26
583699,2257.0,32.0,0.738,0.199,0.399,0.598,0.199,943.0,0.668,0.621,1.147,189.0,2025/26
584769,1169.0,22.0,0.342,0.0,0.077,0.077,0.077,1371.0,0.788,0.314,1.289,183.0,2025/26
585949,3282.0,37.0,0.96,0.055,0.137,0.192,0.055,2335.0,0.039,0.141,1.816,182.0,2025/26
585959,1509.0,28.0,0.493,0.358,0.06,0.417,0.239,2591.0,0.729,0.521,1.294,178.0,2025/26
585973,2175.0,27.0,0.711,0.0,0.041,0.041,0.166,2054.0,0.131,0.071,0.706,176.0,2025/26
585982,1753.0,34.0,0.513,0.051,0.103,0.154,0.308,1681.0,0.375,0.228,2.289,184.0,2025/26
586853,2242.0,35.0,0.656,0.201,0.08,0.281,0.201,1334.0,0.337,0.3,1.079,178.0,2025/26
586984,593.0,15.0,0.173,0.0,0.0,0.0,0.304,1359.0,0.066,0.022,0.553,188.0,2025/26
588426,3090.0,35.0,0.904,0.029,0.029,0.058,0.087,2848.0,0.063,0.06,1.184,187.0,2025/26
588989,1124.0,23.0,0.329,0.08,0.0,0.08,0.08,,,,0.526,168.0,2025/26
590690,1040.0,21.0,0.304,0.173,0.087,0.26,0.087,,,,1.105,180.0,2025/26
591916,1629.0,19.0,0.476,0.11,0.0,0.11,0.221,1814.0,0.149,0.123,1.184,185.0,2025/26
591949,686.0,21.0,0.201,0.0,0.0,0.0,0.131,,,,1.395,185.0,2025/26
591957,2152.0,30.0,0.629,0.0,0.125,0.125,0.293,,,,1.132,185.0,2025/26
592387,2505.0,31.0,0.819,0.0,0.0,0.0,0.18,1298.0,0.347,0.116,0.941,187.0,2025/26
592534,2880.0,32.0,0.941,0.0,0.094,0.094,0.344,2412.0,0.037,0.075,1.118,188.0,2025/26
592975,1049.0,20.0,0.307,0.0,0.0,0.0,0.172,1192.0,0.151,0.05,1.289,182.0,2025/26
592979,1081.0,21.0,0.353,0.167,0.0,0.167,0.167,2849.0,0.221,0.185,1.059,185.0,2025/26
593412,2461.0,36.0,0.72,0.219,0.073,0.293,0.073,,,,0.763,179.0,2025/26
593482,1766.0,24.0,0.516,0.255,0.153,0.408,0.306,1129.0,0.399,0.405,1.079,182.0,2025/26
595650,1715.0,34.0,0.501,0.21,0.0,0.21,0.052,1443.0,0.561,0.327,1.0,188.0,2025/26
595809,1565.0,37.0,0.458,0.518,0.058,0.575,0.173,1528.0,0.471,0.54,1.289,194.0,2025/26
596122,2681.0,33.0,0.784,0.034,0.067,0.101,0.134,2583.0,0.035,0.079,1.316,174.0,2025/26
596153,1955.0,33.0,0.639,0.23,0.0,0.23,0.092,945.0,0.667,0.376,0.941,185.0,2025/26
597000,2564.0,31.0,0.838,0.07,0.07,0.14,0.351,,,,0.941,188.0,2025/26
597432,2704.0,31.0,0.884,0.1,0.0,0.1,0.2,1742.0,0.207,0.135,1.147,190.0,2025/26
597659,2533.0,29.0,0.828,0.107,0.071,0.178,0.284,2593.0,0.139,0.165,1.324,190.0,2025/26
598577,2390.0,33.0,0.699,0.188,0.151,0.339,0.038,2356.0,0.879,0.519,1.579,177.0,2025/26
599231,1663.0,30.0,0.486,0.487,0.162,0.649,0.216,1106.0,0.814,0.704,1.421,175.0,2025/26
599419,489.0,12.0,0.209,0.0,0.0,0.0,0.0,1245.0,0.072,0.024,1.308,186.0,2025/26
599733,2581.0,31.0,0.843,0.0,0.035,0.035,0.105,,,,0.765,177.0,2025/26
601143,652.0,21.0,0.213,0.0,0.138,0.138,0.414,358.0,0.0,0.092,1.176,180.0,2025/26
601883,2865.0,34.0,0.838,0.031,0.22,0.251,0.157,1672.0,0.377,0.293,2.053,183.0,2025/26
602105,2460.0,32.0,0.719,0.293,0.22,0.512,0.22,1500.0,0.42,0.481,1.579,172.0,2025/26
603675,712.0,18.0,0.208,0.126,0.0,0.126,0.0,,,,0.895,192.0,2025/26
603696,2480.0,37.0,0.725,0.145,0.036,0.181,0.145,,,,0.763,179.0,2025/26
604113,1700.0,21.0,0.497,0.053,0.0,0.053,0.159,,,,1.0,193.0,2025/26
605184,1819.0,23.0,0.532,0.0,0.049,0.049,0.247,1833.0,0.0,0.033,1.026,190.0,2025/26
605265,1616.0,23.0,0.528,0.056,0.0,0.056,0.0,,,,0.765,184.0,2025/26
605268,1563.0,31.0,0.511,0.633,0.115,0.749,0.0,300.0,0.3,0.599,1.382,194.0,2025/26
606718,1427.0,19.0,0.417,0.0,0.0,0.0,0.126,2615.0,0.034,0.011,0.526,187.0,2025/26
607034,2060.0,32.0,0.602,0.437,0.131,0.568,0.131,1210.0,0.446,0.527,1.132,190.0,2025/26
607223,1786.0,33.0,0.522,0.202,0.605,0.806,0.05,2048.0,0.835,0.816,2.053,177.0,2025/26
607224,1231.0,27.0,0.36,0.073,0.292,0.366,0.731,,,,0.579,177.0,2025/26
607226,1270.0,29.0,0.371,0.142,0.071,0.213,0.142,647.0,0.139,0.188,0.579,180.0,2025/26
607720,1110.0,14.0,0.363,0.0,0.0,0.0,0.0,720.0,0.0,0.0,2.618,189.0,2025/26
607854,2235.0,30.0,0.654,0.081,0.04,0.121,0.121,2886.0,0.187,0.143,1.553,183.0,2025/26
608172,700.0,14.0,0.205,0.0,0.129,0.129,0.0,1885.0,0.286,0.181,1.842,181.0,2025/26
608832,743.0,18.0,0.217,0.121,0.0,0.121,0.0,967.0,0.093,0.112,1.289,192.0,2025/26
609556,811.0,24.0,0.237,0.777,0.0,0.777,0.0,124.0,0.726,0.76,1.289,191.0,2025/26
610083,818.0,16.0,0.325,0.0,0.0,0.0,0.33,,,,0.821,176.0,2025/26
610442,2762.0,33.0,0.808,0.391,0.196,0.587,0.033,2014.0,0.223,0.465,2.0,191.0,2025/26
610795,1261.0,15.0,0.412,0.0,0.071,0.071,0.214,,,,0.765,190.0,2025/26
610849,1101.0,28.0,0.322,0.082,0.082,0.163,0.327,2616.0,0.482,0.27,1.368,186.0,2025/26
611793,2104.0,29.0,0.615,0.0,0.128,0.128,0.214,449.0,0.2,0.152,1.5,184.0,2025/26
612517,1578.0,20.0,0.461,0.0,0.114,0.114,0.342,,,,0.579,186.0,2025/26
613192,1594.0,26.0,0.521,0.169,0.056,0.226,0.113,,,,1.118,178.0,2025/26
613393,858.0,20.0,0.251,0.105,0.0,0.105,0.105,2332.0,0.232,0.147,1.184,174.0,2025/26
615350,1793.0,25.0,0.586,0.0,0.0,0.0,0.1,756.0,0.0,0.0,0.941,190.0,2025/26
616341,1250.0,20.0,0.408,0.288,0.36,0.648,0.072,1676.0,0.268,0.521,2.235,177.0,2025/26
616344,1013.0,27.0,0.331,0.444,0.267,0.711,0.355,1893.0,0.38,0.601,1.824,180.0,2025/26
616369,1769.0,30.0,0.517,0.153,0.254,0.407,0.254,1258.0,0.286,0.367,1.211,175.0,2025/26
616631,1775.0,26.0,0.519,0.0,0.152,0.152,0.203,1749.0,0.154,0.153,1.816,187.0,2025/26
617074,2489.0,36.0,0.728,0.072,0.108,0.181,0.289,2133.0,0.084,0.149,1.421,185.0,2025/26
617081,1763.0,34.0,0.515,0.204,0.051,0.255,0.102,2760.0,0.424,0.311,1.289,172.0,2025/26
617755,814.0,11.0,0.266,0.0,0.0,0.0,0.0,,,,0.853,195.0,2025/26
618341,2482.0,31.0,0.726,0.0,0.0,0.0,0.145,2743.0,0.033,0.011,1.421,185.0,2025/26
618472,2177.0,26.0,0.711,0.041,0.0,0.041,0.124,1578.0,0.0,0.028,1.912,184.0,2025/26
618494,2524.0,29.0,0.825,0.071,0.071,0.143,0.214,,,,1.765,185.0,2025/26
618809,2818.0,33.0,0.824,0.032,0.064,0.096,0.256,2640.0,0.034,0.075,1.105,171.0,2025/26
618813,452.0,11.0,0.132,0.0,0.0,0.0,0.199,1335.0,0.27,0.09,1.316,184.0,2025/26
619461,677.0,18.0,0.221,0.133,0.266,0.399,0.399,,,,1.324,185.0,2025/26
620164,1943.0,37.0,0.568,0.0,0.139,0.139,0.046,,,,0.763,175.0,2025/26
620217,2251.0,29.0,0.736,0.04,0.0,0.04,0.2,219.0,0.0,0.027,1.794,189.0,2025/26
620295,2880.0,32.0,0.941,0.0,0.0,0.0,0.031,,,,0.941,194.0,2025/26
620313,1276.0,15.0,0.417,0.0,0.0,0.0,0.353,227.0,0.0,0.0,1.029,185.0,2025/26
620322,2268.0,34.0,0.663,0.079,0.119,0.198,0.119,1858.0,0.048,0.148,1.368,178.0,2025/26
620696,581.0,10.0,0.17,0.31,0.0,0.31,0.155,,,,1.132,185.0,2025/26
621802,1255.0,16.0,0.41,0.072,0.215,0.287,0.215,951.0,0.0,0.191,0.941,181.0,2025/26
621993,1352.0,25.0,0.442,0.067,0.0,0.067,0.266,537.0,0.0,0.044,1.559,188.0,2025/26
622380,1990.0,33.0,0.582,0.271,0.0,0.271,0.226,1023.0,0.176,0.24,1.184,192.0,2025/26
622988,1233.0,29.0,0.361,0.146,0.073,0.219,0.292,552.0,0.0,0.146,1.316,176.0,2025/26
623024,961.0,24.0,0.281,0.0,0.0,0.0,0.187,917.0,0.0,0.0,1.289,182.0,2025/26
623570,2789.0,32.0,0.815,0.194,0.097,0.29,0.065,2440.0,0.332,0.304,1.289,180.0,2025/26
623773,2284.0,33.0,0.746,0.0,0.079,0.079,0.079,,,,0.941,184.0,2025/26
624037,2777.0,33.0,0.908,0.065,0.032,0.097,0.065,1871.0,0.048,0.081,1.147,179.0,2025/26
624258,933.0,15.0,0.273,0.0,0.193,0.193,0.482,748.0,0.241,0.209,1.579,181.0,2025/26
624690,2459.0,29.0,0.719,0.073,0.11,0.183,0.073,2578.0,0.105,0.157,1.921,185.0,2025/26
624942,623.0,14.0,0.182,0.0,0.289,0.289,0.0,2346.0,0.345,0.308,1.105,169.0,2025/26
625014,1620.0,18.0,0.474,0.0,0.0,0.0,0.056,1207.0,0.0,0.0,1.289,187.0,2025/26
625202,2251.0,27.0,0.658,0.0,0.0,0.0,0.28,1557.0,0.058,0.019,1.184,188.0,2025/26
625651,2631.0,36.0,0.769,0.0,0.034,0.034,0.239,1427.0,0.126,0.065,1.211,189.0,2025/26
625660,1730.0,33.0,0.506,0.052,0.26,0.312,0.104,852.0,0.211,0.279,1.105,176.0,2025/26
626724,2674.0,35.0,0.782,0.505,0.269,0.774,0.168,1953.0,0.737,0.762,1.368,186.0,2025/26
626913,1250.0,27.0,0.365,0.072,0.144,0.216,0.072,2193.0,0.492,0.308,1.421,180.0,2025/26
626953,1984.0,25.0,0.58,0.0,0.091,0.091,0.091,,,,1.132,177.0,2025/26
627228,995.0,19.0,0.325,0.181,0.271,0.452,0.362,887.0,0.0,0.302,2.147,168.0,2025/26
627290,652.0,21.0,0.191,0.138,0.0,0.138,0.414,,,,1.132,182.0,2025/26
627442,1637.0,30.0,0.479,0.605,0.055,0.66,0.11,2398.0,0.676,0.665,1.868,195.0,2025/26
627626,524.0,23.0,0.153,0.0,0.515,0.515,0.515,,,,1.237,170.0,2025/26
628365,860.0,25.0,0.251,0.0,0.0,0.0,0.314,,,,0.474,184.0,2025/26
628366,1366.0,27.0,0.399,0.066,0.132,0.198,0.066,1958.0,0.46,0.285,1.289,176.0,2025/26
628498,921.0,26.0,0.269,0.098,0.0,0.098,0.098,2178.0,0.289,0.162,1.211,175.0,2025/26
628886,2280.0,32.0,0.667,0.276,0.079,0.355,0.197,,,,1.105,173.0,2025/26
631002,1013.0,36.0,0.296,0.622,0.089,0.711,0.178,731.0,0.492,0.638,1.105,192.0,2025/26
631007,3012.0,36.0,0.881,0.06,0.0,0.06,0.179,534.0,0.0,0.04,0.895,186.0,2025/26
631821,1960.0,27.0,0.573,0.413,0.046,0.459,0.184,2155.0,0.877,0.598,1.079,182.0,2025/26
631927,1345.0,25.0,0.44,0.134,0.335,0.468,0.268,205.0,0.439,0.459,2.059,172.0,2025/26
632349,2302.0,28.0,0.752,0.156,0.0,0.156,0.352,488.0,0.0,0.104,1.735,190.0,2025/26
632741,898.0,23.0,0.263,0.301,0.1,0.401,0.1,687.0,0.131,0.311,1.105,175.0,2025/26
632831,1761.0,28.0,0.515,0.0,0.051,0.051,0.153,,,,1.316,192.0,2025/26
632896,1110.0,24.0,0.325,0.0,0.162,0.162,0.162,1176.0,0.0,0.108,1.079,182.0,2025/26
633530,1128.0,17.0,0.33,0.0,0.16,0.16,0.239,1411.0,0.191,0.17,1.316,173.0,2025/26
633668,1168.0,29.0,0.342,0.154,0.0,0.154,0.154,1010.0,0.356,0.222,1.474,190.0,2025/26
633992,2936.0,36.0,0.858,0.153,0.184,0.337,0.153,319.0,0.0,0.225,1.421,173.0,2025/26
634131,2154.0,31.0,0.63,0.0,0.084,0.084,0.251,2983.0,0.272,0.146,1.105,177.0,2025/26
634431,1347.0,27.0,0.394,0.0,0.2,0.2,0.468,940.0,0.0,0.134,1.211,181.0,2025/26
635645,1676.0,24.0,0.548,0.0,0.0,0.0,0.268,89.0,0.0,0.0,1.294,194.0,2025/26
636093,610.0,8.0,0.178,0.0,0.0,0.0,0.148,1180.0,0.0,0.0,1.421,187.0,2025/26
636688,1875.0,28.0,0.548,0.0,0.096,0.096,0.096,2293.0,0.157,0.116,2.474,177.0,2025/26
636695,981.0,24.0,0.287,0.0,0.092,0.092,0.092,1616.0,0.223,0.135,2.474,172.0,2025/26
636703,1798.0,30.0,0.526,0.3,0.451,0.751,0.15,1245.0,0.795,0.766,2.474,176.0,2025/26
637803,585.0,12.0,0.191,0.0,0.308,0.308,0.0,,,,1.559,188.0,2025/26
638124,759.0,14.0,0.222,0.0,0.0,0.0,0.237,,,,1.421,185.0,2025/26
638793,1821.0,34.0,0.532,0.346,0.049,0.395,0.395,501.0,0.539,0.443,1.895,183.0,2025/26
639733,978.0,26.0,0.286,0.184,0.092,0.276,0.644,1134.0,0.159,0.237,1.132,172.0,2025/26
640109,2301.0,29.0,0.673,0.313,0.078,0.391,0.196,81.0,0.0,0.261,1.342,187.0,2025/26
640428,1526.0,29.0,0.446,0.059,0.0,0.059,0.118,1098.0,0.246,0.121,2.263,182.0,2025/26
640556,1132.0,14.0,0.37,0.0,0.08,0.08,0.0,,,,0.941,191.0,2025/26
641537,784.0,18.0,0.229,0.115,0.23,0.344,0.23,814.0,0.221,0.303,1.079,170.0,2025/26
643574,3060.0,34.0,1.0,0.029,0.088,0.118,0.029,3044.0,0.0,0.078,1.176,176.0,2025/26
644032,978.0,20.0,0.286,0.0,0.092,0.092,0.092,757.0,0.0,0.061,0.553,188.0,2025/26
644401,1970.0,36.0,0.576,0.137,0.137,0.274,0.046,3100.0,0.145,0.231,1.395,170.0,2025/26
644408,1527.0,26.0,0.446,0.0,0.0,0.0,0.177,1473.0,0.0,0.0,1.421,194.0,2025/26
644771,985.0,19.0,0.288,0.091,0.0,0.091,0.091,1125.0,0.0,0.061,1.553,191.0,2025/26
645686,1048.0,28.0,0.306,0.0,0.0,0.0,0.429,475.0,0.0,0.0,1.711,185.0,2025/26
645774,1381.0,22.0,0.451,0.196,0.196,0.391,0.261,1194.0,0.302,0.361,0.765,188.0,2025/26
646402,2157.0,26.0,0.705,0.125,0.083,0.209,0.167,1091.0,0.165,0.194,1.765,181.0,2025/26
646740,574.0,11.0,0.168,0.0,0.157,0.157,0.47,1083.0,0.166,0.16,2.474,173.0,2025/26
646747,1123.0,16.0,0.328,0.08,0.24,0.321,0.08,,,,1.184,181.0,2025/26
646750,989.0,20.0,0.289,0.0,0.0,0.0,0.364,3320.0,0.027,0.009,2.237,191.0,2025/26
646829,833.0,15.0,0.272,0.0,0.0,0.0,0.0,,,,1.324,191.0,2025/26
646991,3150.0,35.0,0.921,0.0,0.0,0.0,0.114,2880.0,0.0,0.0,1.421,193.0,2025/26
647280,1204.0,14.0,0.352,0.299,0.075,0.374,0.075,445.0,1.213,0.654,0.553,190.0,2025/26
647435,2433.0,36.0,0.711,0.074,0.222,0.296,0.185,,,,1.211,170.0,2025/26
648020,510.0,9.0,0.167,0.0,0.0,0.0,0.0,2700.0,0.067,0.022,1.794,191.0,2025/26
648046,776.0,16.0,0.227,0.348,0.232,0.58,0.116,388.0,0.232,0.464,1.921,188.0,2025/26
648195,3121.0,36.0,0.913,0.288,0.115,0.404,0.288,2949.0,0.397,0.401,1.368,178.0,2025/26
649020,1392.0,20.0,0.455,0.065,0.0,0.065,0.259,1.0,0.0,0.043,0.5,183.0,2025/26
649026,2716.0,31.0,0.888,0.0,0.033,0.033,0.166,,,,1.294,192.0,2025/26
649490,521.0,27.0,0.152,0.345,0.0,0.345,0.518,1892.0,0.238,0.31,1.0,174.0,2025/26
649672,2010.0,26.0,0.657,0.045,0.134,0.179,0.448,,,,1.118,177.0,2025/26
651005,1874.0,33.0,0.548,0.144,0.0,0.144,0.096,1078.0,0.25,0.18,1.105,190.0,2025/26
651569,585.0,22.0,0.171,0.0,0.308,0.308,0.154,1363.0,0.396,0.337,0.553,180.0,2025/26
652054,1324.0,19.0,0.387,0.0,0.0,0.0,0.204,,,,1.474,193.0,2025/26
652061,925.0,21.0,0.302,0.097,0.0,0.097,0.292,,,,1.765,187.0,2025/26
652275,2477.0,32.0,0.809,0.291,0.109,0.4,0.218,1766.0,0.408,0.402,1.794,178.0,2025/26
652331,1405.0,26.0,0.411,0.128,0.384,0.512,0.384,,,,1.421,177.0,2025/26
653610,1985.0,30.0,0.649,0.272,0.272,0.544,0.136,2882.0,0.937,0.675,1.735,168.0,2025/26
654234,1747.0,28.0,0.571,0.309,0.052,0.361,0.155,,,,1.265,185.0,2025/26
654539,3380.0,38.0,0.988,0.027,0.133,0.16,0.133,2756.0,0.131,0.15,1.5,176.0,2025/26
654982,1635.0,25.0,0.534,0.22,0.275,0.495,0.33,2266.0,0.238,0.41,1.824,180.0,2025/26
654991,1169.0,26.0,0.382,0.231,0.308,0.539,0.0,699.0,0.901,0.66,0.941,179.0,2025/26
655006,2045.0,27.0,0.668,0.176,0.308,0.484,0.176,2578.0,0.314,0.427,1.559,179.0,2025/26
655217,1827.0,23.0,0.597,0.099,0.049,0.148,0.099,,,,2.059,190.0,2025/26
655488,1073.0,30.0,0.314,0.084,0.336,0.419,0.252,2299.0,0.47,0.436,2.237,178.0,2025/26
657430,2707.0,34.0,0.792,0.233,0.066,0.299,0.366,2655.0,0.068,0.222,1.105,185.0,2025/26
658115,1619.0,28.0,0.473,0.056,0.111,0.167,0.278,2068.0,0.087,0.14,1.105,188.0,2025/26
658533,532.0,8.0,0.369,0.0,0.0,0.0,0.338,1653.0,0.218,0.073,1.438,182.0,2025/26
658536,1520.0,28.0,0.497,0.237,0.178,0.414,0.118,1093.0,0.329,0.386,1.588,175.0,2025/26
659089,2387.0,28.0,0.78,0.038,0.0,0.038,0.226,3114.0,0.029,0.035,2.235,189.0,2025/26
659459,907.0,28.0,0.296,0.198,0.0,0.198,0.198,245.0,0.367,0.255,2.147,187.0,2025/26
659513,1339.0,16.0,0.438,0.0,0.0,0.0,0.202,437.0,0.206,0.069,1.147,191.0,2025/26
659516,1770.0,27.0,0.518,0.0,0.0,0.0,0.254,1785.0,0.0,0.0,0.895,177.0,2025/26
659518,555.0,11.0,0.247,0.0,0.324,0.324,0.162,1782.0,0.354,0.334,1.44,180.0,2025/26
659520,588.0,20.0,0.192,0.0,0.612,0.612,0.612,379.0,0.237,0.487,1.735,179.0,2025/26
659542,1249.0,24.0,0.408,0.36,0.144,0.504,0.432,766.0,0.47,0.493,0.941,181.0,2025/26
659543,2497.0,32.0,0.816,0.216,0.18,0.396,0.216,2788.0,0.355,0.383,0.706,182.0,2025/26
659813,1882.0,26.0,0.55,0.048,0.096,0.143,0.096,2670.0,0.135,0.141,2.237,183.0,2025/26
660438,830.0,20.0,0.243,0.976,0.0,0.976,0.542,1416.0,0.572,0.841,1.211,186.0,2025/26
660860,1364.0,18.0,0.446,0.0,0.132,0.132,0.198,2926.0,0.062,0.108,1.294,193.0,2025/26
660867,1893.0,27.0,0.619,0.143,0.285,0.428,0.095,1165.0,0.386,0.414,1.559,173.0,2025/26
661053,681.0,10.0,0.199,0.132,0.132,0.264,0.132,2510.0,0.036,0.188,1.289,195.0,2025/26
661145,2779.0,35.0,0.813,0.032,0.0,0.032,0.324,2462.0,0.073,0.046,1.211,176.0,2025/26
661171,1915.0,23.0,0.626,0.0,0.0,0.0,0.0,2130.0,0.042,0.014,2.235,188.0,2025/26
661207,1037.0,23.0,0.303,0.0,0.087,0.087,0.087,14.0,0.0,0.058,1.368,177.0,2025/26
661212,472.0,9.0,0.35,0.0,0.0,0.0,0.0,86.0,0.0,0.0,0.933,183.0,2025/26
661427,1048.0,22.0,0.306,0.0,0.172,0.172,0.086,2514.0,0.286,0.21,0.526,185.0,2025/26
662242,2577.0,33.0,0.842,0.14,0.14,0.279,0.07,1057.0,0.17,0.243,1.029,179.0,2025/26
662261,1980.0,23.0,0.579,0.045,0.0,0.045,0.045,139.0,0.0,0.03,1.895,191.0,2025/26
663237,776.0,16.0,0.227,0.0,0.0,0.0,0.232,1933.0,0.792,0.264,1.184,179.0,2025/26
663581,1771.0,24.0,0.579,0.0,0.0,0.0,0.254,,,,0.853,187.0,2025/26
664708,987.0,20.0,0.323,0.0,0.091,0.091,0.182,,,,1.735,178.0,2025/26
666547,830.0,22.0,0.243,0.0,0.217,0.217,0.217,1613.0,0.223,0.219,1.105,171.0,2025/26
667121,958.0,22.0,0.28,0.282,0.0,0.282,0.0,799.0,0.225,0.263,0.526,175.0,2025/26
667251,547.0,13.0,0.179,0.165,0.329,0.494,0.0,,,,1.118,179.0,2025/26
667287,1925.0,29.0,0.563,0.14,0.14,0.281,0.047,1968.0,0.137,0.233,1.395,172.0,2025/26
667457,2838.0,33.0,0.927,0.0,0.032,0.032,0.159,,,,1.794,185.0,2025/26
667967,1330.0,30.0,0.435,0.135,0.068,0.203,0.203,2111.0,0.128,0.178,1.029,174.0,2025/26
668167,1155.0,15.0,0.377,0.078,0.0,0.078,0.078,,,,1.294,185.0,2025/26
668179,1898.0,30.0,0.555,0.142,0.047,0.19,0.142,,,,1.105,168.0,2025/26
668207,1764.0,34.0,0.516,0.102,0.102,0.204,0.255,,,,2.289,183.0,2025/26
668547,2750.0,36.0,0.804,0.098,0.131,0.229,0.262,1860.0,0.145,0.201,1.868,177.0,2025/26
668606,1637.0,25.0,0.535,0.22,0.165,0.385,0.165,1892.0,0.618,0.463,1.382,175.0,2025/26
668951,2162.0,33.0,0.632,0.25,0.208,0.458,0.042,1792.0,0.502,0.473,1.921,182.0,2025/26
669380,2481.0,29.0,0.811,0.145,0.036,0.181,0.181,2470.0,0.073,0.145,0.853,188.0,2025/26
670096,1954.0,29.0,0.639,0.046,0.0,0.046,0.092,1229.0,0.073,0.055,1.765,188.0,2025/26
670681,1286.0,21.0,0.42,0.35,0.07,0.42,0.0,1851.0,0.535,0.458,2.235,171.0,2025/26
670847,1681.0,24.0,0.549,0.214,0.161,0.375,0.054,1636.0,0.385,0.378,0.941,182.0,2025/26
670858,2180.0,30.0,0.637,0.041,0.041,0.083,0.206,2193.0,0.205,0.123,1.289,179.0,2025/26
670882,490.0,16.0,0.188,0.0,0.367,0.367,0.0,1784.0,0.605,0.447,1.655,178.0,2025/26
671590,1687.0,25.0,0.551,0.053,0.053,0.107,0.213,,,,1.147,183.0,2025/26
671594,1766.0,24.0,0.577,0.255,0.204,0.459,0.306,1319.0,0.341,0.419,1.147,170.0,2025/26
672381,1674.0,29.0,0.489,0.161,0.161,0.323,0.108,794.0,0.68,0.442,1.474,173.0,2025/26
673492,1341.0,21.0,0.392,0.067,0.0,0.067,0.336,983.0,0.0,0.045,1.158,192.0,2025/26
673514,780.0,11.0,0.228,0.0,0.0,0.0,0.346,1707.0,0.053,0.018,1.184,195.0,2025/26
674806,2616.0,37.0,0.765,0.034,0.069,0.103,0.138,1940.0,0.278,0.162,1.0,189.0,2025/26
676042,1994.0,32.0,0.583,0.0,0.135,0.135,0.181,1724.0,0.418,0.229,1.132,186.0,2025/26
677057,687.0,23.0,0.225,0.262,0.0,0.262,0.131,,,,0.5,175.0,2025/26
678406,1965.0,31.0,0.575,0.046,0.183,0.229,0.183,2955.0,0.244,0.234,1.895,186.0,2025/26
678479,725.0,15.0,0.237,0.0,0.0,0.0,0.124,,,,0.941,184.0,2025/26
678655,477.0,9.0,0.156,0.189,0.189,0.377,0.566,,,,1.118,178.0,2025/26
679423,2835.0,32.0,0.829,0.063,0.063,0.127,0.222,,,,1.289,192.0,2025/26
683571,1408.0,33.0,0.412,0.192,0.064,0.256,0.064,2335.0,0.887,0.466,0.526,197.0,2025/26
683625,469.0,13.0,0.153,0.192,0.0,0.192,0.0,,,,1.324,183.0,2025/26
683840,2110.0,29.0,0.617,0.085,0.384,0.469,0.0,2895.0,0.28,0.406,2.474,174.0,2025/26
683895,1101.0,14.0,0.331,0.0,0.0,0.0,0.082,2671.0,0.034,0.011,0.514,185.0,2025/26
684210,2735.0,37.0,0.8,0.263,0.132,0.395,0.132,,,,0.579,183.0,2025/26
684315,1498.0,23.0,0.49,0.06,0.12,0.18,0.24,1484.0,0.121,0.161,1.294,188.0,2025/26
687609,1490.0,29.0,0.436,0.242,0.121,0.362,0.362,2171.0,0.249,0.325,1.132,183.0,2025/26
687626,2802.0,33.0,0.819,0.096,0.032,0.128,0.353,3356.0,0.134,0.13,1.368,178.0,2025/26
688707,913.0,18.0,0.298,0.0,0.0,0.0,0.296,,,,0.941,179.0,2025/26
689505,892.0,15.0,0.261,0.0,0.0,0.0,0.504,2145.0,0.168,0.056,1.816,186.0,2025/26
689637,554.0,9.0,0.162,0.0,0.162,0.162,0.325,90.0,0.0,0.108,1.184,186.0,2025/26
690799,1723.0,21.0,0.563,0.052,0.0,0.052,0.261,2185.0,0.041,0.049,1.735,186.0,2025/26
691316,1621.0,30.0,0.474,0.056,0.167,0.222,0.056,2622.0,0.515,0.32,2.289,181.0,2025/26
691482,574.0,20.0,0.168,0.0,0.0,0.0,0.314,1390.0,0.324,0.108,1.105,178.0,2025/26
691786,481.0,16.0,0.191,0.187,0.0,0.187,0.561,1817.0,0.396,0.257,2.107,189.0,2025/26
691841,2350.0,30.0,0.768,0.038,0.038,0.077,0.268,973.0,0.185,0.113,1.029,183.0,2025/26
691892,2658.0,33.0,0.869,0.135,0.135,0.271,0.102,1952.0,0.461,0.334,1.294,176.0,2025/26
691958,1873.0,28.0,0.612,0.144,0.096,0.24,0.096,,,,1.324,191.0,2025/26
692070,1397.0,20.0,0.408,0.0,0.064,0.064,0.322,,,,1.211,186.0,2025/26
692737,1968.0,30.0,0.643,0.0,0.091,0.091,0.183,924.0,0.097,0.093,1.147,188.0,2025/26
694507,1285.0,28.0,0.42,0.35,0.0,0.35,0.14,,,,1.118,182.0,2025/26
695422,595.0,8.0,0.194,0.0,0.0,0.0,0.0,180.0,0.0,0.0,1.0,185.0,2025/26
696589,1486.0,29.0,0.435,0.0,0.182,0.182,0.545,564.0,0.16,0.174,1.289,183.0,2025/26
697277,2671.0,32.0,0.873,0.034,0.101,0.135,0.202,2402.0,0.112,0.127,0.765,175.0,2025/26
698164,1167.0,22.0,0.341,0.0,0.077,0.077,0.077,,,,1.026,183.0,2025/26
698259,2475.0,28.0,0.724,0.109,0.0,0.109,0.145,1753.0,0.051,0.09,1.316,198.0,2025/26
698678,2366.0,35.0,0.692,0.038,0.076,0.114,0.114,1204.0,0.224,0.151,0.526,180.0,2025/26
700078,556.0,15.0,0.182,0.0,0.0,0.0,0.0,,,,1.324,176.0,2025/26
700106,1471.0,31.0,0.481,0.245,0.245,0.489,0.184,681.0,0.661,0.547,1.912,178.0,2025/26
701757,629.0,20.0,0.269,0.143,0.143,0.286,0.572,238.0,1.513,0.695,0.962,192.0,2025/26
701819,1086.0,23.0,0.318,0.0,0.0,0.0,0.083,2030.0,0.0,0.0,1.921,189.0,2025/26
702441,2134.0,24.0,0.697,0.084,0.084,0.169,0.084,1945.0,0.231,0.19,1.0,184.0,2025/26
703245,614.0,12.0,0.18,0.147,0.44,0.586,0.293,,,,2.0,182.0,2025/26
704155,1075.0,21.0,0.351,0.335,0.0,0.335,0.167,309.0,0.583,0.417,0.765,190.0,2025/26
704270,928.0,31.0,0.303,0.388,0.194,0.582,0.194,,,,1.324,182.0,2025/26
705063,2605.0,35.0,0.762,0.0,0.104,0.104,0.069,,,,0.474,186.0,2025/26
705395,2122.0,32.0,0.62,0.0,0.0,0.0,0.254,1028.0,0.35,0.117,2.474,186.0,2025/26
705813,805.0,21.0,0.235,0.0,0.112,0.112,0.224,,,,1.211,185.0,2025/26
707230,707.0,17.0,0.207,0.0,0.0,0.0,0.127,,,,1.105,188.0,2025/26
707242,551.0,16.0,0.18,0.0,0.0,0.0,0.163,1094.0,0.494,0.165,1.824,177.0,2025/26
707274,2596.0,32.0,0.759,0.0,0.0,0.0,0.243,3027.0,0.089,0.03,1.289,194.0,2025/26
707844,2994.0,37.0,0.875,0.03,0.03,0.06,0.03,2063.0,0.087,0.069,1.184,180.0,2025/26
708072,1026.0,14.0,0.393,0.175,0.0,0.175,0.175,1727.0,0.156,0.169,0.966,192.0,2025/26
708086,1164.0,28.0,0.34,0.0,0.232,0.232,0.155,,,,0.895,188.0,2025/26
708265,1750.0,29.0,0.572,0.566,0.103,0.669,0.103,2193.0,1.026,0.788,2.235,187.0,2025/26
708635,1569.0,23.0,0.459,0.0,0.172,0.172,0.172,,,,1.553,190.0,2025/26
709187,1689.0,25.0,0.494,0.32,0.213,0.533,0.107,1998.0,0.45,0.505,1.184,181.0,2025/26
709372,3195.0,36.0,0.934,0.169,0.085,0.254,0.113,2555.0,0.106,0.204,1.211,174.0,2025/26
709726,1811.0,28.0,0.53,0.547,0.199,0.745,0.0,2582.0,0.802,0.764,1.579,190.0,2025/26
709957,2025.0,28.0,0.592,0.044,0.178,0.222,0.133,1684.0,0.16,0.202,1.868,178.0,2025/26
709969,894.0,20.0,0.261,0.0,0.101,0.101,0.201,587.0,0.153,0.118,1.316,175.0,2025/26
710671,810.0,14.0,0.237,0.0,0.0,0.0,0.111,1104.0,0.0,0.0,1.184,183.0,2025/26
710677,949.0,19.0,0.277,0.0,0.0,0.0,0.474,598.0,0.151,0.05,1.105,180.0,2025/26
710885,638.0,25.0,0.208,0.141,0.0,0.141,0.564,,,,1.324,180.0,2025/26
711337,2762.0,36.0,0.808,0.196,0.098,0.293,0.065,2343.0,0.576,0.388,1.5,183.0,2025/26
711374,2215.0,30.0,0.648,0.041,0.122,0.163,0.284,,,,1.211,177.0,2025/26
711544,3124.0,37.0,0.913,0.029,0.029,0.058,0.173,1569.0,0.115,0.077,1.289,197.0,2025/26
711625,2564.0,35.0,0.75,0.035,0.105,0.14,0.456,2954.0,0.0,0.094,1.132,184.0,2025/26
711969,1093.0,24.0,0.357,0.0,0.0,0.0,0.247,2363.0,0.267,0.089,1.824,181.0,2025/26
711976,569.0,20.0,0.166,0.158,0.0,0.158,0.158,2234.0,0.121,0.146,2.289,187.0,2025/26
711980,2064.0,24.0,0.675,0.087,0.262,0.349,0.131,2716.0,0.099,0.266,1.559,187.0,2025/26
711996,1608.0,20.0,0.525,0.0,0.056,0.056,0.0,7.0,0.0,0.037,1.118,188.0,2025/26
711999,2351.0,35.0,0.687,0.115,0.077,0.191,0.038,1663.0,0.108,0.164,0.579,190.0,2025/26
712107,2520.0,28.0,0.737,0.0,0.0,0.0,0.107,1547.0,0.0,0.0,1.895,192.0,2025/26
713644,1270.0,23.0,0.371,0.071,0.142,0.213,0.142,1852.0,0.34,0.255,1.421,164.0,2025/26
716276,2143.0,27.0,0.627,0.0,0.0,0.0,0.504,442.0,0.0,0.0,0.526,188.0,2025/26
717118,1305.0,23.0,0.426,0.0,0.069,0.069,0.276,,,,1.324,177.0,2025/26
717411,2667.0,37.0,0.78,0.034,0.067,0.101,0.236,1443.0,0.0,0.067,1.395,180.0,2025/26
718034,1493.0,30.0,0.437,0.06,0.241,0.301,0.482,385.0,0.0,0.201,1.132,176.0,2025/26
718201,874.0,23.0,0.286,0.0,0.103,0.103,0.309,,,,0.941,186.0,2025/26
718303,1485.0,29.0,0.485,0.303,0.303,0.606,0.0,1542.0,0.292,0.501,1.735,176.0,2025/26
719999,1276.0,19.0,0.373,0.071,0.0,0.071,0.282,,,,1.132,188.0,2025/26
720038,1603.0,35.0,0.469,0.225,0.225,0.449,0.225,308.0,1.169,0.689,1.105,173.0,2025/26
720518,2387.0,38.0,0.698,0.264,0.151,0.415,0.113,2011.0,0.358,0.396,1.211,186.0,2025/26
724104,674.0,15.0,0.22,0.0,0.134,0.134,0.134,373.0,0.241,0.169,1.118,186.0,2025/26
724106,1027.0,24.0,0.3,0.0,0.088,0.088,0.263,,,,1.289,185.0,2025/26
724129,2382.0,29.0,0.778,0.302,0.189,0.491,0.189,1230.0,0.585,0.523,1.794,188.0,2025/26
724520,2255.0,29.0,0.659,0.399,0.359,0.758,0.12,1995.0,0.226,0.581,1.579,177.0,2025/26
725912,630.0,7.0,0.184,0.0,0.0,0.0,0.0,540.0,0.0,0.0,1.079,190.0,2025/26
726701,633.0,14.0,0.207,0.284,0.0,0.284,0.142,987.0,0.091,0.22,1.265,186.0,2025/26
727089,2896.0,33.0,0.847,0.0,0.031,0.031,0.28,2424.0,0.149,0.07,1.421,165.0,2025/26
728485,3022.0,36.0,0.884,0.0,0.03,0.03,0.268,1648.0,0.109,0.056,1.0,183.0,2025/26
728733,2215.0,27.0,0.648,0.081,0.041,0.122,0.122,721.0,0.0,0.081,1.079,181.0,2025/26
729814,2297.0,34.0,0.672,0.549,0.235,0.784,0.039,1434.0,1.067,0.878,1.895,176.0,2025/26
730484,1461.0,20.0,0.477,0.123,0.0,0.123,0.0,,,,0.853,180.0,2025/26
730581,1652.0,23.0,0.54,0.0,0.0,0.0,0.272,2687.0,0.067,0.022,1.735,191.0,2025/26
730861,2261.0,34.0,0.661,0.08,0.04,0.119,0.159,3342.0,0.215,0.151,1.579,180.0,2025/26
730893,3255.0,38.0,0.952,0.028,0.055,0.083,0.166,3103.0,0.145,0.104,1.184,181.0,2025/26
733576,2491.0,37.0,0.728,0.361,0.217,0.578,0.145,2728.0,0.231,0.462,1.895,171.0,2025/26
735568,2810.0,33.0,0.822,0.0,0.0,0.0,0.256,2171.0,0.083,0.028,1.579,188.0,2025/26
735570,2835.0,35.0,0.829,0.032,0.032,0.063,0.317,2989.0,0.12,0.082,0.526,176.0,2025/26
735571,997.0,21.0,0.292,0.09,0.09,0.181,0.181,950.0,0.853,0.405,1.368,186.0,2025/26
739443,3287.0,38.0,0.961,0.602,0.027,0.63,0.192,169.0,0.0,0.42,1.395,190.0,2025/26
739769,2232.0,29.0,0.729,0.363,0.161,0.524,0.282,,,,1.294,169.0,2025/26
741142,1350.0,15.0,0.395,0.067,0.0,0.067,0.2,592.0,0.0,0.044,1.342,192.0,2025/26
741238,1684.0,31.0,0.492,0.053,0.374,0.428,0.053,2593.0,0.174,0.343,1.158,174.0,2025/26
741257,2372.0,32.0,0.694,0.038,0.0,0.038,0.417,1270.0,0.071,0.049,1.5,177.0,2025/26
741289,1332.0,25.0,0.389,0.0,0.068,0.068,0.405,,,,1.132,170.0,2025/26
742201,2110.0,31.0,0.617,0.171,0.256,0.427,0.085,1941.0,0.371,0.408,1.816,174.0,2025/26
743091,1008.0,19.0,0.295,0.089,0.179,0.268,0.179,,,,1.184,175.0,2025/26
743384,1564.0,28.0,0.457,0.23,0.115,0.345,0.0,953.0,0.756,0.482,1.421,175.0,2025/26
743386,754.0,12.0,0.246,0.239,0.119,0.358,0.119,1586.0,0.511,0.409,1.765,169.0,2025/26
743413,2649.0,34.0,0.775,0.17,0.102,0.272,0.17,527.0,0.342,0.295,2.053,193.0,2025/26
743496,2839.0,33.0,0.928,0.095,0.032,0.127,0.095,1459.0,0.0,0.085,1.0,183.0,2025/26
743498,981.0,24.0,0.376,0.0,0.183,0.183,0.0,849.0,0.106,0.158,1.0,182.0,2025/26
743500,1372.0,26.0,0.448,0.0,0.262,0.262,0.197,,,,1.118,179.0,2025/26
743515,2970.0,33.0,0.971,0.0,0.03,0.03,0.061,,,,2.059,193.0,2025/26
743591,821.0,24.0,0.24,0.11,0.219,0.329,0.219,1772.0,0.559,0.405,2.053,176.0,2025/26
743599,1504.0,27.0,0.492,0.359,0.12,0.479,0.299,453.0,0.199,0.385,1.324,193.0,2025/26
743600,1255.0,27.0,0.367,0.072,0.0,0.072,0.287,2857.0,0.441,0.195,1.368,180.0,2025/26
744149,2563.0,34.0,0.749,0.035,0.176,0.211,0.14,1327.0,0.136,0.186,1.184,182.0,2025/26
744728,2181.0,32.0,0.713,0.083,0.165,0.248,0.041,8.0,0.0,0.165,0.765,178.0,2025/26
745173,1382.0,25.0,0.452,0.195,0.195,0.391,0.456,7.0,0.0,0.26,1.588,179.0,2025/26
745181,979.0,22.0,0.286,0.092,0.0,0.092,0.368,1022.0,0.088,0.091,1.026,190.0,2025/26
745200,2410.0,31.0,0.788,0.224,0.261,0.485,0.112,2408.0,0.561,0.511,1.588,183.0,2025/26
745461,603.0,19.0,0.197,0.448,0.149,0.597,0.0,,,,1.294,175.0,2025/26
746695,1002.0,25.0,0.293,0.18,0.09,0.269,0.359,1406.0,0.128,0.222,1.553,174.0,2025/26
746712,1696.0,27.0,0.496,0.053,0.0,0.053,0.106,2197.0,0.041,0.049,1.105,188.0,2025/26
746891,1064.0,24.0,0.311,0.169,0.338,0.508,0.338,,,,1.289,187.0,2025/26
746910,1928.0,30.0,0.63,0.373,0.187,0.56,0.093,2486.0,0.796,0.639,0.853,170.0,2025/26
747009,789.0,21.0,0.231,0.114,0.0,0.114,0.0,496.0,0.363,0.197,1.184,184.0,2025/26
747720,687.0,12.0,0.201,0.393,0.0,0.393,0.524,315.0,0.286,0.357,1.868,177.0,2025/26
748319,685.0,20.0,0.2,0.0,0.131,0.131,0.526,771.0,0.584,0.282,1.289,176.0,2025/26
748382,1086.0,34.0,0.318,0.0,0.083,0.083,0.0,1921.0,0.234,0.133,0.553,188.0,2025/26
749552,976.0,28.0,0.285,0.184,0.184,0.369,0.461,1829.0,0.246,0.328,1.289,182.0,2025/26
750878,1080.0,12.0,0.353,0.0,0.0,0.0,0.0,,,,1.294,190.0,2025/26
750904,1365.0,27.0,0.446,0.198,0.132,0.33,0.066,766.0,0.117,0.259,0.941,178.0,2025/26
763079,1429.0,21.0,0.418,0.0,0.0,0.0,0.126,1479.0,0.0,0.0,2.053,186.0,2025/26
763182,1521.0,31.0,0.497,0.059,0.0,0.059,0.237,2006.0,0.449,0.189,1.0,178.0,2025/26
764859,1268.0,29.0,0.371,0.355,0.355,0.71,0.142,1347.0,0.601,0.674,1.421,187.0,2025/26
766412,1902.0,28.0,0.622,0.095,0.095,0.189,0.0,,,,1.324,170.0,2025/26
766583,2203.0,26.0,0.644,0.082,0.0,0.082,0.041,2237.0,0.201,0.122,1.132,188.0,2025/26
768380,2335.0,28.0,0.763,0.039,0.039,0.077,0.154,1251.0,0.216,0.123,1.029,189.0,2025/26
770436,1764.0,30.0,0.576,0.051,0.0,0.051,0.408,,,,1.029,186.0,2025/26
775605,1666.0,23.0,0.487,0.054,0.054,0.108,0.0,2337.0,0.193,0.136,1.816,181.0,2025/26
776798,711.0,21.0,0.232,0.253,0.253,0.506,0.38,1237.0,0.655,0.556,2.059,188.0,2025/26
776890,1004.0,23.0,0.328,0.717,0.179,0.896,0.179,2240.0,0.603,0.799,2.618,187.0,2025/26
777005,1463.0,28.0,0.478,0.123,0.246,0.369,0.062,646.0,0.418,0.385,1.265,184.0,2025/26
780548,979.0,19.0,0.286,0.184,0.092,0.276,0.0,1515.0,0.535,0.362,1.0,188.0,2025/26
783396,1023.0,29.0,0.299,0.088,0.176,0.264,0.0,1353.0,0.333,0.287,1.211,181.0,2025/26
785353,2248.0,37.0,0.657,0.04,0.04,0.08,0.28,1289.0,0.14,0.1,1.132,179.0,2025/26
786436,2077.0,25.0,0.679,0.0,0.087,0.087,0.173,2647.0,0.068,0.08,1.559,183.0,2025/26
787151,1306.0,23.0,0.427,0.0,0.0,0.0,0.138,1918.0,0.141,0.047,1.118,180.0,2025/26
787912,654.0,11.0,0.214,0.0,0.0,0.0,0.0,1127.0,0.0,0.0,1.912,196.0,2025/26
789082,613.0,14.0,0.2,0.0,0.294,0.294,0.587,2073.0,0.174,0.254,1.588,173.0,2025/26
792331,640.0,21.0,0.187,0.141,0.141,0.281,0.0,,,,2.474,173.0,2025/26
792380,1461.0,24.0,0.477,0.185,0.062,0.246,0.123,1458.0,0.062,0.185,2.618,188.0,2025/26
794758,856.0,24.0,0.28,0.105,0.21,0.315,0.105,1019.0,0.177,0.269,1.324,177.0,2025/26
796213,540.0,24.0,0.176,0.0,0.0,0.0,0.167,698.0,0.645,0.215,1.176,192.0,2025/26
796297,1785.0,32.0,0.583,0.0,0.101,0.101,0.101,,,,2.147,191.0,2025/26
796865,1532.0,24.0,0.501,0.0,0.059,0.059,0.059,,,,1.0,171.0,2025/26
798043,1024.0,21.0,0.335,0.176,0.0,0.176,0.088,1672.0,0.377,0.243,1.147,193.0,2025/26
798114,753.0,19.0,0.22,0.0,0.0,0.0,0.239,,,,1.132,173.0,2025/26
798404,1185.0,21.0,0.387,0.0,0.076,0.076,0.076,807.0,0.0,0.051,1.735,173.0,2025/26
798925,1242.0,26.0,0.406,0.217,0.072,0.29,0.145,,,,1.029,172.0,2025/26
798929,1763.0,29.0,0.515,0.0,0.051,0.051,0.255,1423.0,0.253,0.118,1.184,191.0,2025/26
799993,580.0,17.0,0.19,0.31,0.466,0.776,0.155,,,,1.294,179.0,2025/26
800176,2766.0,35.0,0.809,0.033,0.0,0.033,0.39,2485.0,0.0,0.022,0.526,176.0,2025/26
801734,1342.0,31.0,0.392,0.268,0.067,0.335,0.067,1166.0,0.386,0.352,1.079,183.0,2025/26
802515,540.0,11.0,0.176,0.333,0.0,0.333,0.0,1241.0,0.29,0.319,1.765,180.0,2025/26
804711,2719.0,32.0,0.889,0.033,0.0,0.033,0.099,253.0,0.0,0.022,1.059,197.0,2025/26
805714,2478.0,32.0,0.725,0.0,0.0,0.0,0.182,1270.0,0.071,0.024,1.895,188.0,2025/26
805908,1285.0,21.0,0.42,0.0,0.14,0.14,0.0,97.0,0.0,0.093,1.147,180.0,2025/26
806793,1941.0,26.0,0.634,0.0,0.0,0.0,0.093,2495.0,0.036,0.012,1.0,181.0,2025/26
807165,1980.0,25.0,0.647,0.0,0.136,0.136,0.227,452.0,0.0,0.091,1.324,184.0,2025/26
807386,919.0,29.0,0.3,0.294,0.294,0.588,0.294,1357.0,0.995,0.723,1.912,185.0,2025/26
807688,2149.0,27.0,0.702,0.084,0.084,0.168,0.209,1519.0,0.118,0.151,1.059,175.0,2025/26
807689,1264.0,17.0,0.413,0.356,0.071,0.427,0.214,1514.0,0.357,0.404,1.324,178.0,2025/26
808348,2327.0,29.0,0.76,0.116,0.155,0.271,0.193,,,,2.059,181.0,2025/26
809498,677.0,18.0,0.221,0.266,0.0,0.266,0.399,774.0,0.233,0.255,0.765,184.0,2025/26
810092,2454.0,32.0,0.802,0.11,0.147,0.257,0.11,2052.0,0.132,0.215,2.235,176.0,2025/26
810411,1772.0,28.0,0.579,0.508,0.254,0.762,0.051,,,,1.324,180.0,2025/26
810649,502.0,13.0,0.164,0.179,0.179,0.359,0.359,,,,1.912,183.0,2025/26
811778,2334.0,28.0,0.682,0.077,0.116,0.193,0.193,2747.0,0.131,0.172,2.263,186.0,2025/26
811779,1268.0,24.0,0.371,0.071,0.284,0.355,0.142,2196.0,0.328,0.346,1.368,180.0,2025/26
813137,1285.0,25.0,0.376,0.14,0.28,0.42,0.21,1218.0,0.222,0.354,1.921,180.0,2025/26
814446,691.0,12.0,0.202,0.0,0.13,0.13,0.26,1065.0,0.0,0.087,1.184,186.0,2025/26
815078,1173.0,20.0,0.383,0.0,0.077,0.077,0.077,736.0,0.0,0.051,1.382,191.0,2025/26
816308,746.0,16.0,0.244,0.121,0.241,0.362,0.362,,,,1.324,187.0,2025/26
816580,709.0,15.0,0.232,0.0,0.127,0.127,0.0,405.0,0.222,0.159,1.794,175.0,2025/26
816585,1164.0,21.0,0.38,0.619,0.387,1.005,0.232,668.0,0.808,0.94,1.294,186.0,2025/26
817665,828.0,14.0,0.242,0.0,0.109,0.109,0.0,800.0,0.562,0.26,1.026,184.0,2025/26
818448,2600.0,32.0,0.76,0.0,0.069,0.069,0.138,402.0,0.0,0.046,1.079,190.0,2025/26
818495,1904.0,23.0,0.622,0.047,0.0,0.047,0.284,1630.0,0.11,0.068,1.294,188.0,2025/26
819566,618.0,8.0,0.202,0.0,0.0,0.0,0.291,,,,2.059,192.0,2025/26
819636,1456.0,30.0,0.476,0.495,0.0,0.495,0.062,,,,0.853,190.0,2025/26
820241,537.0,12.0,0.175,0.0,0.0,0.0,0.0,,,,1.118,192.0,2025/26
820374,1654.0,28.0,0.484,0.054,0.109,0.163,0.109,1656.0,0.0,0.109,1.868,184.0,2025/26
820957,1292.0,31.0,0.422,0.348,0.139,0.488,0.139,,,,1.382,185.0,2025/26
822331,2828.0,36.0,0.827,0.0,0.064,0.064,0.286,3159.0,0.057,0.061,1.211,183.0,2025/26
822458,1219.0,22.0,0.398,0.738,0.074,0.812,0.148,524.0,0.687,0.77,1.324,178.0,2025/26
822959,1294.0,26.0,0.423,0.209,0.209,0.417,0.139,2569.0,0.245,0.36,2.618,176.0,2025/26
823231,2282.0,32.0,0.667,0.276,0.316,0.592,0.197,2011.0,0.492,0.558,1.395,177.0,2025/26
823486,3264.0,37.0,0.954,0.028,0.028,0.055,0.221,652.0,0.138,0.083,1.395,179.0,2025/26
826224,2678.0,35.0,0.783,0.067,0.101,0.168,0.202,2627.0,0.137,0.158,1.079,182.0,2025/26
827734,1130.0,33.0,0.33,0.398,0.478,0.876,0.08,2546.0,0.353,0.702,2.289,189.0,2025/26
829838,1319.0,16.0,0.431,0.068,0.136,0.205,0.0,28.0,0.0,0.136,0.765,175.0,2025/26
829874,1969.0,32.0,0.643,0.091,0.183,0.274,0.137,1314.0,0.205,0.251,1.059,178.0,2025/26
830108,516.0,11.0,0.169,0.0,0.0,0.0,0.523,452.0,0.398,0.133,0.941,191.0,2025/26
830365,836.0,14.0,0.244,0.431,0.0,0.431,0.108,,,,2.0,177.0,2025/26
830890,1785.0,25.0,0.583,0.05,0.0,0.05,0.303,220.0,0.0,0.034,1.0,181.0,2025/26
834397,2970.0,33.0,0.971,0.0,0.0,0.0,0.091,990.0,0.0,0.0,1.559,200.0,2025/26
834487,1741.0,33.0,0.509,0.052,0.103,0.155,0.207,,,,1.079,183.0,2025/26
834491,1265.0,29.0,0.37,0.071,0.071,0.142,0.427,,,,1.184,192.0,2025/26
834742,1704.0,29.0,0.498,0.106,0.211,0.317,0.106,,,,1.105,185.0,2025/26
834752,933.0,26.0,0.273,0.096,0.096,0.193,0.096,1278.0,0.282,0.223,1.184,183.0,2025/26
834764,2070.0,36.0,0.605,0.174,0.261,0.435,0.13,2593.0,0.208,0.359,1.289,187.0,2025/26
836441,1830.0,23.0,0.535,0.0,0.0,0.0,0.295,2145.0,0.042,0.014,1.0,193.0,2025/26
842341,2938.0,34.0,0.859,0.0,0.0,0.0,0.031,,,,0.579,193.0,2025/26
843286,539.0,11.0,0.158,0.167,0.0,0.167,0.0,,,,0.474,180.0,2025/26
844516,1205.0,17.0,0.352,0.224,0.075,0.299,0.149,913.0,0.493,0.363,1.342,190.0,2025/26
844637,1382.0,19.0,0.404,0.065,0.065,0.13,0.13,,,,1.816,191.0,2025/26
845654,2844.0,36.0,0.832,0.316,0.222,0.538,0.063,2409.0,0.448,0.508,1.816,187.0,2025/26
846310,1091.0,24.0,0.357,0.082,0.165,0.247,0.165,713.0,0.126,0.207,1.294,184.0,2025/26
848509,1837.0,31.0,0.537,0.0,0.049,0.049,0.147,3170.0,0.142,0.08,0.526,180.0,2025/26
849410,2171.0,27.0,0.709,0.083,0.166,0.249,0.207,1452.0,0.124,0.207,1.559,172.0,2025/26
849520,2365.0,35.0,0.692,0.266,0.114,0.381,0.114,2302.0,0.508,0.423,1.474,179.0,2025/26
851220,1834.0,25.0,0.599,0.147,0.049,0.196,0.049,,,,1.059,175.0,2025/26
855015,1797.0,28.0,0.587,0.1,0.451,0.551,0.1,1008.0,0.357,0.486,1.294,183.0,2025/26
855256,2860.0,37.0,0.836,0.094,0.031,0.126,0.157,751.0,0.0,0.084,1.5,178.0,2025/26
855308,2563.0,32.0,0.749,0.176,0.14,0.316,0.105,1245.0,0.0,0.211,1.316,189.0,2025/26
856530,2994.0,37.0,0.875,0.271,0.03,0.301,0.15,739.0,0.487,0.363,1.184,192.0,2025/26
857818,605.0,15.0,0.259,0.0,0.149,0.149,0.0,1402.0,0.257,0.185,1.154,176.0,2025/26
860992,1406.0,21.0,0.411,0.0,0.0,0.0,0.384,1132.0,0.0,0.0,0.553,187.0,2025/26
861410,2027.0,33.0,0.593,0.178,0.4,0.577,0.044,1249.0,0.576,0.577,2.263,175.0,2025/26
861981,941.0,19.0,0.275,0.096,0.096,0.191,0.0,896.0,0.0,0.128,1.105,189.0,2025/26
863759,1175.0,18.0,0.384,0.0,0.0,0.0,0.077,17.0,0.0,0.0,1.382,188.0,2025/26
864306,1928.0,26.0,0.564,0.093,0.0,0.093,0.28,1562.0,0.115,0.101,0.553,180.0,2025/26
865682,578.0,24.0,0.189,0.0,0.156,0.156,0.467,2083.0,0.346,0.219,1.912,191.0,2025/26
866246,967.0,23.0,0.283,0.093,0.279,0.372,0.186,1205.0,0.075,0.273,1.079,187.0,2025/26
867137,2666.0,31.0,0.78,0.034,0.034,0.068,0.203,540.0,0.0,0.045,1.184,191.0,2025/26
867688,1751.0,27.0,0.512,0.206,0.206,0.411,0.0,1848.0,0.39,0.404,1.395,182.0,2025/26
872171,1571.0,20.0,0.513,0.115,0.057,0.172,0.115,2011.0,0.045,0.129,2.235,186.0,2025/26
875332,1067.0,15.0,0.349,0.169,0.0,0.169,0.169,2187.0,0.041,0.126,1.265,188.0,2025/26
875334,975.0,22.0,0.285,0.369,0.0,0.369,0.092,1303.0,0.483,0.407,1.132,178.0,2025/26
876298,1889.0,33.0,0.552,0.048,0.048,0.095,0.286,573.0,0.0,0.064,1.132,185.0,2025/26
876631,1409.0,20.0,0.412,0.128,0.192,0.319,0.383,2357.0,0.344,0.327,1.421,178.0,2025/26
877124,614.0,9.0,0.18,0.0,0.0,0.0,0.147,113.0,0.0,0.0,0.474,193.0,2025/26
880245,3026.0,36.0,0.885,0.089,0.119,0.208,0.178,2947.0,0.183,0.2,1.026,180.0,2025/26
881297,1358.0,27.0,0.444,0.133,0.199,0.331,0.199,,,,0.853,189.0,2025/26
883865,501.0,12.0,0.206,0.0,0.0,0.0,0.359,453.0,0.199,0.066,1.37,177.0,2025/26
885226,767.0,23.0,0.284,0.235,0.0,0.235,0.352,,,,1.0,182.0,2025/26
887638,2443.0,31.0,0.714,0.074,0.0,0.074,0.111,118.0,0.0,0.049,1.842,193.0,2025/26
889435,739.0,12.0,0.216,0.0,0.122,0.122,0.244,,,,1.816,175.0,2025/26
890290,2037.0,28.0,0.596,0.088,0.088,0.177,0.309,2422.0,0.186,0.18,2.263,197.0,2025/26
890385,829.0,13.0,0.242,0.0,0.0,0.0,0.109,901.0,0.1,0.033,1.079,198.0,2025/26
890719,487.0,15.0,0.159,0.37,0.185,0.554,0.185,889.0,0.607,0.572,1.735,176.0,2025/26
890721,698.0,20.0,0.204,0.0,0.0,0.0,0.387,1371.0,0.066,0.022,2.237,178.0,2025/26
891998,2098.0,25.0,0.686,0.043,0.0,0.043,0.214,818.0,0.0,0.029,0.941,187.0,2025/26
892160,2442.0,28.0,0.798,0.221,0.037,0.258,0.221,2475.0,0.327,0.281,1.118,193.0,2025/26
892221,1342.0,20.0,0.392,0.0,0.134,0.134,0.201,1256.0,0.0,0.089,1.421,180.0,2025/26
892929,1337.0,28.0,0.391,0.269,0.135,0.404,0.135,1570.0,0.401,0.403,1.421,176.0,2025/26
892932,1310.0,19.0,0.52,0.069,0.0,0.069,0.206,,,,1.464,178.0,2025/26
894914,2040.0,31.0,0.667,0.176,0.132,0.309,0.0,1718.0,0.419,0.346,1.912,183.0,2025/26
895326,1468.0,32.0,0.429,0.184,0.061,0.245,0.245,,,,1.079,176.0,2025/26
895937,3085.0,37.0,0.902,0.029,0.117,0.146,0.088,217.0,0.0,0.097,1.132,186.0,2025/26
897424,955.0,19.0,0.312,0.377,0.283,0.66,0.0,47.0,0.0,0.44,1.912,191.0,2025/26
900195,1038.0,26.0,0.304,0.087,0.173,0.26,0.087,1742.0,0.517,0.346,1.368,176.0,2025/26
901019,991.0,25.0,0.29,0.091,0.182,0.272,0.454,1587.0,0.51,0.352,1.921,185.0,2025/26
903666,559.0,18.0,0.183,0.483,0.161,0.644,0.161,217.0,0.0,0.429,1.794,180.0,2025/26
903693,1682.0,26.0,0.55,0.214,0.214,0.428,0.107,800.0,0.45,0.435,2.235,183.0,2025/26
904662,1905.0,32.0,0.623,0.094,0.047,0.142,0.094,1043.0,0.086,0.123,1.059,180.0,2025/26
904802,1143.0,22.0,0.334,0.0,0.0,0.0,0.551,2592.0,0.278,0.093,1.368,182.0,2025/26
905011,1854.0,28.0,0.606,0.146,0.243,0.388,0.097,,,,1.735,180.0,2025/26
905997,1425.0,30.0,0.417,0.126,0.126,0.253,0.063,1394.0,0.516,0.341,1.421,176.0,2025/26
907559,735.0,20.0,0.215,0.0,0.0,0.0,0.367,,,,1.579,185.0,2025/26
907813,1494.0,34.0,0.437,0.0,0.06,0.06,0.12,1236.0,0.218,0.113,1.211,178.0,2025/26
910905,1406.0,18.0,0.459,0.0,0.0,0.0,0.192,2368.0,0.038,0.013,1.559,194.0,2025/26
911328,1550.0,27.0,0.507,0.0,0.116,0.116,0.174,441.0,0.0,0.077,0.706,185.0,2025/26
912902,2940.0,33.0,0.961,0.0,0.0,0.0,0.092,2545.0,0.035,0.012,1.324,188.0,2025/26
914562,1356.0,23.0,0.443,0.465,0.398,0.863,0.0,1732.0,0.727,0.818,2.235,181.0,2025/26
914934,1514.0,28.0,0.443,0.119,0.0,0.119,0.119,59.0,1.0,0.413,0.474,192.0,2025/26
916430,810.0,9.0,0.237,0.0,0.0,0.0,0.111,,,,1.421,194.0,2025/26
917778,1195.0,27.0,0.391,0.377,0.075,0.452,0.151,635.0,0.425,0.443,1.147,184.0,2025/26
918969,1851.0,24.0,0.605,0.146,0.194,0.34,0.292,2065.0,0.392,0.358,1.588,174.0,2025/26
919515,1543.0,22.0,0.504,0.0,0.058,0.058,0.175,66.0,0.0,0.039,0.853,186.0,2025/26
921655,2757.0,35.0,0.806,0.196,0.0,0.196,0.098,825.0,0.327,0.24,1.289,188.0,2025/26
922563,660.0,13.0,0.193,0.0,0.136,0.136,0.273,663.0,0.0,0.091,1.026,180.0,2025/26
922693,1480.0,24.0,0.433,0.122,0.122,0.243,0.304,1744.0,0.0,0.162,1.079,187.0,2025/26
922769,1494.0,23.0,0.437,0.06,0.241,0.301,0.0,304.0,0.296,0.299,1.289,189.0,2025/26
923831,1739.0,32.0,0.508,0.0,0.104,0.104,0.052,1164.0,0.0,0.069,1.868,190.0,2025/26
923945,1727.0,23.0,0.564,0.052,0.052,0.104,0.417,274.0,0.0,0.069,1.265,193.0,2025/26
924117,1506.0,23.0,0.492,0.0,0.06,0.06,0.179,778.0,0.0,0.04,1.824,188.0,2025/26
924857,991.0,24.0,0.29,0.0,0.182,0.182,0.363,2355.0,0.306,0.223,1.316,182.0,2025/26
925838,456.0,7.0,0.133,0.0,0.0,0.0,0.592,,,,0.474,195.0,2025/26
926694,823.0,20.0,0.269,0.0,0.109,0.109,0.109,1576.0,0.114,0.111,1.735,180.0,2025/26
926952,1445.0,26.0,0.423,0.249,0.249,0.498,0.311,2685.0,0.134,0.377,1.868,185.0,2025/26
926978,1798.0,24.0,0.588,0.0,0.0,0.0,0.1,1251.0,0.072,0.024,1.559,187.0,2025/26
927353,2096.0,27.0,0.685,0.215,0.215,0.429,0.172,333.0,1.081,0.647,1.382,182.0,2025/26
927768,1406.0,20.0,0.411,0.0,0.0,0.0,0.064,,,,0.579,182.0,2025/26
929899,1710.0,27.0,0.5,0.0,0.0,0.0,0.105,,,,0.763,184.0,2025/26
930781,1560.0,35.0,0.456,0.404,0.231,0.635,0.058,,,,2.289,191.0,2025/26
931160,982.0,24.0,0.321,0.0,0.0,0.0,0.275,1130.0,0.08,0.027,1.735,188.0,2025/26
931838,1820.0,25.0,0.595,0.099,0.099,0.198,0.0,2403.0,0.15,0.182,1.294,187.0,2025/26
932187,2097.0,29.0,0.613,0.0,0.086,0.086,0.215,,,,1.184,182.0,2025/26
933900,1041.0,25.0,0.34,0.173,0.173,0.346,0.173,343.0,0.525,0.405,1.559,174.0,2025/26
933908,582.0,13.0,0.17,0.0,0.0,0.0,0.155,353.0,0.255,0.085,1.579,167.0,2025/26
934878,944.0,30.0,0.276,0.286,0.0,0.286,0.286,759.0,0.237,0.27,1.079,188.0,2025/26
935230,952.0,30.0,0.278,0.567,0.095,0.662,0.189,53.0,1.0,0.775,2.263,182.0,2025/26
935231,2670.0,34.0,0.781,0.202,0.067,0.27,0.101,34.0,0.0,0.18,1.105,173.0,2025/26
935245,1708.0,23.0,0.499,0.105,0.0,0.105,0.211,1673.0,0.054,0.088,2.263,184.0,2025/26
937941,1915.0,38.0,0.56,0.376,0.0,0.376,0.141,2325.0,0.581,0.444,1.289,195.0,2025/26
937955,482.0,14.0,0.141,0.373,0.373,0.747,0.0,578.0,0.0,0.498,1.132,185.0,2025/26
937958,2270.0,28.0,0.664,0.634,0.476,1.11,0.04,2864.0,0.754,0.991,2.474,183.0,2025/26
938729,2843.0,36.0,0.831,0.063,0.0,0.063,0.158,2243.0,0.16,0.096,1.184,177.0,2025/26
939374,940.0,12.0,0.275,0.0,0.0,0.0,0.383,583.0,0.154,0.051,1.421,185.0,2025/26
939964,1330.0,27.0,0.435,0.203,0.271,0.474,0.135,919.0,0.49,0.479,1.294,180.0,2025/26
942497,864.0,11.0,0.282,0.0,0.0,0.0,0.208,95.0,0.0,0.0,0.941,187.0,2025/26
943795,483.0,13.0,0.158,0.559,0.186,0.745,0.373,,,,0.941,190.0,2025/26
944724,968.0,13.0,0.316,0.0,0.0,0.0,0.372,,,,0.706,188.0,2025/26
947360,970.0,15.0,0.399,0.0,0.278,0.278,0.278,390.0,0.231,0.262,1.704,184.0,2025/26
947411,766.0,18.0,0.224,0.117,0.117,0.235,0.117,,,,1.421,177.0,2025/26
947431,833.0,14.0,0.244,0.0,0.0,0.0,0.216,170.0,0.0,0.0,1.105,195.0,2025/26
948273,2135.0,35.0,0.624,0.084,0.042,0.126,0.464,1750.0,0.051,0.101,1.342,177.0,2025/26
948275,2201.0,34.0,0.644,0.286,0.204,0.491,0.082,847.0,0.213,0.398,1.132,193.0,2025/26
948278,2743.0,32.0,0.802,0.066,0.0,0.066,0.361,203.0,0.443,0.192,1.868,196.0,2025/26
948279,1306.0,25.0,0.427,0.207,0.069,0.276,0.345,10.0,0.0,0.184,1.824,190.0,2025/26
948294,2886.0,35.0,0.844,0.374,0.218,0.593,0.156,2695.0,0.501,0.562,1.868,185.0,2025/26
949113,1187.0,15.0,0.388,0.076,0.152,0.227,0.152,,,,1.324,182.0,2025/26
951579,1873.0,25.0,0.612,0.0,0.24,0.24,0.144,956.0,0.0,0.16,0.853,175.0,2025/26
952282,1719.0,27.0,0.562,0.209,0.419,0.628,0.157,1.0,0.0,0.419,1.765,176.0,2025/26
953901,2384.0,28.0,0.697,0.038,0.076,0.113,0.34,1848.0,0.049,0.092,1.895,186.0,2025/26
955281,1734.0,26.0,0.567,0.0,0.0,0.0,0.0,1148.0,0.157,0.052,1.294,178.0,2025/26
955357,1683.0,33.0,0.492,0.695,0.0,0.695,0.267,,,,1.5,179.0,2025/26
957874,2209.0,30.0,0.722,0.367,0.163,0.53,0.122,2497.0,0.793,0.617,1.912,193.0,2025/26
960571,668.0,22.0,0.195,0.269,0.0,0.269,0.0,,,,1.421,184.0,2025/26
961022,542.0,15.0,0.158,0.0,0.498,0.498,0.166,1287.0,0.35,0.449,1.474,172.0,2025/26
961297,1232.0,24.0,0.36,0.073,0.073,0.146,0.438,,,,1.132,182.0,2025/26
962110,2706.0,31.0,0.791,0.033,0.0,0.033,0.1,2621.0,0.103,0.057,2.474,184.0,2025/26
962125,541.0,12.0,0.158,0.0,0.0,0.0,0.499,,,,1.132,183.0,2025/26
964580,2458.0,30.0,0.719,0.183,0.037,0.22,0.183,,,,1.921,178.0,2025/26
967346,756.0,20.0,0.221,0.238,0.0,0.238,0.0,,,,1.421,183.0,2025/26
969192,1446.0,24.0,0.423,0.0,0.062,0.062,0.124,,,,0.474,184.0,2025/26
969447,1361.0,30.0,0.445,0.066,0.132,0.198,0.198,688.0,0.262,0.219,1.324,178.0,2025/26
970279,2240.0,32.0,0.732,0.0,0.0,0.0,0.121,695.0,0.0,0.0,1.059,179.0,2025/26
971570,1235.0,17.0,0.404,0.364,0.51,0.874,0.219,352.0,0.511,0.753,1.765,172.0,2025/26
972465,892.0,27.0,0.261,0.202,0.202,0.404,0.101,,,,1.895,187.0,2025/26
973085,1662.0,31.0,0.486,0.0,0.0,0.0,0.271,2673.0,0.135,0.045,1.395,179.0,2025/26
973949,2172.0,29.0,0.71,0.041,0.0,0.041,0.331,,,,1.294,180.0,2025/26
975347,815.0,18.0,0.266,0.0,0.221,0.221,0.221,,,,1.588,181.0,2025/26
977464,1132.0,20.0,0.37,0.08,0.239,0.318,0.239,744.0,0.121,0.252,1.735,174.0,2025/26
979551,1048.0,28.0,0.342,0.086,0.0,0.086,0.515,,,,1.147,175.0,2025/26
980575,840.0,15.0,0.246,0.0,0.0,0.0,0.107,,,,1.0,190.0,2025/26
982267,895.0,19.0,0.262,0.101,0.0,0.101,0.302,282.0,0.638,0.28,1.132,180.0,2025/26
982855,605.0,13.0,0.177,0.0,0.298,0.298,0.149,1851.0,0.097,0.231,1.421,173.0,2025/26
984096,516.0,9.0,0.151,0.0,0.0,0.0,0.0,,,,1.158,198.0,2025/26
984964,530.0,16.0,0.155,0.0,0.0,0.0,0.0,,,,1.105,185.0,2025/26
985383,1875.0,28.0,0.548,0.048,0.0,0.048,0.24,,,,1.579,181.0,2025/26
986288,1164.0,19.0,0.539,0.309,0.0,0.309,0.232,322.0,0.0,0.206,1.208,188.0,2025/26
986291,753.0,19.0,0.246,0.0,0.478,0.478,0.239,,,,2.059,180.0,2025/26
989574,1303.0,28.0,0.426,0.276,0.414,0.691,0.276,,,,1.324,174.0,2025/26
989621,752.0,15.0,0.22,0.0,0.12,0.12,0.479,,,,0.474,189.0,2025/26
990637,823.0,27.0,0.241,0.219,0.219,0.437,0.328,,,,1.842,181.0,2025/26
991054,1966.0,24.0,0.642,0.0,0.046,0.046,0.137,,,,0.5,195.0,2025/26
991487,1764.0,28.0,0.576,0.102,0.051,0.153,0.102,462.0,0.39,0.232,1.559,180.0,2025/26
992686,1587.0,28.0,0.519,0.567,0.113,0.681,0.113,21.0,0.0,0.454,1.559,177.0,2025/26
994536,748.0,23.0,0.219,0.12,0.12,0.241,0.481,5.0,0.0,0.16,1.079,170.0,2025/26
996897,2139.0,32.0,0.625,0.21,0.042,0.252,0.379,511.0,0.352,0.286,1.395,183.0,2025/26
997861,1085.0,13.0,0.355,0.0,0.0,0.0,0.0,765.0,0.0,0.0,1.294,196.0,2025/26
1004301,1673.0,19.0,0.688,0.0,0.0,0.0,0.215,929.0,0.097,0.032,1.63,190.0,2025/26
1004619,1251.0,27.0,0.409,0.072,0.0,0.072,0.288,88.0,0.0,0.048,0.706,183.0,2025/26
1004708,663.0,17.0,0.194,0.136,0.0,0.136,0.136,169.0,0.0,0.09,1.368,190.0,2025/26
1005165,1872.0,33.0,0.547,0.144,0.288,0.433,0.096,,,,0.553,184.0,2025/26
1005240,1191.0,18.0,0.389,0.0,0.0,0.0,0.302,1502.0,0.0,0.0,1.588,184.0,2025/26
1005575,3138.0,36.0,0.918,0.029,0.029,0.057,0.258,1.0,0.0,0.038,1.079,186.0,2025/26
1005649,2133.0,25.0,0.624,0.042,0.0,0.042,0.211,3191.0,0.056,0.047,1.158,180.0,2025/26
1006411,1514.0,22.0,0.443,0.0,0.0,0.0,0.238,1105.0,0.0,0.0,1.184,188.0,2025/26
1009596,1560.0,20.0,0.51,0.0,0.058,0.058,0.231,,,,1.147,193.0,2025/26
1011131,1304.0,32.0,0.381,0.069,0.138,0.207,0.276,127.0,0.0,0.138,1.368,173.0,2025/26
1011200,1642.0,20.0,0.537,0.055,0.055,0.11,0.11,1245.0,0.217,0.145,0.706,184.0,2025/26
1012534,2401.0,34.0,0.702,0.112,0.15,0.262,0.112,1844.0,0.488,0.338,1.395,180.0,2025/26
1012564,1120.0,15.0,0.327,0.402,0.161,0.562,0.08,,,,1.5,187.0,2025/26
1016015,1540.0,30.0,0.503,0.058,0.0,0.058,0.175,1193.0,0.075,0.064,1.794,186.0,2025/26
1018259,2038.0,28.0,0.596,0.309,0.132,0.442,0.177,876.0,0.616,0.5,0.553,178.0,2025/26
1018920,787.0,22.0,0.23,0.229,0.114,0.343,0.457,244.0,0.0,0.229,2.474,193.0,2025/26
1018938,2250.0,25.0,0.658,0.08,0.0,0.08,0.24,900.0,0.1,0.087,1.211,187.0,2025/26
1020191,2014.0,23.0,0.658,0.134,0.0,0.134,0.089,,,,2.059,182.0,2025/26
1032280,1409.0,21.0,0.412,0.128,0.192,0.319,0.0,,,,1.132,183.0,2025/26
1034853,1804.0,24.0,0.527,0.1,0.0,0.1,0.349,107.0,0.0,0.067,1.316,187.0,2025/26
1035765,1903.0,33.0,0.622,0.236,0.142,0.378,0.047,,,,1.147,197.0,2025/26
1038308,746.0,14.0,0.244,0.0,0.0,0.0,0.241,,,,0.5,185.0,2025/26
1038950,1668.0,33.0,0.488,0.378,0.216,0.594,0.162,33.0,1.0,0.729,1.105,181.0,2025/26
1043646,1085.0,28.0,0.317,0.083,0.0,0.083,0.249,,,,1.184,177.0,2025/26
1046867,507.0,18.0,0.148,0.0,0.0,0.0,0.533,,,,1.921,194.0,2025/26
1056993,846.0,22.0,0.247,0.213,0.213,0.426,0.426,,,,1.368,178.0,2025/26
1057316,1037.0,23.0,0.303,0.087,0.0,0.087,0.434,,,,2.263,178.0,2025/26
1058368,679.0,21.0,0.199,0.133,0.0,0.133,0.133,199.0,0.0,0.088,1.0,189.0,2025/26
1058514,740.0,12.0,0.242,0.122,0.0,0.122,0.0,,,,1.735,172.0,2025/26
1061122,1712.0,28.0,0.501,0.158,0.053,0.21,0.158,,,,1.342,182.0,2025/26
1061282,1084.0,17.0,0.317,0.166,0.083,0.249,0.166,1531.0,0.705,0.401,1.868,185.0,2025/26
1061336,1924.0,23.0,0.563,0.0,0.0,0.0,0.187,917.0,0.0,0.0,1.895,185.0,2025/26
1063338,1339.0,25.0,0.392,0.739,0.0,0.739,0.202,,,,1.105,194.0,2025/26
1063340,1143.0,21.0,0.334,0.0,0.079,0.079,0.236,,,,1.105,177.0,2025/26
1064471,1405.0,26.0,0.411,0.064,0.128,0.192,0.256,625.0,0.288,0.224,1.421,188.0,2025/26
1064871,2196.0,27.0,0.904,0.656,0.041,0.697,0.123,,,,1.481,190.0,2025/26
1067904,2326.0,30.0,0.76,0.193,0.464,0.658,0.077,609.0,0.443,0.586,1.794,178.0,2025/26
1070979,549.0,15.0,0.179,0.328,0.164,0.492,0.164,,,,1.118,179.0,2025/26
1071596,771.0,16.0,0.252,0.117,0.0,0.117,0.0,,,,2.235,180.0,2025/26
1073748,1060.0,15.0,0.346,0.085,0.085,0.17,0.255,,,,1.176,195.0,2025/26
1074628,2115.0,31.0,0.691,0.085,0.043,0.128,0.128,,,,1.324,173.0,2025/26
1074990,513.0,8.0,0.168,0.175,0.0,0.175,0.351,,,,2.147,194.0,2025/26
1075147,1282.0,26.0,0.419,0.351,0.421,0.772,0.07,,,,2.618,168.0,2025/26
1076815,2561.0,33.0,0.749,0.0,0.035,0.035,0.176,2513.0,0.179,0.083,1.421,183.0,2025/26
1077175,1375.0,22.0,0.402,0.0,0.0,0.0,0.131,270.0,0.333,0.111,1.553,184.0,2025/26
1078163,923.0,17.0,0.27,0.0,0.098,0.098,0.195,171.0,0.0,0.065,1.868,189.0,2025/26
1082774,554.0,11.0,0.162,0.0,0.0,0.0,0.162,,,,1.079,177.0,2025/26
1084638,2122.0,27.0,0.693,0.042,0.0,0.042,0.127,,,,0.941,191.0,2025/26
1088199,2612.0,31.0,0.854,0.069,0.276,0.345,0.138,,,,1.324,178.0,2025/26
1096744,505.0,22.0,0.165,0.178,0.0,0.178,0.178,7.0,0.0,0.119,1.059,183.0,2025/26
1097113,528.0,13.0,0.173,0.17,0.0,0.17,0.17,,,,0.941,,2025/26
1097139,2328.0,30.0,0.761,0.0,0.039,0.039,0.271,1149.0,0.078,0.052,1.794,185.0,2025/26
1103652,541.0,9.0,0.177,0.0,0.0,0.0,0.166,,,,1.059,181.0,2025/26
1103958,1266.0,29.0,0.414,0.355,0.0,0.355,0.0,25.0,0.0,0.237,1.059,188.0,2025/26
1107733,528.0,13.0,0.154,0.0,0.0,0.0,0.0,47.0,0.0,0.0,1.289,185.0,2025/26
1108466,551.0,19.0,0.161,0.327,0.163,0.49,0.0,,,,1.579,170.0,2025/26
1110406,623.0,14.0,0.204,0.0,0.289,0.289,0.0,779.0,0.693,0.424,1.0,179.0,2025/26
1111589,2711.0,32.0,0.793,0.0,0.166,0.166,0.199,,,,1.026,177.0,2025/26
1111777,1941.0,23.0,0.634,0.093,0.046,0.139,0.232,,,,0.5,184.0,2025/26
1112449,3220.0,37.0,0.942,0.056,0.0,0.056,0.196,1075.0,0.084,0.065,1.0,196.0,2025/26
1113451,2429.0,29.0,0.794,0.037,0.0,0.037,0.148,,,,0.941,185.0,2025/26
1119453,819.0,20.0,0.268,0.22,0.11,0.33,0.22,337.0,0.534,0.398,0.706,186.0,2025/26
1119456,1444.0,23.0,0.472,0.062,0.062,0.125,0.125,813.0,0.332,0.194,0.706,184.0,2025/26
1121298,1954.0,26.0,0.639,0.0,0.0,0.0,0.322,1549.0,0.0,0.0,0.941,195.0,2025/26
1124136,1291.0,16.0,0.377,0.07,0.209,0.279,0.279,,,,1.132,183.0,2025/26
1127730,822.0,16.0,0.24,0.0,0.438,0.438,0.438,,,,0.763,175.0,2025/26
1129198,488.0,6.0,0.143,0.0,0.0,0.0,0.369,,,,1.474,196.0,2025/26
1130514,2137.0,33.0,0.698,0.042,0.126,0.168,0.168,,,,1.559,187.0,2025/26
1131161,578.0,26.0,0.189,0.779,0.311,1.09,0.311,74.0,1.0,1.06,1.735,185.0,2025/26
1134251,1402.0,20.0,0.458,0.128,0.064,0.193,0.193,,,,1.735,190.0,2025/26
1141560,530.0,17.0,0.218,0.509,0.34,0.849,0.0,537.0,0.335,0.678,1.63,193.0,2025/26
1144700,2256.0,28.0,0.66,0.0,0.0,0.0,0.319,144.0,0.0,0.0,1.105,193.0,2025/26
1151929,510.0,12.0,0.167,0.0,0.353,0.353,0.0,,,,1.559,172.0,2025/26
1159864,1628.0,21.0,0.476,0.055,0.0,0.055,0.276,,,,1.184,194.0,2025/26
1160814,785.0,25.0,0.257,0.573,0.115,0.688,0.0,24.0,0.0,0.459,2.059,187.0,2025/26
1168219,1958.0,34.0,0.64,0.598,0.23,0.827,0.184,,,,0.941,187.0,2025/26
1176345,798.0,19.0,0.261,0.0,0.0,0.0,0.226,430.0,0.419,0.14,1.735,176.0,2025/26
1178488,536.0,22.0,0.157,0.168,0.0,0.168,0.336,,,,1.316,185.0,2025/26
1178489,1602.0,30.0,0.524,0.0,0.056,0.056,0.281,,,,0.5,180.0,2025/26
1182738,1446.0,17.0,0.473,0.0,0.0,0.0,0.498,,,,1.324,191.0,2025/26
1185888,998.0,24.0,0.326,0.271,0.18,0.451,0.0,336.0,0.536,0.479,2.235,175.0,2025/26
1187942,1139.0,22.0,0.372,0.0,0.079,0.079,0.158,,,,1.765,178.0,2025/26
1190411,1735.0,31.0,0.507,0.104,0.467,0.571,0.156,1120.0,0.241,0.461,1.868,185.0,2025/26
1191444,1884.0,27.0,0.616,0.096,0.096,0.191,0.43,,,,1.324,188.0,2025/26
1200427,1093.0,23.0,0.357,0.082,0.082,0.165,0.412,,,,1.324,181.0,2025/26
1228231,1314.0,17.0,0.384,0.068,0.0,0.068,0.205,,,,1.132,190.0,2025/26
1228317,498.0,8.0,0.163,0.181,0.0,0.181,0.0,,,,1.029,186.0,2025/26
1230661,1790.0,27.0,0.523,0.151,0.101,0.251,0.0,1.0,0.0,0.168,0.526,175.0,2025/26
1232057,471.0,12.0,0.138,0.0,0.0,0.0,0.382,,,,1.105,178.0,2025/26
1241207,1724.0,20.0,0.563,0.0,0.0,0.0,0.261,,,,0.706,192.0,2025/26
1241211,1352.0,27.0,0.442,0.133,0.0,0.133,0.266,62.0,0.0,0.089,1.294,180.0,2025/26
1268764,698.0,14.0,0.204,0.0,0.0,0.0,0.258,,,,1.342,182.0,2025/26
1301775,1796.0,31.0,0.525,0.1,0.301,0.401,0.0,,,,1.105,177.0,2025/26
1364454,1235.0,29.0,0.404,0.364,0.364,0.729,0.219,,,,1.735,189.0,2025/26
1375227,597.0,10.0,0.175,0.0,0.302,0.302,0.302,,,,2.263,179.0,2025/26
1390649,2483.0,33.0,0.811,0.435,0.326,0.761,0.072,542.0,0.498,0.674,1.912,180.0,2025/26
