player_id,season,player,club,league,position,sub_position,age,minutes,market_value_eur,predicted_value_eur,interval_low_eur,interval_high_eur,raw_gap_pct,adjusted_gap_pct,flag,flag_raw
111508,2025/26,Allan Nyom,Getafe CF,LaLiga,DEF,Right-Back,38.1,524,100000,670000,420000,1050000,574.1,694.4,not rated,not rated
99397,2025/26,Karl Darlow,Leeds United,Premier League,GK,Goalkeeper,35.7,1980,200000,1300000,590000,2270000,550.4,666.5,undervalued,undervalued
257376,2025/26,Domingos Duarte,Getafe CF,LaLiga,DEF,Centre-Back,31.2,2929,800000,4530000,2340000,9660000,466.6,567.7,undervalued,undervalued
282939,2025/26,Luke O'Nien,Sunderland AFC,Premier League,DEF,Centre-Back,31.5,564,700000,3700000,1320000,6670000,428.3,522.5,not rated,not rated
277533,2025/26,Josan,Elche CF,LaLiga,ATT,Right Winger,36.5,554,100000,490000,200000,1190000,390.9,478.5,not rated,not rated
144128,2025/26,Matías Dituro,Elche CF,LaLiga,GK,Goalkeeper,39.1,1980,100000,480000,230000,1370000,375.8,460.7,undervalued,undervalued
356197,2025/26,Alfonso Pedraza,Villarreal CF,LaLiga,DEF,Left-Back,30.2,1690,2500000,11220000,4400000,23370000,348.7,428.7,undervalued,undervalued
357628,2025/26,Alfon González,Villarreal CF,LaLiga,ATT,Left Winger,27.1,639,3000000,13230000,4180000,22010000,341.2,419.9,not rated,not rated
61841,2025/26,Adam Smith,AFC Bournemouth,Premier League,DEF,Right-Back,35.1,1080,300000,1170000,770000,2330000,289.3,358.8,undervalued,undervalued
126665,2025/26,Idrissa Gueye,Everton FC,Premier League,MID,Defensive Midfield,36.7,2102,500000,1850000,940000,3270000,269.0,334.9,undervalued,undervalued
1268764,2025/26,Davinchi,Getafe CF,LaLiga,DEF,Left-Back,18.6,698,1000000,3680000,1300000,8910000,268.3,334.0,not rated,not rated
380598,2025/26,Santi Comesaña,Villarreal CF,LaLiga,MID,Central Midfield,29.7,2413,8000000,28410000,12700000,47840000,255.2,318.6,undervalued,undervalued
695422,2025/26,Théo De Percin,AJ Auxerre,Ligue 1,GK,Goalkeeper,25.3,595,400000,1410000,560000,3740000,253.4,316.5,not rated,not rated
507496,2025/26,Felix Mambimbi,Le Havre AC,Ligue 1,ATT,Left Winger,25.4,529,500000,1750000,740000,3690000,250.6,313.2,not rated,not rated
94308,2025/26,Marko Dmitrovic,RCD Espanyol Barcelona,LaLiga,GK,Goalkeeper,34.4,3330,700000,2390000,900000,3850000,240.9,301.8,undervalued,undervalued
215977,2025/26,Adrien Thomasson,RC Lens,Ligue 1,MID,Central Midfield,32.5,2691,4000000,13060000,6280000,21010000,226.5,284.7,undervalued,undervalued
241923,2025/26,Lorenzo Montipò,Hellas Verona,Serie A,GK,Goalkeeper,30.3,3150,1200000,3890000,1940000,7160000,224.2,282.0,undervalued,undervalued
126557,2025/26,Jonathan Gradit,RC Lens,Ligue 1,DEF,Centre-Back,33.1,809,3000000,9620000,2440000,14510000,220.7,277.9,not rated,not rated
678406,2025/26,Sergi Cardona,Villarreal CF,LaLiga,DEF,Left-Back,26.9,1965,9000000,28370000,11650000,50850000,215.2,271.4,undervalued,undervalued
394033,2025/26,Stefan Schimmer,1. Fußballclub Heidenheim 1846,Bundesliga,ATT,Centre-Forward,32.1,805,300000,930000,720000,2540000,211.3,266.8,not rated,not rated
96533,2025/26,Youssef El Arabi,FC Nantes,Ligue 1,ATT,Centre-Forward,39.3,938,100000,310000,140000,750000,207.2,262.0,undervalued,undervalued
84085,2025/26,Timothée Kolodziejczak,Paris FC,Ligue 1,DEF,Centre-Back,34.7,660,150000,450000,310000,980000,199.2,252.6,not rated,not rated
658533,2025/26,Abu Francis,FC Toulouse,Ligue 1,MID,Central Midfield,24.6,532,2000000,5890000,1700000,11580000,194.4,247.0,not rated,not rated
625202,2025/26,Lautaro Valenti,Parma Calcio 1913,Serie A,DEF,Centre-Back,27.4,2251,2000000,5710000,2700000,11500000,185.6,236.6,undervalued,undervalued
123275,2025/26,Tom Cairney,Fulham FC,Premier League,MID,Central Midfield,35.4,765,500000,1420000,910000,2870000,183.2,233.8,not rated,not rated
844516,2025/26,Luis Vázquez,Getafe CF,LaLiga,ATT,Centre-Forward,25.1,1205,2500000,6970000,2090000,14790000,178.7,228.5,in range,in range
390304,2025/26,Federico Ravaglia,Bologna Football Club 1909,Serie A,GK,Goalkeeper,26.5,1469,1800000,4970000,1610000,12090000,176.1,225.4,undervalued,in range
1061122,2025/26,Adrián Liso,Getafe CF,LaLiga,ATT,Left Winger,21.2,1712,3000000,8170000,3890000,19710000,172.5,221.1,undervalued,undervalued
691786,2025/26,Morgan Guilavogui,RC Lens,Ligue 1,ATT,Right Winger,28.1,481,4500000,12240000,3760000,22090000,172.0,220.5,not rated,not rated
131996,2025/26,Bertrand Traoré,Sunderland AFC,Premier League,ATT,Right Winger,30.7,639,4000000,10790000,4530000,17230000,169.8,218.0,not rated,not rated
794758,2025/26,Warren Kamanzi,FC Toulouse,Ligue 1,DEF,Right-Back,25.6,856,1200000,3240000,1940000,6990000,169.8,217.9,not rated,not rated
160938,2025/26,Marc Oliver Kempf,Como 1907,Serie A,DEF,Centre-Back,31.3,2323,3500000,9380000,5060000,25610000,168.1,215.9,undervalued,undervalued
336869,2025/26,Marc Roca,Real Betis Balompié,LaLiga,MID,Defensive Midfield,29.5,2025,4000000,10710000,4380000,20030000,167.7,215.5,undervalued,undervalued
343052,2025/26,Nicolas Pépé,Villarreal CF,LaLiga,ATT,Right Winger,31.0,2397,6000000,16020000,10210000,38840000,167.0,214.7,undervalued,undervalued
142031,2025/26,Omar Mascarell,RCD Mallorca,LaLiga,MID,Defensive Midfield,33.3,2245,700000,1820000,1010000,3430000,159.4,205.7,undervalued,undervalued
207917,2025/26,Alberto Moreno,Como 1907,Serie A,DEF,Left-Back,33.9,1234,1000000,2530000,1370000,5110000,153.4,198.6,undervalued,undervalued
433329,2025/26,Corrie Ndaba,US Lecce,Serie A,DEF,Left-Back,26.4,539,900000,2280000,1270000,5570000,153.2,198.4,not rated,not rated
550957,2025/26,Hyeok-kyu Kwon,FC Nantes,Ligue 1,MID,Defensive Midfield,24.8,758,1000000,2510000,940000,5120000,151.1,195.9,not rated,not rated
170911,2025/26,Donovan Léon,AJ Auxerre,Ligue 1,GK,Goalkeeper,33.6,2463,800000,2000000,820000,3350000,150.6,195.4,undervalued,undervalued
712107,2025/26,Luiz Júnior,Villarreal CF,LaLiga,GK,Goalkeeper,25.4,2520,12000000,29930000,10530000,49710000,149.4,193.9,undervalued,in range
528181,2025/26,Edoardo Corvi,Parma Calcio 1913,Serie A,GK,Goalkeeper,25.2,1530,1500000,3640000,1180000,8550000,142.9,186.3,in range,in range
445126,2025/26,Emanuele Valeri,Parma Calcio 1913,Serie A,DEF,Left-Back,27.5,2646,3000000,7120000,3900000,14440000,137.4,179.8,undervalued,undervalued
807689,2025/26,Frank Magri,FC Toulouse,Ligue 1,ATT,Centre-Forward,26.7,1264,3000000,7110000,2430000,10380000,137.1,179.4,in range,in range
412829,2025/26,Léo Pétrot,Elche CF,LaLiga,DEF,Centre-Back,29.1,1568,1500000,3540000,2220000,7850000,136.0,178.1,undervalued,undervalued
182916,2025/26,Wesley Saïd,RC Lens,Ligue 1,ATT,Second Striker,31.1,2013,5000000,11670000,7740000,22860000,133.4,175.1,undervalued,undervalued
339816,2025/26,Tete Morente,Elche CF,LaLiga,ATT,Left Winger,29.5,1792,1800000,4190000,2340000,9980000,133.0,174.6,undervalued,undervalued
728485,2025/26,Danilo Veiga,US Lecce,Serie A,DEF,Right-Back,23.7,3022,2500000,5820000,3430000,12890000,132.8,174.3,undervalued,undervalued
80293,2025/26,Aïssa Mandi,LOSC Lille,Ligue 1,DEF,Centre-Back,34.6,2427,1000000,2320000,1050000,4830000,132.2,173.7,undervalued,undervalued
1071596,2025/26,Dro Fernández,Paris Saint-Germain,Ligue 1,MID,Attacking Midfield,18.4,771,10000000,23140000,7090000,30910000,131.4,172.7,not rated,not rated
74960,2025/26,Martin Dúbravka,Burnley FC,Premier League,GK,Goalkeeper,37.4,3150,500000,1140000,600000,2090000,128.0,168.7,undervalued,undervalued
490423,2025/26,Ignace Van der Brempt,Como 1907,Serie A,DEF,Right-Back,24.2,931,3000000,6800000,3650000,14940000,126.6,167.1,undervalued,undervalued
336125,2025/26,Mërgim Vojvoda,Como 1907,Serie A,DEF,Right-Back,31.3,1593,2500000,5660000,3400000,14030000,126.5,166.9,undervalued,undervalued
571271,2025/26,Ivan Smolcic,Como 1907,Serie A,DEF,Right-Back,25.8,1665,3500000,7910000,5060000,19860000,125.9,166.3,undervalued,undervalued
442703,2025/26,Ylber Ramadani,US Lecce,Serie A,MID,Defensive Midfield,30.1,3215,1800000,4030000,2230000,8840000,123.9,163.9,undervalued,undervalued
85177,2025/26,Nathaniel Clyne,Crystal Palace,Premier League,DEF,Right-Back,35.2,597,300000,670000,380000,1520000,123.8,163.7,not rated,not rated
177467,2025/26,Gerard Moreno,Villarreal CF,LaLiga,ATT,Centre-Forward,34.2,1350,2500000,5530000,2500000,8420000,121.3,160.8,undervalued,in range
707274,2025/26,César Tárrega,Valencia CF,LaLiga,DEF,Centre-Back,24.3,2596,9000000,19800000,6510000,32040000,120.0,159.3,in range,in range
199248,2025/26,Bryan Cristante,Associazione Sportiva Roma,Serie A,MID,Defensive Midfield,31.2,3103,7000000,15390000,6710000,31890000,119.8,159.1,undervalued,in range
57071,2025/26,Péter Gulácsi,RB Leipzig,Bundesliga,GK,Goalkeeper,36.1,2009,1000000,2190000,1030000,5440000,119.5,158.7,undervalued,undervalued
530173,2025/26,Julian Niehues,1. Fußballclub Heidenheim 1846,Bundesliga,MID,Defensive Midfield,25.1,1389,1500000,3280000,1350000,5780000,118.9,158.0,undervalued,in range
709957,2025/26,Álex Valle,Como 1907,Serie A,DEF,Left-Back,22.1,2025,12000000,26240000,15100000,39250000,118.7,157.7,undervalued,undervalued
1061336,2025/26,Pau Navarro,Villarreal CF,LaLiga,DEF,Centre-Back,21.1,1924,15000000,32790000,11460000,44520000,118.6,157.6,in range,in range
230784,2025/26,Thomas Partey,Villarreal CF,LaLiga,MID,Defensive Midfield,33.0,923,2000000,4350000,1940000,9820000,117.5,156.4,undervalued,in range
618813,2025/26,Carlos Martín,Rayo Vallecano,LaLiga,ATT,Left Winger,24.1,452,1500000,3250000,1560000,8790000,116.7,155.3,not rated,not rated
102423,2025/26,Leandro Cabrera,RCD Espanyol Barcelona,LaLiga,DEF,Centre-Back,35.0,3330,900000,1950000,840000,3460000,116.6,155.2,undervalued,in range
183288,2025/26,Luke Shaw,Manchester United,Premier League,DEF,Left-Back,30.9,3233,8000000,17250000,10230000,24900000,115.6,154.1,undervalued,undervalued
192492,2025/26,Jordan Lefort,Angers SCO,Ligue 1,DEF,Centre-Back,32.8,3060,1000000,2150000,1100000,4160000,114.5,152.8,undervalued,undervalued
495667,2025/26,Lucas Da Cunha,Como 1907,Serie A,MID,Central Midfield,25.0,2748,20000000,42710000,21760000,57090000,113.6,151.7,undervalued,undervalued
649490,2025/26,Konan N’Dri,US Lecce,Serie A,ATT,Right Winger,25.6,521,1500000,3190000,2000000,7650000,112.8,150.8,not rated,not rated
99922,2025/26,Marc Bartra,Real Betis Balompié,LaLiga,DEF,Centre-Back,35.4,1978,900000,1910000,740000,4100000,112.4,150.3,in range,in range
341264,2025/26,Fran García,Real Madrid,LaLiga,DEF,Left-Back,26.8,930,10000000,21090000,7360000,38600000,110.9,148.5,in range,in range
214532,2025/26,Pierrick Capelle,Angers SCO,Ligue 1,MID,Central Midfield,39.1,649,150000,320000,180000,660000,110.7,148.3,not rated,not rated
191217,2025/26,Héctor Bellerín,Real Betis Balompié,LaLiga,DEF,Right-Back,31.2,1821,2400000,5050000,2410000,12780000,110.3,147.9,undervalued,undervalued
776798,2025/26,Abdallah Sima,RC Lens,Ligue 1,ATT,Left Winger,25.0,711,5000000,10480000,5260000,21240000,109.5,146.9,not rated,not rated
386552,2025/26,Lassana Coulibaly,US Lecce,Serie A,MID,Central Midfield,30.1,2696,2200000,4600000,2650000,10270000,109.1,146.4,undervalued,undervalued
226025,2025/26,Luca Mazzitelli,Cagliari Calcio,Serie A,MID,Central Midfield,30.5,765,1200000,2510000,1070000,5520000,108.8,146.1,not rated,not rated
969447,2025/26,Dermane Karim,FC Lorient,Ligue 1,MID,Attacking Midfield,22.4,1361,2500000,5190000,3310000,10370000,107.6,144.7,undervalued,undervalued
390688,2025/26,Juan Iglesias,Getafe CF,LaLiga,DEF,Right-Back,27.9,3189,5000000,10240000,4800000,20010000,104.8,141.3,undervalued,in range
225593,2025/26,Pere Milla,RCD Espanyol Barcelona,LaLiga,ATT,Left Winger,33.7,1988,1000000,2040000,1010000,3800000,104.2,140.6,undervalued,undervalued
449796,2025/26,Alejandro Catena,CA Osasuna,LaLiga,DEF,Centre-Back,31.6,3073,2600000,5270000,2350000,9220000,102.7,138.9,undervalued,in range
93936,2025/26,Kike García,RCD Espanyol Barcelona,LaLiga,ATT,Centre-Forward,36.5,1727,700000,1410000,750000,3240000,101.9,137.9,undervalued,undervalued
203043,2025/26,Pedro Bigas,Elche CF,LaLiga,DEF,Centre-Back,36.1,2069,300000,610000,390000,1530000,101.7,137.7,undervalued,undervalued
192169,2025/26,Jonas Föhrenbach,1. Fußballclub Heidenheim 1846,Bundesliga,DEF,Left-Back,30.3,2327,1000000,2000000,1250000,3560000,100.0,135.7,undervalued,undervalued
281989,2025/26,Luis Milla,Getafe CF,LaLiga,MID,Central Midfield,31.7,3277,3500000,6950000,3110000,12300000,98.6,134.1,undervalued,in range
283994,2025/26,Ludovic Ajorque,Stade Brestois 29,Ligue 1,ATT,Centre-Forward,32.3,2824,3000000,5940000,2290000,9070000,98.0,133.4,in range,in range
282421,2025/26,Javi Muñoz,Getafe CF,LaLiga,MID,Central Midfield,31.3,545,1200000,2370000,1310000,5120000,97.3,132.5,not rated,not rated
277384,2025/26,Martin Valjent,RCD Mallorca,LaLiga,DEF,Centre-Back,30.5,3309,3000000,5910000,2740000,10500000,96.9,132.0,undervalued,in range
525578,2025/26,Pathé Ciss,Rayo Vallecano,LaLiga,MID,Central Midfield,32.2,1994,1800000,3540000,1700000,8190000,96.7,131.8,undervalued,in range
872171,2025/26,Lucas Beraldo,Paris Saint-Germain,Ligue 1,DEF,Centre-Back,22.5,1571,22000000,42770000,16330000,55280000,94.4,129.1,in range,in range
111811,2025/26,Florent Hanin,Angers SCO,Ligue 1,DEF,Left-Back,36.3,861,200000,390000,280000,840000,93.4,128.0,not rated,not rated
1063340,2025/26,Kareem Tunde,Levante UD,LaLiga,ATT,Right Winger,20.8,1143,2000000,3870000,1290000,7890000,93.5,128.0,in range,in range
729814,2025/26,Georges Mikautadze,Villarreal CF,LaLiga,ATT,Centre-Forward,25.6,2297,30000000,57930000,24360000,80650000,93.1,127.6,in range,in range
415194,2025/26,Bakery Jatta,Hamburger SV,Bundesliga,ATT,Right Winger,28.0,918,1000000,1930000,810000,4750000,92.7,127.1,in range,in range
136111,2025/26,Nicola Leali,Genoa CFC,Serie A,GK,Goalkeeper,33.3,1848,1000000,1920000,830000,3420000,91.7,125.9,in range,in range
583046,2025/26,Medon Berisha,US Lecce,Serie A,MID,Central Midfield,22.2,881,6000000,11460000,3440000,15690000,91.0,125.1,not rated,not rated
226012,2025/26,David Soria,Getafe CF,LaLiga,GK,Goalkeeper,33.2,3420,2800000,5320000,1640000,7640000,90.0,123.9,in range,in range
127573,2025/26,Phillipp Mwene,1.FSV Mainz 05,Bundesliga,DEF,Left-Back,32.3,2073,1500000,2850000,1190000,5850000,89.7,123.6,in range,in range
625660,2025/26,Jon Ander Olasagasti,Levante UD,LaLiga,MID,Central Midfield,25.8,1730,2500000,4720000,2170000,8500000,88.7,122.4,undervalued,in range
246968,2025/26,Ayoze Pérez,Villarreal CF,LaLiga,ATT,Centre-Forward,32.9,1122,5000000,9420000,4170000,19260000,88.3,121.9,in range,in range
251322,2025/26,Philipp Köhn,AS Monaco,Ligue 1,GK,Goalkeeper,28.2,1619,3500000,6590000,3510000,16200000,88.3,121.9,undervalued,undervalued
278837,2025/26,Luis Rioja,Valencia CF,LaLiga,ATT,Right Winger,32.6,2636,1800000,3350000,1790000,8120000,86.2,119.5,undervalued,in range
251876,2025/26,Pablo Maffeo,RCD Mallorca,LaLiga,DEF,Right-Back,28.9,2672,3000000,5530000,2890000,8450000,84.3,117.2,undervalued,in range
44058,2025/26,Wojciech Szczesny,FC Barcelona,LaLiga,GK,Goalkeeper,36.1,720,800000,1470000,840000,3360000,84.2,117.1,not rated,not rated
255488,2025/26,Yeray Álvarez,Athletic Bilbao,LaLiga,DEF,Centre-Back,31.4,514,900000,1650000,850000,3200000,83.4,116.1,not rated,not rated
935245,2025/26,Raúl Asencio,Real Madrid,LaLiga,DEF,Centre-Back,23.3,1708,20000000,36670000,15420000,62160000,83.4,116.1,in range,in range
298583,2025/26,Eray Cömert,Valencia CF,LaLiga,DEF,Centre-Back,28.3,1339,2500000,4580000,1920000,10770000,83.1,115.8,in range,in range
198008,2025/26,André Silva,Elche CF,LaLiga,ATT,Centre-Forward,30.6,1853,3000000,5480000,2070000,9030000,82.8,115.4,in range,in range
257062,2025/26,Álvaro García,Rayo Vallecano,LaLiga,ATT,Left Winger,33.6,2108,1500000,2730000,1580000,5890000,82.0,114.5,undervalued,undervalued
324377,2025/26,Youssef Maleh,US Cremonese,Serie A,MID,Central Midfield,27.8,1566,1500000,2730000,1400000,5090000,81.8,114.3,undervalued,in range
90317,2025/26,Daniel Batz,1.FSV Mainz 05,Bundesliga,GK,Goalkeeper,35.4,1890,350000,640000,380000,1690000,81.7,114.1,undervalued,undervalued
378139,2025/26,Aitor Ruibal,Real Betis Balompié,LaLiga,ATT,Right Winger,30.2,1814,4000000,7260000,3610000,19870000,81.5,113.9,undervalued,in range
677057,2025/26,Giorgi Abuashvili,FC Metz,Ligue 1,ATT,Left Winger,23.3,687,1000000,1820000,840000,3650000,81.5,113.9,not rated,not rated
905997,2025/26,Pablo Durán,Celta de Vigo,LaLiga,ATT,Centre-Forward,25.0,1425,4000000,7260000,3290000,15970000,81.4,113.8,in range,in range
603675,2025/26,Francesco Folino,US Cremonese,Serie A,DEF,Centre-Back,24.3,712,800000,1450000,760000,3910000,81.3,113.7,not rated,not rated
566615,2025/26,Mikael Egill Ellertsson,Genoa CFC,Serie A,MID,Central Midfield,24.2,2768,6000000,10860000,5640000,21580000,81.0,113.3,undervalued,in range
81512,2025/26,Christian Kabasele,Udinese Calcio,Serie A,DEF,Centre-Back,35.3,2256,750000,1360000,620000,2480000,80.9,113.1,in range,in range
301238,2025/26,Michele Di Gregorio,Juventus FC,Serie A,GK,Goalkeeper,28.8,2655,10000000,18010000,8820000,35550000,80.1,112.2,undervalued,in range
249513,2025/26,Diego Rico,Getafe CF,LaLiga,DEF,Left-Back,33.3,1754,1000000,1790000,980000,4400000,78.7,110.6,undervalued,in range
476836,2025/26,Aron Dønnum,FC Toulouse,Ligue 1,MID,Right Midfield,28.1,2424,5000000,8930000,4490000,18420000,78.6,110.5,undervalued,in range
549027,2025/26,Martim Neto,Elche CF,LaLiga,MID,Central Midfield,23.4,1351,4000000,7100000,3360000,14370000,77.5,109.2,in range,in range
241527,2025/26,Federico Bonazzoli,US Cremonese,Serie A,ATT,Centre-Forward,29.0,2524,2500000,4430000,2190000,7950000,77.1,108.7,undervalued,in range
354352,2025/26,Frédéric Guilbert,FC Nantes,Ligue 1,DEF,Right-Back,31.4,610,800000,1410000,670000,2420000,76.6,108.1,not rated,not rated
357885,2025/26,Pablo Fornals,Real Betis Balompié,LaLiga,MID,Central Midfield,30.3,2866,8000000,14120000,7240000,26110000,76.5,108.1,undervalued,in range
466783,2025/26,Arnau Tenas,Villarreal CF,LaLiga,GK,Goalkeeper,25.0,900,4000000,7020000,3330000,19170000,75.6,106.9,in range,in range
371141,2025/26,Stanley Nsoki,1.FC Union Berlin,Bundesliga,DEF,Centre-Back,27.1,819,2000000,3510000,1450000,6780000,75.5,106.8,not rated,not rated
557407,2025/26,Devyne Rensch,Associazione Sportiva Roma,Serie A,DEF,Right-Back,23.4,1179,8500000,14910000,7770000,28890000,75.4,106.7,undervalued,in range
435492,2025/26,Alimami Gory,Paris FC,Ligue 1,ATT,Left Winger,29.8,978,1500000,2600000,1360000,4990000,73.3,104.2,undervalued,in range
741142,2025/26,Zaid Romero,Getafe CF,LaLiga,DEF,Centre-Back,26.5,1350,2500000,4330000,1580000,9730000,73.2,104.1,in range,in range
548188,2025/26,Germán Valera,Elche CF,LaLiga,ATT,Left Winger,24.2,2871,6000000,10390000,4520000,19980000,73.1,104.0,in range,in range
318523,2025/26,Romain Perraud,LOSC Lille,Ligue 1,DEF,Left-Back,28.7,2250,7000000,12110000,7380000,24350000,73.0,103.9,undervalued,undervalued
256267,2025/26,Vedat Muriqi,RCD Mallorca,LaLiga,ATT,Centre-Forward,32.1,3137,4500000,7780000,3680000,11490000,72.8,103.7,in range,in range
284732,2025/26,Ramy Bensebaini,Borussia Dortmund,Bundesliga,DEF,Centre-Back,31.1,1528,7000000,12070000,6420000,31590000,72.4,103.2,undervalued,in range
314241,2025/26,Josh Laurent,Burnley FC,Premier League,MID,Central Midfield,31.1,1759,1500000,2580000,1420000,5760000,72.0,102.7,undervalued,in range
203746,2025/26,Ruben Aguilar,RC Lens,Ligue 1,DEF,Right-Back,33.1,1731,2500000,4290000,2060000,9580000,71.7,102.4,in range,in range
568617,2025/26,Răzvan Sava,Udinese Calcio,Serie A,GK,Goalkeeper,23.5,619,2500000,4280000,1250000,10440000,71.1,101.6,not rated,not rated
293281,2025/26,Jacob Bruun Larsen,Burnley FC,Premier League,ATT,Left Winger,27.7,1023,4000000,6840000,3950000,13490000,71.0,101.5,undervalued,in range
524010,2025/26,Oier Zarraga,Udinese Calcio,Serie A,MID,Central Midfield,27.4,456,1500000,2560000,1490000,4960000,70.6,101.1,not rated,not rated
798929,2025/26,Gvidas Gineitis,Torino FC,Serie A,MID,Central Midfield,22.1,1763,5500000,9380000,4820000,17150000,70.5,100.9,undervalued,in range
662261,2025/26,Rafa Marín,Villarreal CF,LaLiga,DEF,Centre-Back,24.0,1980,12000000,20280000,8090000,38540000,69.0,99.2,in range,in range
357796,2025/26,Domagoj Bradarić,Hellas Verona,Serie A,DEF,Left-Back,26.5,1971,1500000,2530000,1730000,5700000,68.8,98.9,undervalued,undervalued
353032,2025/26,Omar Alderete,Sunderland AFC,Premier League,DEF,Centre-Back,29.4,2802,13000000,21920000,12070000,33730000,68.6,98.8,undervalued,in range
505674,2025/26,Sergio Camello,Rayo Vallecano,LaLiga,ATT,Centre-Forward,25.3,818,3000000,5050000,2310000,12680000,68.2,98.3,not rated,not rated
227084,2025/26,Benedikt Gimber,1. Fußballclub Heidenheim 1846,Bundesliga,DEF,Centre-Back,29.3,1437,1500000,2520000,1260000,4980000,68.1,98.1,in range,in range
186368,2025/26,Valentino Lazaro,Torino FC,Serie A,MID,Right Midfield,30.2,2260,2500000,4190000,2390000,9490000,67.6,97.5,undervalued,in range
362086,2025/26,Isi Palazón,Rayo Vallecano,LaLiga,ATT,Second Striker,31.4,2263,2800000,4680000,2260000,10380000,67.0,96.8,in range,in range
256448,2025/26,Gianluca Mancini,Associazione Sportiva Roma,Serie A,DEF,Centre-Back,30.1,3066,15000000,24960000,9910000,40930000,66.4,96.1,in range,in range
384859,2025/26,Fabien Centonze,FC Nantes,Ligue 1,DEF,Right-Back,30.4,733,1000000,1660000,680000,2710000,65.6,95.2,not rated,not rated
674806,2025/26,Santiago Pierotti,US Lecce,Serie A,ATT,Right Winger,25.2,2616,4000000,6620000,3870000,17330000,65.5,95.0,undervalued,in range
268670,2025/26,Gerard Gumbau,Rayo Vallecano,LaLiga,MID,Defensive Midfield,31.5,1172,1200000,1980000,1190000,3950000,65.4,94.9,undervalued,in range
392516,2025/26,Antonino Gallo,US Lecce,Serie A,DEF,Left-Back,26.4,3058,3500000,5760000,3670000,12870000,64.7,94.1,undervalued,undervalued
533568,2025/26,Nahuel Tenaglia,Deportivo Alavés,LaLiga,DEF,Right-Back,30.3,3240,3000000,4940000,2920000,9550000,64.6,94.0,undervalued,in range
691316,2025/26,Luis Henrique,Inter Milan,Serie A,MID,Right Midfield,24.5,1621,22000000,36180000,18620000,58190000,64.5,93.8,in range,in range
636695,2025/26,Marc Casadó,FC Barcelona,LaLiga,MID,Defensive Midfield,22.7,981,18000000,29490000,10880000,45160000,63.8,93.1,in range,in range
238266,2025/26,Duje Caleta-Car,Real Sociedad,LaLiga,DEF,Centre-Back,29.7,2150,2800000,4580000,2290000,9220000,63.6,92.8,in range,in range
638124,2025/26,Manu Fernández,Celta de Vigo,LaLiga,DEF,Centre-Back,25.1,759,1500000,2450000,900000,6640000,63.6,92.8,not rated,not rated
161869,2025/26,Djibril Sidibé,FC Toulouse,Ligue 1,DEF,Right-Back,33.8,2147,1000000,1640000,970000,3050000,63.5,92.7,undervalued,in range
569033,2025/26,Armindo Sieb,1.FSV Mainz 05,Bundesliga,ATT,Second Striker,23.3,534,2500000,4090000,1980000,9390000,63.4,92.6,not rated,not rated
46413,2025/26,Ante Budimir,CA Osasuna,LaLiga,ATT,Centre-Forward,34.9,2953,2800000,4560000,1900000,6480000,62.7,91.8,in range,in range
316884,2025/26,Dominik Greif,Olympique Lyon,Ligue 1,GK,Goalkeeper,29.2,2610,9000000,14610000,6640000,26540000,62.4,91.4,in range,in range
216569,2025/26,Jérémie Boga,Juventus FC,Serie A,ATT,Left Winger,29.4,1322,8000000,12990000,4380000,22380000,62.3,91.3,in range,in range
99523,2025/26,Nícolas,Pisa Sporting Club,Serie A,GK,Goalkeeper,38.1,540,100000,160000,80000,570000,62.2,91.2,not rated,not rated
358250,2025/26,Joseph Aidoo,Celta de Vigo,LaLiga,DEF,Centre-Back,30.7,639,1000000,1620000,720000,3420000,62.0,90.9,not rated,not rated
82350,2025/26,Stefan Bell,1.FSV Mainz 05,Bundesliga,DEF,Centre-Back,34.8,1041,600000,970000,640000,1910000,61.6,90.4,undervalued,undervalued
165895,2025/26,Matteo Politano,SSC Napoli,Serie A,ATT,Right Winger,32.8,2214,5000000,8070000,3910000,17570000,61.3,90.1,in range,in range
192735,2025/26,Stanislav Lobotka,SSC Napoli,Serie A,MID,Defensive Midfield,31.5,2438,10000000,16120000,6610000,26620000,61.2,90.0,in range,in range
288225,2025/26,Ludovic Blas,Stade Rennais FC,Ligue 1,MID,Right Midfield,28.4,1542,10000000,16100000,8010000,27980000,61.0,89.7,in range,in range
112515,2025/26,Marcos Alonso,Celta de Vigo,LaLiga,DEF,Centre-Back,35.4,2770,1200000,1930000,770000,3200000,60.9,89.6,in range,in range
118689,2025/26,Leonardo Spinazzola,SSC Napoli,Serie A,DEF,Left-Back,33.2,1903,3500000,5630000,2420000,11580000,60.7,89.4,in range,in range
278531,2025/26,Sebastiano Luperto,Cagliari Calcio,Serie A,DEF,Centre-Back,29.7,3017,4000000,6420000,3370000,13390000,60.5,89.2,in range,in range
962110,2025/26,Pau Cubarsí,FC Barcelona,LaLiga,DEF,Centre-Back,19.4,2706,80000000,128130000,50850000,148190000,60.2,88.8,in range,in range
830108,2025/26,Julián Malatini,SV Werder Bremen,Bundesliga,DEF,Centre-Back,25.0,516,2000000,3200000,1030000,5820000,60.1,88.7,not rated,not rated
258364,2025/26,Calvin Verdonk,LOSC Lille,Ligue 1,DEF,Left-Back,29.1,786,2500000,3990000,2540000,10920000,59.6,88.1,not rated,not rated
543822,2025/26,Malthe Højholt,Pisa Sporting Club,Serie A,MID,Defensive Midfield,25.1,850,1200000,1910000,940000,3970000,59.5,88.0,not rated,not rated
119296,2025/26,Emre Can,Borussia Dortmund,Bundesliga,DEF,Centre-Back,32.2,623,4000000,6370000,2420000,16130000,59.1,87.5,not rated,not rated
124410,2025/26,Rani Khedira,1.FC Union Berlin,Bundesliga,MID,Defensive Midfield,32.3,2835,2000000,3180000,1640000,6760000,59.0,87.4,in range,in range
131978,2025/26,Ross Barkley,Aston Villa,Premier League,MID,Central Midfield,32.5,852,4000000,6360000,4240000,12890000,58.9,87.3,not rated,not rated
391720,2025/26,Igor Silva,FC Lorient,Ligue 1,DEF,Right-Back,29.8,1213,1200000,1900000,880000,3760000,58.6,86.9,in range,in range
191422,2025/26,Mahmoud Dahoud,Eintracht Frankfurt,Bundesliga,MID,Central Midfield,30.4,716,2000000,3160000,1150000,7600000,57.8,86.0,not rated,not rated
121985,2025/26,Juan Jesus,SSC Napoli,Serie A,DEF,Centre-Back,35.0,1676,1500000,2360000,920000,4960000,57.6,85.7,in range,in range
239647,2025/26,Aiyegun Tosin,FC Lorient,Ligue 1,ATT,Centre-Forward,27.9,1068,1800000,2840000,1760000,6460000,57.6,85.7,undervalued,in range
355861,2025/26,Arnaut Danjuma,Valencia CF,LaLiga,ATT,Left Winger,29.3,1627,3000000,4720000,2320000,11310000,57.4,85.5,in range,in range
144028,2025/26,Leandro Trossard,Arsenal FC,Premier League,ATT,Left Winger,31.5,2008,18000000,28270000,21870000,39440000,57.1,85.1,undervalued,undervalued
199953,2025/26,Caleb Ekuban,Genoa CFC,Serie A,ATT,Centre-Forward,32.2,975,1200000,1880000,890000,4090000,57.0,85.0,in range,in range
59561,2025/26,Dani Parejo,Villarreal CF,LaLiga,MID,Central Midfield,37.1,1390,1000000,1560000,1050000,5280000,56.3,84.3,undervalued,undervalued
333903,2025/26,Lars Ritzka,FC St. Pauli,Bundesliga,DEF,Left-Back,28.1,970,1000000,1560000,950000,2840000,56.0,83.9,undervalued,in range
153084,2025/26,Leon Goretzka,Bayern Munich,Bundesliga,MID,Central Midfield,31.3,1954,12000000,18710000,8640000,34520000,55.9,83.7,in range,in range
182201,2025/26,Ally Samatta,Le Havre AC,Ligue 1,ATT,Centre-Forward,33.4,1545,700000,1090000,720000,2540000,55.3,83.1,undervalued,undervalued
156618,2025/26,Maxime Colin,FC Metz,Ligue 1,DEF,Right-Back,34.5,1692,250000,390000,260000,900000,54.9,82.6,undervalued,undervalued
184892,2025/26,Florian Thauvin,RC Lens,Ligue 1,ATT,Right Winger,33.3,2462,5000000,7740000,6100000,18190000,54.8,82.5,undervalued,undervalued
388409,2025/26,Philipp Sander,Borussia Mönchengladbach,Bundesliga,MID,Defensive Midfield,28.3,2454,4000000,6190000,3190000,10450000,54.7,82.3,in range,in range
720038,2025/26,Pablo Torre,RCD Mallorca,LaLiga,MID,Attacking Midfield,23.2,1603,5000000,7730000,3540000,16560000,54.5,82.1,in range,in range
947431,2025/26,David López,RCD Mallorca,LaLiga,DEF,Centre-Back,23.3,833,1200000,1850000,810000,5080000,54.5,82.1,not rated,not rated
42205,2025/26,Yann Sommer,Inter Milan,Serie A,GK,Goalkeeper,37.4,2961,2000000,3080000,1490000,9130000,53.9,81.3,in range,in range
245056,2025/26,Saša Lukić,Fulham FC,Premier League,MID,Central Midfield,29.8,1734,10000000,15360000,7080000,25680000,53.6,81.0,in range,in range
632741,2025/26,Iker Losada,Levante UD,LaLiga,ATT,Second Striker,24.8,898,1800000,2760000,1460000,6420000,53.6,81.0,not rated,not rated
235931,2025/26,Alessandro Deiola,Cagliari Calcio,Serie A,MID,Central Midfield,30.8,1435,1500000,2300000,1270000,4370000,53.5,80.9,undervalued,in range
336960,2025/26,Giuseppe Pezzella,US Cremonese,Serie A,DEF,Left-Back,28.5,2591,2000000,3060000,2110000,6920000,52.8,80.1,undervalued,undervalued
631927,2025/26,Saud Abdulhamid,RC Lens,Ligue 1,DEF,Right-Back,26.9,1345,9000000,13740000,5930000,25360000,52.6,79.9,in range,in range
127048,2025/26,Cédric Bakambu,Real Betis Balompié,LaLiga,ATT,Centre-Forward,35.2,562,1200000,1830000,900000,3130000,52.5,79.7,not rated,not rated
892221,2025/26,Hugo Sotelo,Celta de Vigo,LaLiga,MID,Central Midfield,22.5,1342,5000000,7620000,2610000,14560000,52.3,79.5,in range,in range
545538,2025/26,Lameck Banda,US Lecce,Serie A,ATT,Left Winger,25.3,1760,3500000,5320000,2680000,11470000,51.9,79.0,in range,in range
531404,2025/26,Marc Aguado,Elche CF,LaLiga,MID,Defensive Midfield,26.3,2514,3500000,5300000,2680000,11220000,51.4,78.4,in range,in range
295630,2025/26,Dimitrios Giannoulis,FC Augsburg,Bundesliga,DEF,Left-Back,30.6,1902,3000000,4520000,2330000,9400000,50.8,77.7,in range,in range
557149,2025/26,Kang-in Lee,Paris Saint-Germain,Ligue 1,MID,Attacking Midfield,25.3,1522,28000000,42190000,19120000,64030000,50.7,77.6,in range,in range
948273,2025/26,Mario Martín,Getafe CF,LaLiga,MID,Defensive Midfield,22.3,2135,10000000,15070000,6960000,27330000,50.7,77.6,in range,in range
624942,2025/26,Raúl Moro,CA Osasuna,LaLiga,ATT,Left Winger,23.5,623,3500000,5270000,2150000,11960000,50.6,77.5,not rated,not rated
986291,2025/26,Andrija Bulatovic,RC Lens,Ligue 1,MID,Central Midfield,19.4,753,8000000,12050000,4370000,22230000,50.6,77.5,not rated,not rated
538996,2025/26,Tanguy Nianzou,Sevilla FC,LaLiga,DEF,Centre-Back,24.0,646,1200000,1810000,820000,4560000,50.5,77.4,not rated,not rated
586984,2025/26,Daniel Oyegoke,Hellas Verona,Serie A,DEF,Right-Back,23.4,593,1000000,1500000,920000,3650000,50.5,77.3,not rated,not rated
636093,2025/26,Carlos Domínguez,Celta de Vigo,LaLiga,DEF,Centre-Back,25.3,610,2000000,3010000,1080000,7330000,50.5,77.3,not rated,not rated
583404,2025/26,Marcus Pedersen,Torino FC,Serie A,DEF,Right-Back,25.9,2135,3500000,5260000,2990000,10190000,50.4,77.2,undervalued,in range
628498,2025/26,Jofre Carreras,RCD Espanyol Barcelona,LaLiga,ATT,Right Winger,25.0,921,3000000,4510000,2580000,11070000,50.4,77.2,undervalued,in range
222855,2025/26,Jesper Karlström,Udinese Calcio,Serie A,MID,Defensive Midfield,30.9,3153,4000000,6010000,2860000,10980000,50.2,77.0,in range,in range
120205,2025/26,Michael Gregoritsch,FC Augsburg,Bundesliga,ATT,Centre-Forward,32.1,917,1500000,2250000,1090000,5500000,49.7,76.4,in range,in range
253677,2025/26,Tyrone Mings,Aston Villa,Premier League,DEF,Centre-Back,33.2,1323,3000000,4480000,2320000,8320000,49.5,76.1,in range,in range
691958,2025/26,Noah Cadiou,FC Lorient,Ligue 1,MID,Central Midfield,27.6,1873,3000000,4480000,2290000,9310000,49.3,75.9,in range,in range
710885,2025/26,Mario Sauer,FC Toulouse,Ligue 1,MID,Central Midfield,22.0,638,1500000,2230000,1420000,5730000,48.9,75.5,not rated,not rated
338425,2025/26,Álex Berenguer,Athletic Bilbao,LaLiga,ATT,Left Winger,30.9,2164,4000000,5940000,2660000,8970000,48.4,74.9,in range,in range
324811,2025/26,Arnaud Nordin,Stade Rennais FC,Ligue 1,ATT,Right Winger,28.0,1041,4000000,5920000,3000000,12920000,48.0,74.5,in range,in range
381950,2025/26,Alexis Saelemaekers,AC Milan,Serie A,MID,Right Midfield,26.9,2802,20000000,29610000,12430000,42340000,48.0,74.5,in range,in range
559979,2025/26,Abdel Abqar,Getafe CF,LaLiga,DEF,Centre-Back,27.2,1441,3500000,5180000,2250000,12840000,48.1,74.5,in range,in range
631002,2025/26,Raúl García,CA Osasuna,LaLiga,ATT,Centre-Forward,25.6,1013,3000000,4440000,2850000,9810000,48.1,74.5,undervalued,in range
634131,2025/26,Aimar Oroz,CA Osasuna,LaLiga,MID,Attacking Midfield,24.5,2154,7500000,11070000,4410000,19500000,47.6,74.0,in range,in range
425902,2025/26,Ryan Yates,Nottingham Forest,Premier League,MID,Central Midfield,28.5,603,7000000,10320000,5310000,20070000,47.4,73.7,not rated,not rated
953901,2025/26,Santiago Mouriño,Villarreal CF,LaLiga,DEF,Right-Back,24.3,2384,20000000,29420000,12370000,45420000,47.1,73.4,in range,in range
165007,2025/26,Denis Suárez,Deportivo Alavés,LaLiga,MID,Attacking Midfield,32.4,1407,1000000,1470000,870000,3040000,47.0,73.2,undervalued,in range
302371,2025/26,Toni Martínez,Deportivo Alavés,LaLiga,ATT,Centre-Forward,28.9,2730,7500000,11010000,4480000,18690000,46.8,73.0,in range,in range
395237,2025/26,Maxence Caqueret,Como 1907,Serie A,MID,Central Midfield,26.3,1488,13000000,19080000,9450000,30830000,46.8,73.0,in range,in range
1038308,2025/26,Michel Mboula,FC Metz,Ligue 1,DEF,Centre-Back,23.1,746,900000,1320000,620000,3440000,46.6,72.8,not rated,not rated
627290,2025/26,John Donald,Elche CF,LaLiga,DEF,Centre-Back,25.7,652,1000000,1460000,880000,4560000,46.5,72.6,not rated,not rated
622988,2025/26,Fran Pérez,Rayo Vallecano,LaLiga,ATT,Right Winger,23.7,1233,2500000,3660000,2240000,12000000,46.3,72.4,undervalued,in range
883865,2025/26,Rafik Messali,FC Toulouse,Ligue 1,DEF,Right-Back,22.9,501,1500000,2190000,1040000,5860000,46.3,72.4,not rated,not rated
392956,2025/26,Enrico Delprato,Parma Calcio 1913,Serie A,DEF,Right-Back,26.5,2953,6000000,8770000,4820000,17790000,46.2,72.3,in range,in range
867688,2025/26,Jack Hinshelwood,Brighton & Hove Albion,Premier League,MID,Defensive Midfield,21.1,1751,28000000,40940000,22430000,48230000,46.2,72.3,in range,in range
288340,2025/26,Phillip Tietz,1.FSV Mainz 05,Bundesliga,ATT,Centre-Forward,28.9,1809,4000000,5840000,3520000,13020000,46.0,72.1,undervalued,in range
340205,2025/26,Gorka Guruzeta,Athletic Bilbao,LaLiga,ATT,Centre-Forward,29.7,2370,5000000,7300000,4330000,15880000,46.0,72.1,undervalued,in range
164904,2025/26,Mory Diaw,Le Havre AC,Ligue 1,GK,Goalkeeper,32.9,2655,900000,1310000,670000,2440000,46.0,72.0,in range,in range
399434,2025/26,Marcus Tavernier,AFC Bournemouth,Premier League,MID,Attacking Midfield,27.2,2743,25000000,36460000,19340000,49630000,45.8,71.9,in range,in range
588426,2025/26,Saúl Coco,Torino FC,Serie A,DEF,Centre-Back,27.3,3090,7500000,10900000,4590000,18240000,45.4,71.3,in range,in range
638793,2025/26,Tajon Buchanan,Villarreal CF,LaLiga,ATT,Right Winger,27.3,1821,12000000,17370000,9140000,40940000,44.7,70.6,in range,in range
927768,2025/26,Lucas Pires,Burnley FC,Premier League,DEF,Left-Back,25.2,1406,4000000,5790000,2260000,12930000,44.8,70.6,in range,in range
289446,2025/26,Yerry Mina,Cagliari Calcio,Serie A,DEF,Centre-Back,31.7,2153,2500000,3610000,1680000,6270000,44.6,70.4,in range,in range
352041,2025/26,Lucas Perri,Leeds United,Premier League,GK,Goalkeeper,28.2,1440,13000000,18790000,6260000,30790000,44.6,70.4,in range,in range
221958,2025/26,Roman Yaremchuk,Olympique Lyon,Ligue 1,ATT,Centre-Forward,30.5,561,3500000,5060000,2020000,13020000,44.5,70.3,not rated,not rated
371686,2025/26,Carlens Arcus,Angers SCO,Ligue 1,DEF,Right-Back,29.9,2045,1800000,2600000,1790000,5080000,44.4,70.2,undervalued,in range
94529,2025/26,Stephan El Shaarawy,Associazione Sportiva Roma,Serie A,ATT,Left Winger,33.6,657,2400000,3460000,1970000,6420000,44.0,69.7,not rated,not rated
249730,2025/26,Guillermo Maripán,Torino FC,Serie A,DEF,Centre-Back,32.1,2145,2000000,2880000,1420000,5970000,43.8,69.5,in range,in range
720518,2025/26,Roberto Fernández,RCD Espanyol Barcelona,LaLiga,ATT,Centre-Forward,23.9,2387,10000000,14390000,7290000,26650000,43.9,69.5,in range,in range
361256,2025/26,Berke Özer,LOSC Lille,Ligue 1,GK,Goalkeeper,26.0,2835,10000000,14360000,9810000,33770000,43.6,69.2,undervalued,in range
213260,2025/26,Rubén García,CA Osasuna,LaLiga,ATT,Right Winger,32.9,2247,1600000,2290000,1270000,4890000,43.4,69.0,in range,in range
503482,2025/26,Min-jae Kim,Bayern Munich,Bundesliga,DEF,Centre-Back,29.5,1605,20000000,28590000,11060000,47610000,43.0,68.5,in range,in range
100986,2025/26,Thomas Meunier,LOSC Lille,Ligue 1,DEF,Right-Back,34.7,1910,1500000,2140000,1060000,3760000,42.8,68.3,in range,in range
278359,2025/26,Borja Iglesias,Celta de Vigo,LaLiga,ATT,Centre-Forward,33.4,1902,2800000,3990000,2660000,7690000,42.5,68.0,undervalued,in range
334835,2025/26,Toma Bašić,Società Sportiva Lazio S.p.A.,Serie A,MID,Central Midfield,29.5,1746,3000000,4280000,1650000,10590000,42.6,68.0,in range,in range
531065,2025/26,Oussama El Azzouzi,AJ Auxerre,Ligue 1,MID,Defensive Midfield,25.0,814,1800000,2560000,860000,4760000,42.4,67.9,not rated,not rated
286297,2025/26,Lorenzo Pellegrini,Associazione Sportiva Roma,Serie A,MID,Attacking Midfield,29.9,1476,8000000,11390000,6630000,25720000,42.4,67.8,in range,in range
517753,2025/26,Óscar Valentín,Rayo Vallecano,LaLiga,MID,Central Midfield,31.8,2115,2000000,2850000,1720000,5950000,42.4,67.8,undervalued,in range
85906,2025/26,Danny da Costa,1.FSV Mainz 05,Bundesliga,DEF,Centre-Back,32.9,2698,1200000,1710000,1160000,4330000,42.2,67.6,undervalued,in range
890385,2025/26,Sebastian Otoa,Genoa CFC,Serie A,DEF,Centre-Back,22.0,829,2500000,3550000,1400000,6900000,42.0,67.4,not rated,not rated
324795,2025/26,Mahdi Camara,Stade Rennais FC,Ligue 1,MID,Central Midfield,27.9,2661,12000000,17020000,8620000,30200000,41.9,67.2,in range,in range
342046,2025/26,Axel Tuanzebe,Burnley FC,Premier League,DEF,Centre-Back,28.6,1202,5000000,7090000,3420000,13370000,41.8,67.1,in range,in range
232320,2025/26,Atakan Karazor,VfB Stuttgart,Bundesliga,MID,Defensive Midfield,29.6,1891,8000000,11340000,6220000,28860000,41.7,67.0,in range,in range
264960,2025/26,Robin Fellhauer,FC Augsburg,Bundesliga,MID,Defensive Midfield,28.3,2809,3500000,4960000,2840000,10440000,41.7,67.0,in range,in range
139304,2025/26,Karol Mets,FC St. Pauli,Bundesliga,DEF,Centre-Back,33.0,1934,600000,850000,550000,1720000,41.6,66.8,undervalued,in range
188888,2025/26,Sheraldo Becker,1.FSV Mainz 05,Bundesliga,ATT,Left Winger,31.3,1104,1500000,2120000,1180000,5300000,41.4,66.7,in range,in range
80197,2025/26,Salomón Rondón,Real Oviedo,LaLiga,ATT,Centre-Forward,36.7,1038,350000,490000,210000,950000,41.4,66.6,in range,in range
314288,2025/26,Lukas Nmecha,Leeds United,Premier League,ATT,Centre-Forward,27.5,1073,10000000,14140000,8230000,24920000,41.4,66.6,in range,in range
479648,2025/26,Félix Correia,LOSC Lille,Ligue 1,ATT,Left Winger,25.4,2067,10000000,14130000,10340000,35840000,41.3,66.5,undervalued,undervalued
1232057,2025/26,Paco Cortés,Levante UD,LaLiga,ATT,Left Winger,18.8,471,1500000,2120000,800000,6100000,41.3,66.5,not rated,not rated
363057,2025/26,Pedro Díaz,Rayo Vallecano,LaLiga,MID,Central Midfield,28.0,1870,3000000,4240000,2470000,13960000,41.2,66.4,in range,in range
948278,2025/26,Jacobo Ramón,Como 1907,Serie A,DEF,Centre-Back,21.4,2743,30000000,42340000,18900000,50470000,41.1,66.3,in range,in range
207014,2025/26,Will Hughes,Crystal Palace,Premier League,MID,Central Midfield,31.1,1568,5000000,7050000,3390000,12400000,41.0,66.2,in range,in range
646829,2025/26,Nathaniel Adjei,FC Lorient,Ligue 1,DEF,Centre-Back,23.8,833,1500000,2110000,840000,5960000,41.0,66.1,not rated,not rated
324358,2025/26,Ollie Watkins,Aston Villa,Premier League,ATT,Centre-Forward,30.4,2854,25000000,35050000,25420000,64230000,40.2,65.2,undervalued,undervalued
181382,2025/26,Abdoulaye Touré,Le Havre AC,Ligue 1,MID,Defensive Midfield,31.8,741,3000000,4190000,1380000,5380000,39.8,64.7,not rated,not rated
238537,2025/26,Wladimiro Falcone,US Lecce,Serie A,GK,Goalkeeper,31.1,3420,3500000,4890000,2140000,8970000,39.6,64.6,in range,in range
7161,2025/26,Jonas Hofmann,Bayer 04 Leverkusen,Bundesliga,MID,Attacking Midfield,33.9,1009,1500000,2090000,1290000,5040000,39.6,64.5,undervalued,in range
539665,2025/26,Fredrik Oppegård,AJ Auxerre,Ligue 1,DEF,Left-Back,23.8,1248,1500000,2090000,1000000,4610000,39.6,64.5,in range,in range
603696,2025/26,Alberto Reina,Real Oviedo,LaLiga,MID,Central Midfield,28.5,2480,2000000,2790000,1530000,5810000,39.5,64.4,in range,in range
798925,2025/26,Fodé Doucouré,Le Havre AC,Ligue 1,DEF,Right-Back,25.3,1242,2000000,2790000,1270000,5020000,39.5,64.4,in range,in range
330659,2025/26,Justin Kluivert,AFC Bournemouth,Premier League,MID,Attacking Midfield,27.1,953,25000000,34860000,11070000,43170000,39.4,64.3,in range,in range
290537,2025/26,Jean Butez,Como 1907,Serie A,GK,Goalkeeper,31.0,3420,8000000,11150000,5030000,23790000,39.4,64.2,in range,in range
581357,2025/26,Jan Schöppner,1. Fußballclub Heidenheim 1846,Bundesliga,MID,Central Midfield,27.0,2260,3000000,4170000,2970000,9940000,39.1,63.9,undervalued,in range
58995,2025/26,Anthony Jung,SC Freiburg,Bundesliga,DEF,Centre-Back,34.6,521,600000,830000,570000,1440000,39.0,63.8,not rated,not rated
617081,2025/26,Diego López,Valencia CF,LaLiga,ATT,Right Winger,24.1,1763,9000000,12500000,4700000,26100000,38.9,63.7,in range,in range
61651,2025/26,Jordan Henderson,Brentford FC,Premier League,MID,Defensive Midfield,36.0,1921,1200000,1660000,1120000,3410000,38.7,63.5,undervalued,in range
86202,2025/26,Antonio Rüdiger,Real Madrid,LaLiga,DEF,Centre-Back,33.3,1491,6000000,8320000,2540000,14580000,38.7,63.5,in range,in range
741257,2025/26,Álex Jiménez,AFC Bournemouth,Premier League,DEF,Right-Back,21.1,2372,22000000,30460000,16170000,36620000,38.4,63.2,in range,in range
741289,2025/26,Youssef Enríquez,Deportivo Alavés,LaLiga,DEF,Left-Back,20.7,1332,4000000,5540000,2000000,9730000,38.5,63.2,in range,in range
336012,2025/26,Nicolas Kühn,Como 1907,Serie A,ATT,Right Winger,26.4,655,10000000,13810000,5600000,22960000,38.1,62.7,not rated,not rated
670096,2025/26,Tanner Tessmann,Olympique Lyon,Ligue 1,MID,Defensive Midfield,24.7,1954,10000000,13800000,6330000,25740000,38.0,62.7,in range,in range
392179,2025/26,Hjalmar Ekdal,Burnley FC,Premier League,DEF,Centre-Back,27.6,1540,5000000,6900000,2770000,15260000,38.0,62.6,in range,in range
875332,2025/26,Arthur Chaves,FC Augsburg,Bundesliga,DEF,Centre-Back,25.3,1067,5000000,6900000,2300000,13910000,38.0,62.6,in range,in range
184573,2025/26,Victor Lindelöf,Aston Villa,Premier League,DEF,Centre-Back,31.9,944,5000000,6890000,3110000,9880000,37.8,62.3,in range,in range
76467,2025/26,Kiko Femenía,Getafe CF,LaLiga,DEF,Right-Back,35.3,2021,700000,960000,540000,2070000,37.6,62.1,in range,in range
536835,2025/26,Amad Diallo,Manchester United,Premier League,ATT,Right Winger,23.9,2346,45000000,61860000,36580000,71230000,37.5,62.0,in range,in range
526050,2025/26,Kervin Arriaga,Levante UD,LaLiga,MID,Defensive Midfield,28.4,1526,2000000,2740000,1290000,5560000,37.1,61.6,in range,in range
255495,2025/26,Unai Elgezabal,Levante UD,LaLiga,DEF,Centre-Back,33.1,958,500000,680000,380000,1550000,37.0,61.4,in range,in range
187097,2025/26,Budu Zivzivadze,1. Fußballclub Heidenheim 1846,Bundesliga,ATT,Centre-Forward,32.2,1147,1200000,1640000,850000,3400000,36.6,61.0,in range,in range
659089,2025/26,Ilya Zabarnyi,Paris Saint-Germain,Ligue 1,DEF,Centre-Back,23.7,2387,40000000,54640000,22010000,74600000,36.6,61.0,in range,in range
275218,2025/26,Augusto Batalla,Rayo Vallecano,LaLiga,GK,Goalkeeper,30.1,3060,6000000,8190000,3270000,16760000,36.4,60.8,in range,in range
349884,2025/26,Lucas Ahijado,Real Oviedo,LaLiga,DEF,Right-Back,31.3,1092,600000,820000,470000,1590000,36.4,60.7,in range,in range
466794,2025/26,Eric García,FC Barcelona,LaLiga,DEF,Centre-Back,25.4,2730,40000000,54530000,25850000,77020000,36.3,60.7,in range,in range
327251,2025/26,Ridle Baku,RB Leipzig,Bundesliga,DEF,Right-Back,28.1,2514,12000000,16300000,11130000,34810000,35.8,60.1,undervalued,in range
46580,2025/26,Andrej Kramaric,TSG 1899 Hoffenheim,Bundesliga,ATT,Second Striker,34.9,2223,2500000,3390000,2600000,12150000,35.7,60.0,undervalued,undervalued
501418,2025/26,Adrià Pedrosa,Elche CF,LaLiga,DEF,Left-Back,28.1,1084,2800000,3800000,2130000,8330000,35.8,60.0,in range,in range
65278,2025/26,Pedro,Società Sportiva Lazio S.p.A.,Serie A,ATT,Right Winger,38.8,972,1000000,1360000,590000,2870000,35.6,59.8,in range,in range
620696,2025/26,Ibrahim Diabate,Deportivo Alavés,LaLiga,ATT,Centre-Forward,26.5,581,1500000,2030000,770000,5300000,35.6,59.8,not rated,not rated
364258,2025/26,Bernardo,TSG 1899 Hoffenheim,Bundesliga,DEF,Left-Back,31.0,2319,4000000,5410000,3170000,17270000,35.2,59.3,in range,in range
702441,2025/26,Sinaly Diomandé,AJ Auxerre,Ligue 1,DEF,Centre-Back,25.1,2134,6000000,8070000,3040000,12940000,34.6,58.6,in range,in range
15799,2025/26,Santi Cazorla,Real Oviedo,LaLiga,MID,Central Midfield,41.5,924,200000,270000,140000,670000,34.2,58.2,in range,in range
441170,2025/26,Valentin Rosier,CA Osasuna,LaLiga,DEF,Right-Back,29.8,2554,3000000,4030000,2560000,7660000,34.2,58.2,undervalued,in range
307183,2025/26,Sirlord Conteh,1. Fußballclub Heidenheim 1846,Bundesliga,ATT,Right Winger,29.9,619,1200000,1610000,1010000,4180000,34.2,58.1,not rated,not rated
568698,2025/26,Issa Soumaré,Le Havre AC,Ligue 1,ATT,Left Winger,25.6,2949,8000000,10730000,5700000,16800000,34.2,58.1,in range,in range
240414,2025/26,Alex Meret,SSC Napoli,Serie A,GK,Goalkeeper,29.2,980,8000000,10710000,4230000,27100000,33.8,57.7,in range,in range
763182,2025/26,Josué Casimir,AJ Auxerre,Ligue 1,ATT,Right Winger,24.7,1521,3000000,4010000,2600000,9570000,33.8,57.6,undervalued,in range
159471,2025/26,Serge Gnabry,Bayern Munich,Bundesliga,ATT,Second Striker,30.9,1228,18000000,24050000,9520000,38300000,33.6,57.5,in range,in range
335225,2025/26,Manu Morlanes,RCD Mallorca,LaLiga,MID,Central Midfield,27.4,1775,2400000,3210000,2240000,8220000,33.6,57.4,undervalued,in range
341317,2025/26,Oliver Burke,1.FC Union Berlin,Bundesliga,ATT,Centre-Forward,29.1,1674,3000000,4000000,2310000,9750000,33.5,57.3,in range,in range
250426,2025/26,Adam Armstrong,Wolverhampton Wanderers,Premier League,ATT,Centre-Forward,29.3,1147,6000000,8010000,3440000,13530000,33.4,57.2,in range,in range
323167,2025/26,Matteo Gabbia,AC Milan,Serie A,DEF,Centre-Back,26.6,2531,17000000,22670000,11730000,37540000,33.3,57.1,in range,in range
118847,2025/26,Dominik Kohr,1.FSV Mainz 05,Bundesliga,DEF,Centre-Back,32.3,2346,2000000,2660000,1340000,5710000,33.1,56.8,in range,in range
198116,2025/26,Federico Dimarco,Inter Milan,Serie A,DEF,Left-Back,28.5,2704,50000000,66520000,40000000,77220000,33.0,56.8,in range,in range
500689,2025/26,Evann Guessand,Aston Villa,Premier League,ATT,Right Winger,24.9,916,25000000,33260000,17870000,47930000,33.0,56.8,in range,in range
504153,2025/26,Joe Scally,Borussia Mönchengladbach,Bundesliga,DEF,Right-Back,23.4,2611,7000000,9320000,5790000,18130000,33.1,56.8,in range,in range
780548,2025/26,Omri Gandelman,US Lecce,Serie A,MID,Attacking Midfield,26.0,979,3000000,3990000,1850000,9200000,33.1,56.8,in range,in range
192009,2025/26,Unai López,Rayo Vallecano,LaLiga,MID,Central Midfield,30.6,1619,2500000,3320000,1830000,7540000,33.0,56.7,in range,in range
658115,2025/26,Abel Bretones,CA Osasuna,LaLiga,DEF,Left-Back,25.8,1619,3500000,4640000,2600000,12500000,32.6,56.3,in range,in range
262749,2025/26,David Raya,Arsenal FC,Premier League,GK,Goalkeeper,30.7,3330,30000000,39760000,23720000,52110000,32.5,56.2,in range,in range
154147,2025/26,Hauke Wahl,FC St. Pauli,Bundesliga,DEF,Centre-Back,32.1,2591,1500000,1990000,1160000,4050000,32.5,56.1,in range,in range
834742,2025/26,Mateo Joseph,RCD Mallorca,LaLiga,ATT,Centre-Forward,22.6,1704,3500000,4630000,2170000,12800000,32.3,55.9,in range,in range
805714,2025/26,Renato Veiga,Villarreal CF,LaLiga,DEF,Centre-Back,22.9,2478,25000000,33000000,11780000,49700000,32.0,55.6,in range,in range
205562,2025/26,Thomas Lemar,Girona FC,LaLiga,MID,Attacking Midfield,30.6,1259,1800000,2370000,1100000,3840000,31.9,55.5,in range,in range
284730,2025/26,Manuel Akanji,Inter Milan,Serie A,DEF,Centre-Back,30.9,2820,17000000,22430000,11990000,41110000,31.9,55.5,in range,in range
448628,2025/26,Javi Galán,CA Osasuna,LaLiga,DEF,Left-Back,31.5,1807,1800000,2370000,1130000,3390000,31.9,55.5,in range,in range
408471,2025/26,Javi Puado,RCD Espanyol Barcelona,LaLiga,ATT,Left Winger,27.8,678,7500000,9890000,2520000,16930000,31.9,55.4,not rated,not rated
270171,2025/26,Vitaly Janelt,Brentford FC,Premier League,MID,Defensive Midfield,28.1,1437,16000000,21080000,10650000,33450000,31.8,55.3,in range,in range
469050,2025/26,Nathan Collins,Brentford FC,Premier League,DEF,Centre-Back,25.1,2972,30000000,39520000,22670000,53600000,31.7,55.2,in range,in range
249089,2025/26,Lewis Cook,AFC Bournemouth,Premier League,MID,Central Midfield,29.3,872,11000000,14460000,6810000,23700000,31.4,54.9,not rated,not rated
197929,2025/26,Ivan Provedel,Società Sportiva Lazio S.p.A.,Serie A,GK,Goalkeeper,32.2,2430,3000000,3920000,1490000,8380000,30.8,54.2,in range,in range
357884,2025/26,Fernando Calero,RCD Espanyol Barcelona,LaLiga,DEF,Centre-Back,30.7,2150,2000000,2610000,1430000,5220000,30.7,54.0,in range,in range
809498,2025/26,Luca Kerber,1. Fußballclub Heidenheim 1846,Bundesliga,MID,Central Midfield,24.2,677,2000000,2610000,1380000,4980000,30.6,53.9,not rated,not rated
344069,2025/26,Anton Stach,Leeds United,Premier League,MID,Defensive Midfield,27.5,2378,28000000,36530000,13280000,37600000,30.5,53.7,in range,in range
690799,2025/26,Anthony Rouault,Stade Rennais FC,Ligue 1,DEF,Centre-Back,25.0,1723,12000000,15640000,6700000,26660000,30.3,53.6,in range,in range
783396,2025/26,Ramón Terrats,RCD Espanyol Barcelona,LaLiga,MID,Central Midfield,25.6,1023,3000000,3910000,2360000,9180000,30.3,53.6,in range,in range
236966,2025/26,Adam Dzwigala,FC St. Pauli,Bundesliga,DEF,Centre-Back,30.7,1295,800000,1040000,710000,2190000,30.3,53.5,undervalued,in range
344152,2025/26,Odsonne Édouard,RC Lens,Ligue 1,ATT,Centre-Forward,28.4,1821,12000000,15630000,10260000,33150000,30.2,53.5,undervalued,in range
345458,2025/26,Sebastian Walukiewicz,US Sassuolo,Serie A,DEF,Right-Back,26.1,2855,5000000,6510000,3900000,15280000,30.3,53.5,in range,in range
361254,2025/26,Rafa Mir,Elche CF,LaLiga,ATT,Centre-Forward,29.0,1810,4000000,5210000,2210000,10510000,30.1,53.4,in range,in range
624037,2025/26,Joris Chotard,Stade Brestois 29,Ligue 1,MID,Defensive Midfield,24.7,2777,7000000,9110000,4680000,15770000,30.2,53.4,in range,in range
726701,2025/26,Rodrigo Ribeiro,FC Augsburg,Bundesliga,ATT,Centre-Forward,21.1,633,4000000,5200000,2120000,10000000,30.1,53.3,not rated,not rated
415970,2025/26,Joe Worrall,Burnley FC,Premier League,DEF,Centre-Back,29.4,497,2000000,2600000,1230000,6220000,29.8,53.0,not rated,not rated
550106,2025/26,Matteo Cancellieri,Società Sportiva Lazio S.p.A.,Serie A,ATT,Right Winger,24.3,1731,7000000,9090000,4470000,18840000,29.8,53.0,in range,in range
234029,2025/26,Grischa Prömel,TSG 1899 Hoffenheim,Bundesliga,MID,Central Midfield,31.4,1746,3500000,4540000,2910000,13540000,29.7,52.9,in range,in range
929899,2025/26,Rahim Alhassane,Real Oviedo,LaLiga,DEF,Left-Back,24.4,1710,1500000,1950000,1100000,4630000,29.8,52.9,in range,in range
948275,2025/26,Álvaro Rodríguez,Elche CF,LaLiga,ATT,Centre-Forward,21.9,2201,10000000,12970000,7160000,24160000,29.7,52.8,in range,in range
613393,2025/26,Gaetano Oristanio,Parma Calcio 1913,Serie A,MID,Attacking Midfield,23.7,858,5000000,6480000,2490000,12710000,29.6,52.7,not rated,not rated
816308,2025/26,Panos Katseris,FC Lorient,Ligue 1,MID,Right Midfield,24.9,746,2000000,2590000,950000,6400000,29.4,52.5,not rated,not rated
187492,2025/26,Julian Brandt,Borussia Dortmund,Bundesliga,MID,Attacking Midfield,30.1,1608,15000000,19360000,13030000,41960000,29.0,52.1,undervalued,in range
671594,2025/26,Kamory Doumbia,Stade Brestois 29,Ligue 1,MID,Attacking Midfield,23.3,1766,9000000,11610000,3660000,16930000,29.0,52.1,in range,in range
86784,2025/26,Ricardo Rodríguez,Real Betis Balompié,LaLiga,DEF,Left-Back,33.8,1546,1400000,1800000,850000,3420000,28.9,51.9,in range,in range
170481,2025/26,Jean-Daniel Akpa Akpro,Hellas Verona,Serie A,MID,Central Midfield,33.6,1507,500000,640000,450000,1460000,28.8,51.8,undervalued,in range
127160,2025/26,Benjamin Stambouli,FC Metz,Ligue 1,MID,Defensive Midfield,35.8,960,250000,320000,170000,670000,28.7,51.7,in range,in range
372712,2025/26,Ibrahima Sissoko,FC Nantes,Ligue 1,MID,Defensive Midfield,28.6,804,2000000,2580000,1300000,4340000,28.8,51.7,not rated,not rated
136514,2025/26,Charalampos Lykogiannis,Bologna Football Club 1909,Serie A,DEF,Left-Back,32.6,627,1200000,1540000,820000,3390000,28.6,51.5,not rated,not rated
569140,2025/26,Lassine Sinayoko,AJ Auxerre,Ligue 1,ATT,Centre-Forward,26.5,2781,10000000,12860000,6840000,19600000,28.6,51.5,in range,in range
398184,2025/26,Ferran Torres,FC Barcelona,LaLiga,ATT,Centre-Forward,26.3,1975,50000000,64200000,36160000,111370000,28.4,51.3,in range,in range
538006,2025/26,Kwasi Sibo,Real Oviedo,LaLiga,MID,Central Midfield,27.9,1686,1400000,1790000,960000,4100000,28.1,51.0,in range,in range
400489,2025/26,Eljif Elmas,SSC Napoli,Serie A,MID,Attacking Midfield,26.7,1783,13000000,16630000,9070000,36890000,27.9,50.7,in range,in range
710677,2025/26,Iker Muñoz,CA Osasuna,LaLiga,MID,Defensive Midfield,23.7,949,2000000,2550000,1140000,5660000,27.6,50.4,in range,in range
568728,2025/26,Pape Sy,FC Metz,Ligue 1,GK,Goalkeeper,29.1,707,600000,760000,410000,2120000,27.2,49.9,not rated,not rated
564305,2025/26,Michel Adopo,Cagliari Calcio,Serie A,MID,Central Midfield,25.9,3057,7000000,8870000,4830000,19460000,26.8,49.4,in range,in range
430280,2025/26,Hans Nicolussi Caviglia,Parma Calcio 1913,Serie A,MID,Defensive Midfield,25.9,1458,6000000,7600000,3410000,13750000,26.7,49.3,in range,in range
620217,2025/26,Robin Hranac,TSG 1899 Hoffenheim,Bundesliga,DEF,Centre-Back,26.3,2251,10000000,12660000,6090000,25740000,26.6,49.2,in range,in range
977464,2025/26,Arthur,Bayer 04 Leverkusen,Bundesliga,DEF,Right-Back,23.2,1132,8000000,10120000,4500000,19770000,26.4,49.0,in range,in range
459988,2025/26,Gennaro Borrelli,Cagliari Calcio,Serie A,ATT,Centre-Forward,26.2,1272,3000000,3770000,1620000,7940000,25.7,48.1,in range,in range
663237,2025/26,Jacob Ondrejka,Parma Calcio 1913,Serie A,ATT,Left Winger,23.7,776,5500000,6900000,2240000,13230000,25.4,47.8,not rated,not rated
700078,2025/26,Joel Mvuka,FC Lorient,Ligue 1,MID,Right Midfield,23.5,556,1500000,1880000,760000,5060000,25.3,47.6,not rated,not rated
578392,2025/26,Maximilian Beier,Borussia Dortmund,Bundesliga,ATT,Centre-Forward,23.6,2037,40000000,50020000,28600000,72000000,25.0,47.4,in range,in range
651569,2025/26,Daniel Mosquera,Hellas Verona,Serie A,ATT,Centre-Forward,26.6,585,1800000,2250000,1230000,4180000,25.1,47.4,not rated,not rated
810649,2025/26,Max Finkgräfe,RB Leipzig,Bundesliga,DEF,Left-Back,22.2,502,5000000,6250000,2530000,15120000,24.9,47.2,not rated,not rated
197473,2025/26,Alberto Grassi,US Cremonese,Serie A,MID,Defensive Midfield,31.2,1755,1400000,1740000,1060000,3530000,24.6,46.9,in range,in range
937958,2025/26,Lamine Yamal,FC Barcelona,LaLiga,ATT,Right Winger,18.9,2270,200000000,249050000,90850000,341209984,24.5,46.8,in range,in range
246291,2025/26,Diego Llorente,Real Betis Balompié,LaLiga,DEF,Centre-Back,32.8,1227,2500000,3110000,1370000,7310000,24.5,46.7,in range,in range
182904,2025/26,Clément Lenglet,Atlético de Madrid,LaLiga,DEF,Centre-Back,31.0,1393,4000000,4970000,2780000,17550000,24.3,46.5,in range,in range
248738,2025/26,Sergio Herrera,CA Osasuna,LaLiga,GK,Goalkeeper,33.0,3285,2800000,3480000,1260000,5780000,24.1,46.3,in range,in range
892929,2025/26,Hugo Álvarez,Celta de Vigo,LaLiga,ATT,Left Winger,22.9,1337,8000000,9930000,4510000,19480000,24.2,46.3,in range,in range
459463,2025/26,Cucho Hernández,Real Betis Balompié,LaLiga,ATT,Centre-Forward,27.1,2595,18000000,22330000,10140000,40790000,24.1,46.2,in range,in range
1190411,2025/26,Jesús Rodríguez,Como 1907,Serie A,ATT,Left Winger,20.5,1735,30000000,37190000,20810000,46220000,24.0,46.1,in range,in range
289257,2025/26,Jon Guridi,Deportivo Alavés,LaLiga,MID,Central Midfield,31.3,1240,1800000,2230000,1420000,5160000,23.8,45.9,in range,in range
374040,2025/26,Vincent Marchetti,Paris FC,Ligue 1,MID,Central Midfield,28.9,819,1500000,1860000,890000,3960000,23.7,45.8,not rated,not rated
733576,2025/26,Alberto Moleiro,Villarreal CF,LaLiga,ATT,Left Winger,22.7,2491,50000000,61850000,27870000,83190000,23.7,45.8,in range,in range
348795,2025/26,Giovani Lo Celso,Real Betis Balompié,LaLiga,MID,Attacking Midfield,30.2,1397,8000000,9890000,4480000,20080000,23.6,45.6,in range,in range
405670,2025/26,Yannik Engelhardt,Borussia Mönchengladbach,Bundesliga,MID,Defensive Midfield,25.3,2491,7000000,8650000,3660000,15780000,23.5,45.6,in range,in range
213670,2025/26,Lucas Torró,CA Osasuna,LaLiga,MID,Defensive Midfield,31.9,2307,2500000,3090000,1710000,6440000,23.5,45.5,in range,in range
351955,2025/26,Federico Baschirotto,US Cremonese,Serie A,DEF,Centre-Back,29.7,2541,3500000,4310000,2110000,8500000,23.3,45.3,in range,in range
117478,2025/26,Marnon Busch,1. Fußballclub Heidenheim 1846,Bundesliga,DEF,Right-Back,31.5,1913,1000000,1230000,900000,2430000,23.2,45.2,undervalued,in range
281769,2025/26,Mario Hermoso,Associazione Sportiva Roma,Serie A,DEF,Centre-Back,30.9,2096,7000000,8630000,4750000,20720000,23.2,45.2,in range,in range
170472,2025/26,Dimitri Foulquier,Valencia CF,LaLiga,DEF,Right-Back,33.0,1148,1000000,1230000,700000,2520000,23.2,45.1,in range,in range
618809,2025/26,Manu Sánchez,Levante UD,LaLiga,DEF,Left-Back,25.8,2818,6000000,7390000,3580000,13030000,23.1,45.1,in range,in range
465555,2025/26,Djordje Petrovic,AFC Bournemouth,Premier League,GK,Goalkeeper,26.7,3420,28000000,34440000,18430000,44440000,23.0,45.0,in range,in range
395695,2025/26,Elisha Owusu,AJ Auxerre,Ligue 1,MID,Defensive Midfield,28.6,2349,4000000,4910000,2720000,8670000,22.9,44.8,in range,in range
371436,2025/26,Francisco Sierralta,AJ Auxerre,Ligue 1,DEF,Centre-Back,28.6,862,1500000,1840000,780000,3880000,22.7,44.7,not rated,not rated
471055,2025/26,Marvin Pieringer,1. Fußballclub Heidenheim 1846,Bundesliga,ATT,Centre-Forward,26.6,1655,3000000,3680000,2490000,8690000,22.7,44.7,in range,in range
590690,2025/26,Víctor García,Levante UD,LaLiga,ATT,Right Winger,28.7,1040,1500000,1840000,790000,3910000,22.8,44.7,in range,in range
82442,2025/26,Olivier Giroud,LOSC Lille,Ligue 1,ATT,Centre-Forward,39.7,1610,900000,1100000,390000,2830000,22.7,44.6,in range,in range
284854,2025/26,Carles Aleñá,Deportivo Alavés,LaLiga,MID,Central Midfield,28.4,1997,3000000,3680000,2440000,8110000,22.7,44.6,in range,in range
561613,2025/26,Joan García,FC Barcelona,LaLiga,GK,Goalkeeper,25.1,2700,45000000,55210000,25700000,101860000,22.7,44.6,in range,in range
473050,2025/26,Kevin Schade,Brentford FC,Premier League,ATT,Left Winger,24.5,2758,35000000,42910000,25950000,57220000,22.6,44.5,in range,in range
917778,2025/26,Rémy Labeau Lascary,Stade Brestois 29,Ligue 1,ATT,Centre-Forward,23.2,1195,4000000,4900000,2670000,10240000,22.6,44.5,in range,in range
989574,2025/26,Santiago Hidalgo,FC Toulouse,Ligue 1,ATT,Centre-Forward,21.3,1303,6000000,7360000,3350000,12230000,22.6,44.5,in range,in range
543666,2025/26,Stefano Turati,US Sassuolo,Serie A,GK,Goalkeeper,24.7,533,3000000,3670000,1450000,10460000,22.5,44.3,not rated,not rated
659813,2025/26,Piero Hincapié,Arsenal FC,Premier League,DEF,Centre-Back,24.4,1882,50000000,61220000,41460000,86530000,22.4,44.3,in range,in range
170986,2025/26,Raphaël Guerreiro,Bayern Munich,Bundesliga,DEF,Left-Back,32.4,782,5000000,6110000,3400000,14340000,22.2,44.0,not rated,not rated
711544,2025/26,Jake O'Brien,Everton FC,Premier League,DEF,Right-Back,25.1,3124,18000000,21980000,13820000,33720000,22.1,43.9,in range,in range
272622,2025/26,Issa Diop,Fulham FC,Premier League,DEF,Centre-Back,29.4,814,8000000,9740000,4700000,18730000,21.8,43.5,not rated,not rated
392765,2025/26,Emile Smith Rowe,Fulham FC,Premier League,MID,Attacking Midfield,25.8,1928,20000000,24340000,16700000,36940000,21.7,43.4,in range,in range
538918,2025/26,Sebastiano Esposito,Cagliari Calcio,Serie A,ATT,Second Striker,23.9,2702,15000000,18250000,9220000,27510000,21.7,43.4,in range,in range
82873,2025/26,Pascal Groß,Brighton & Hove Albion,Premier League,MID,Central Midfield,35.0,2252,2500000,3040000,1430000,4090000,21.6,43.3,in range,in range
190393,2025/26,Corentin Tolisso,Olympique Lyon,Ligue 1,MID,Central Midfield,31.8,2307,10000000,12160000,6460000,19040000,21.6,43.3,in range,in range
463600,2025/26,Lucas Chevalier,Paris Saint-Germain,Ligue 1,GK,Goalkeeper,24.4,1530,30000000,36490000,14460000,59480000,21.6,43.3,in range,in range
542452,2025/26,Jonathan Fischer,FC Metz,Ligue 1,GK,Goalkeeper,24.6,2353,2000000,2430000,1310000,5790000,21.6,43.3,in range,in range
494880,2025/26,Jorge Cuenca,Fulham FC,Premier League,DEF,Centre-Back,26.5,938,8000000,9720000,3750000,17880000,21.5,43.2,in range,in range
196357,2025/26,Jonathan Tah,Bayern Munich,Bundesliga,DEF,Centre-Back,30.3,2019,28000000,33930000,12820000,52590000,21.2,42.8,in range,in range
619461,2025/26,Mohamed Bamba,FC Lorient,Ligue 1,ATT,Centre-Forward,24.5,677,2000000,2420000,980000,5840000,21.1,42.8,not rated,not rated
521407,2025/26,Walid Cheddira,US Lecce,Serie A,ATT,Centre-Forward,28.3,1211,2000000,2420000,1790000,6650000,21.1,42.7,undervalued,in range
427568,2025/26,Aaron Ramsdale,Newcastle United,Premier League,GK,Goalkeeper,28.1,1003,12000000,14500000,5430000,25570000,20.9,42.4,in range,in range
592975,2025/26,Woyo Coulibaly,US Sassuolo,Serie A,DEF,Right-Back,27.0,1049,2000000,2420000,1160000,5470000,20.8,42.4,in range,in range
631007,2025/26,Filippo Terracciano,US Cremonese,Serie A,DEF,Centre-Back,23.3,3012,4500000,5440000,2930000,12090000,20.9,42.4,in range,in range
38253,2025/26,Robert Lewandowski,FC Barcelona,LaLiga,ATT,Centre-Forward,37.8,1656,7000000,8440000,3720000,27340000,20.6,42.2,in range,in range
417913,2025/26,Álvaro Valles,Real Betis Balompié,LaLiga,GK,Goalkeeper,28.9,2520,7000000,8450000,4110000,18970000,20.7,42.2,in range,in range
192616,2025/26,Ulisses Garcia,US Sassuolo,Serie A,DEF,Left-Back,30.4,1155,3000000,3610000,1210000,7470000,20.5,42.0,in range,in range
361068,2025/26,Jurgen Ekkelenkamp,Udinese Calcio,Serie A,MID,Central Midfield,26.1,2205,10000000,12050000,5440000,21330000,20.5,42.0,in range,in range
192557,2025/26,Jackson Irvine,FC St. Pauli,Bundesliga,MID,Central Midfield,33.2,1625,1000000,1200000,780000,2320000,20.3,41.7,in range,in range
903693,2025/26,Senny Mayulu,Paris Saint-Germain,Ligue 1,MID,Central Midfield,20.0,1682,40000000,48090000,22240000,63370000,20.2,41.7,in range,in range
466805,2025/26,Nico González,Manchester City,Premier League,MID,Defensive Midfield,24.4,1567,40000000,48080000,30560000,63020000,20.2,41.6,in range,in range
503883,2025/26,Senne Lammens,Manchester United,Premier League,GK,Goalkeeper,23.9,2880,35000000,42050000,35280000,64750000,20.2,41.6,undervalued,undervalued
168989,2025/26,Silvan Widmer,1.FSV Mainz 05,Bundesliga,DEF,Right-Back,33.2,1819,800000,960000,700000,2340000,20.0,41.4,undervalued,in range
1124136,2025/26,Ángel Pérez,Deportivo Alavés,LaLiga,ATT,Right Winger,24.0,1291,3000000,3600000,1090000,8640000,20.0,41.4,in range,in range
297583,2025/26,Woo-yeong Jeong,1.FC Union Berlin,Bundesliga,MID,Attacking Midfield,26.7,1193,3500000,4200000,2680000,10270000,19.9,41.3,in range,in range
392569,2025/26,Gabriele Zappa,Cagliari Calcio,Serie A,DEF,Right-Back,26.4,1594,3000000,3600000,2490000,9200000,19.9,41.3,in range,in range
293200,2025/26,Nikola Vlašić,Torino FC,Serie A,MID,Attacking Midfield,28.6,3055,10000000,11980000,4920000,18880000,19.8,41.2,in range,in range
367466,2025/26,Thierry Correia,Valencia CF,LaLiga,DEF,Right-Back,27.2,1394,2500000,2990000,1520000,6820000,19.8,41.1,in range,in range
337715,2025/26,Umar Sadiq,Valencia CF,LaLiga,ATT,Centre-Forward,29.3,1055,4000000,4790000,2330000,11060000,19.7,41.0,in range,in range
560705,2025/26,Álex Sancris,Getafe CF,LaLiga,ATT,Right Winger,29.4,705,1500000,1790000,810000,4620000,19.6,40.9,not rated,not rated
718034,2025/26,Abde Rebbach,Deportivo Alavés,LaLiga,ATT,Left Winger,27.8,1493,2500000,2990000,1690000,6930000,19.5,40.9,in range,in range
890290,2025/26,Dean Huijsen,Real Madrid,LaLiga,DEF,Centre-Back,21.1,2037,60000000,71720000,28870000,107560000,19.5,40.9,in range,in range
595650,2025/26,Nikola Stulic,US Lecce,Serie A,ATT,Centre-Forward,24.7,1715,3500000,4180000,2660000,10340000,19.5,40.8,in range,in range
318528,2025/26,Marcus Thuram,Inter Milan,Serie A,ATT,Centre-Forward,28.8,1913,50000000,59680000,34790000,73270000,19.4,40.7,in range,in range
551505,2025/26,Mousa Tamari,Stade Rennais FC,Ligue 1,ATT,Right Winger,29.0,2228,10000000,11940000,8460000,24890000,19.4,40.7,in range,in range
412045,2025/26,Pol Lozano,RCD Espanyol Barcelona,LaLiga,MID,Central Midfield,26.7,2170,6000000,7150000,3930000,13630000,19.1,40.4,in range,in range
1076815,2025/26,Javi Rodríguez,Celta de Vigo,LaLiga,DEF,Centre-Back,22.9,2561,18000000,21440000,7800000,35200000,19.1,40.4,in range,in range
413220,2025/26,James Justin,Leeds United,Premier League,DEF,Right-Back,28.3,1896,12000000,14270000,7390000,27530000,18.9,40.2,in range,in range
887638,2025/26,Davide Bartesaghi,AC Milan,Serie A,DEF,Left-Back,20.4,2443,22000000,26160000,17510000,37210000,18.9,40.1,in range,in range
298197,2025/26,Antonio Sivera,Deportivo Alavés,LaLiga,GK,Goalkeeper,29.8,3420,6000000,7110000,3430000,12550000,18.6,39.8,in range,in range
336077,2025/26,Altay Bayındır,Manchester United,Premier League,GK,Goalkeeper,27.7,540,7000000,8300000,3640000,22600000,18.5,39.7,not rated,not rated
876631,2025/26,Habib Diarra,Sunderland AFC,Premier League,MID,Central Midfield,22.4,1409,35000000,41450000,16320000,48360000,18.4,39.6,in range,in range
503680,2025/26,Neco Williams,Nottingham Forest,Premier League,DEF,Left-Back,25.1,3206,28000000,33150000,17500000,39530000,18.4,39.5,in range,in range
311044,2025/26,Alfonso Espino,Rayo Vallecano,LaLiga,DEF,Left-Back,34.4,1481,900000,1060000,740000,2120000,18.2,39.3,in range,in range
555500,2025/26,Jorge Herrando,CA Osasuna,LaLiga,DEF,Centre-Back,25.3,1598,3500000,4130000,2000000,9720000,18.0,39.1,in range,in range
495625,2025/26,Víctor Chust,Elche CF,LaLiga,DEF,Centre-Back,26.3,2165,3500000,4130000,2300000,9540000,18.0,39.0,in range,in range
295313,2025/26,Taiwo Awoniyi,Nottingham Forest,Premier League,ATT,Centre-Forward,28.8,481,8000000,9430000,4230000,18940000,17.8,38.9,not rated,not rated
413507,2025/26,Nikola Milenković,Nottingham Forest,Premier League,DEF,Centre-Back,28.6,3375,28000000,32970000,12820000,38980000,17.7,38.8,in range,in range
876298,2025/26,Matteo Prati,Cagliari Calcio,Serie A,MID,Defensive Midfield,22.4,1889,5500000,6480000,3590000,13210000,17.8,38.8,in range,in range
3333,2025/26,James Milner,Brighton & Hove Albion,Premier League,MID,Central Midfield,40.4,778,500000,590000,470000,1890000,17.7,38.7,not rated,not rated
298976,2025/26,Borja Mayoral,Getafe CF,LaLiga,ATT,Centre-Forward,29.2,1059,6000000,7050000,1920000,12470000,17.5,38.5,in range,in range
424072,2025/26,Mathias Pereira Lage,FC St. Pauli,Bundesliga,ATT,Left Winger,29.5,2032,2500000,2940000,1720000,5920000,17.5,38.5,in range,in range
143812,2025/26,Matías Vecino,Società Sportiva Lazio S.p.A.,Serie A,MID,Central Midfield,34.8,733,1000000,1170000,670000,2110000,17.4,38.3,not rated,not rated
400536,2025/26,Mads Hermansen,West Ham United,Premier League,GK,Goalkeeper,25.9,1620,15000000,17590000,6480000,28740000,17.3,38.2,in range,in range
743384,2025/26,Chemsdine Talbi,Sunderland AFC,Premier League,ATT,Right Winger,21.1,1564,25000000,29300000,18130000,39240000,17.2,38.1,in range,in range
157672,2025/26,Vladimír Coufal,TSG 1899 Hoffenheim,Bundesliga,DEF,Right-Back,33.8,3018,2500000,2930000,1560000,6630000,17.1,38.0,in range,in range
423444,2025/26,Fran Beltrán,Girona FC,LaLiga,MID,Central Midfield,27.3,1544,4000000,4680000,2190000,7470000,17.1,38.0,in range,in range
346779,2025/26,Ché Adams,Torino FC,Serie A,ATT,Centre-Forward,29.9,1897,5000000,5850000,3440000,12310000,17.0,37.9,in range,in range
467632,2025/26,Cristian Cásseres Jr.,FC Toulouse,Ligue 1,MID,Central Midfield,26.4,2498,9000000,10500000,5200000,19260000,16.7,37.5,in range,in range
485965,2025/26,Nicolas Cozza,FC Nantes,Ligue 1,DEF,Centre-Back,27.4,2303,2500000,2910000,1770000,6310000,16.5,37.3,in range,in range
242661,2025/26,Manolis Saliakas,FC St. Pauli,Bundesliga,DEF,Right-Back,29.7,1110,2000000,2320000,1530000,5170000,16.2,37.0,in range,in range
401173,2025/26,Jadon Sancho,Aston Villa,Premier League,ATT,Left Winger,26.2,873,18000000,20920000,13200000,30110000,16.2,37.0,not rated,not rated
314367,2025/26,Marcus Edwards,Burnley FC,Premier League,ATT,Right Winger,27.5,1065,6000000,6960000,3320000,14500000,16.0,36.7,in range,in range
550580,2025/26,Shuto Machino,Borussia Mönchengladbach,Bundesliga,ATT,Centre-Forward,26.7,1063,4000000,4640000,3280000,11320000,16.0,36.7,in range,in range
691841,2025/26,Yanis Zouaoui,Le Havre AC,Ligue 1,DEF,Left-Back,28.1,2350,2500000,2900000,1870000,5910000,16.0,36.7,in range,in range
332705,2025/26,Tyler Adams,AFC Bournemouth,Premier League,MID,Defensive Midfield,27.3,1779,25000000,28950000,11360000,38420000,15.8,36.5,in range,in range
617074,2025/26,Ilaix Moriba,Celta de Vigo,LaLiga,MID,Central Midfield,23.4,2489,15000000,17370000,7390000,35090000,15.8,36.5,in range,in range
1034853,2025/26,Nobel Mendy,Rayo Vallecano,LaLiga,DEF,Centre-Back,21.8,1804,7500000,8680000,3470000,20150000,15.7,36.4,in range,in range
182913,2025/26,Adrien Rabiot,AC Milan,Serie A,MID,Central Midfield,31.2,2640,18000000,20810000,7810000,33280000,15.6,36.3,in range,in range
646402,2025/26,Abner,Olympique Lyon,Ligue 1,DEF,Left-Back,26.0,2157,10000000,11550000,5910000,22010000,15.5,36.1,in range,in range
258923,2025/26,Marcus Rashford,FC Barcelona,LaLiga,ATT,Left Winger,28.6,1762,40000000,46150000,24020000,83110000,15.4,36.0,in range,in range
319745,2025/26,Dani Ceballos,Real Madrid,LaLiga,MID,Central Midfield,29.8,482,7000000,8070000,3040000,16900000,15.3,35.9,not rated,not rated
199733,2025/26,Danilo Cataldi,Società Sportiva Lazio S.p.A.,Serie A,MID,Defensive Midfield,31.8,1993,3500000,4030000,1940000,7360000,15.2,35.8,in range,in range
196813,2025/26,Michael Zetterer,Eintracht Frankfurt,Bundesliga,GK,Goalkeeper,30.9,1975,4000000,4610000,1750000,9540000,15.2,35.7,in range,in range
646991,2025/26,Robin Roefs,Sunderland AFC,Premier League,GK,Goalkeeper,23.4,3150,28000000,32230000,21800000,51140000,15.1,35.7,in range,in range
823231,2025/26,Dango Ouattara,Brentford FC,Premier League,ATT,Right Winger,24.3,2282,35000000,40220000,24110000,52240000,14.9,35.4,in range,in range
337092,2025/26,Tim Siersleben,1. Fußballclub Heidenheim 1846,Bundesliga,DEF,Centre-Back,26.2,1082,1800000,2070000,900000,4520000,14.8,35.3,in range,in range
118534,2025/26,Michael Keane,Everton FC,Premier League,DEF,Centre-Back,33.4,2590,3000000,3440000,2170000,7350000,14.7,35.2,in range,in range
807386,2025/26,Conrad Harder,RB Leipzig,Bundesliga,ATT,Centre-Forward,21.1,919,17000000,19500000,11630000,34520000,14.7,35.2,in range,in range
391780,2025/26,Derrick Köhn,1.FC Union Berlin,Bundesliga,DEF,Left-Back,27.3,1902,4000000,4590000,2730000,10530000,14.7,35.1,in range,in range
724104,2025/26,Fabio Chiarodia,Borussia Mönchengladbach,Bundesliga,DEF,Centre-Back,21.0,674,3000000,3440000,1480000,8530000,14.5,35.0,not rated,not rated
338424,2025/26,Mikel Merino,Arsenal FC,Premier League,MID,Central Midfield,29.9,1027,25000000,28620000,17140000,41130000,14.5,34.9,in range,in range
1096744,2025/26,Lanroy Machine,Angers SCO,Ligue 1,ATT,Centre-Forward,20.6,505,1500000,1720000,1180000,4510000,14.3,34.7,not rated,not rated
278296,2025/26,Antonio Raíllo,RCD Mallorca,LaLiga,DEF,Centre-Back,34.7,2070,1000000,1140000,630000,2280000,14.2,34.6,in range,in range
403151,2025/26,Robert Sánchez,Chelsea FC,Premier League,GK,Goalkeeper,28.5,3041,22000000,25130000,14120000,36190000,14.2,34.6,in range,in range
948294,2025/26,Nico Paz,Como 1907,Serie A,MID,Attacking Midfield,21.7,2886,80000000,91360000,45000000,92850000,14.2,34.6,in range,in range
314398,2025/26,Jae-sung Lee,1.FSV Mainz 05,Bundesliga,MID,Attacking Midfield,33.8,2201,2000000,2280000,1240000,4080000,14.1,34.5,in range,in range
801734,2025/26,Mathys Tel,Tottenham Hotspur,Premier League,ATT,Centre-Forward,21.1,1342,22000000,25110000,14150000,36410000,14.1,34.5,in range,in range
979551,2025/26,Pathé Mboup,Stade Brestois 29,Ligue 1,ATT,Left Winger,22.6,1048,2500000,2850000,1600000,7130000,14.1,34.5,in range,in range
593412,2025/26,Ilyas Chaira,Real Oviedo,LaLiga,ATT,Left Winger,25.3,2461,4000000,4560000,2190000,9530000,14.0,34.3,in range,in range
770436,2025/26,Simon Ebonog,Le Havre AC,Ligue 1,MID,Central Midfield,21.8,1764,4500000,5120000,2250000,10280000,13.9,34.2,in range,in range
667967,2025/26,Yassine Kechta,Le Havre AC,Ligue 1,MID,Central Midfield,24.3,1330,4000000,4550000,2670000,9900000,13.7,34.1,in range,in range
743500,2025/26,William Mikelbrencis,Hamburger SV,Bundesliga,DEF,Right-Back,22.3,1372,3000000,3410000,1780000,8370000,13.6,33.8,in range,in range
138055,2025/26,Haris Belkebla,Angers SCO,Ligue 1,MID,Central Midfield,32.3,2880,1800000,2040000,1090000,3790000,13.4,33.6,in range,in range
256339,2025/26,Emil Audero,US Cremonese,Serie A,GK,Goalkeeper,29.4,3060,2800000,3170000,1330000,6120000,13.4,33.6,in range,in range
296422,2025/26,Fodé Ballo-Touré,FC Metz,Ligue 1,DEF,Left-Back,29.4,843,900000,1020000,530000,2120000,13.3,33.5,not rated,not rated
425334,2025/26,Matty Cash,Aston Villa,Premier League,DEF,Right-Back,28.8,3022,22000000,24920000,16780000,34400000,13.3,33.5,in range,in range
727089,2025/26,Noah Sadiki,Sunderland AFC,Premier League,MID,Central Midfield,21.5,2896,35000000,39550000,24100000,50790000,13.0,33.2,in range,in range
262980,2025/26,Jefferson Lerma,Crystal Palace,Premier League,MID,Defensive Midfield,31.6,1724,6000000,6770000,2920000,11700000,12.8,33.0,in range,in range
599231,2025/26,Ferran Jutglà,Celta de Vigo,LaLiga,ATT,Right Winger,27.3,1663,10000000,11270000,5130000,24290000,12.7,32.8,in range,in range
698259,2025/26,Thomas Kristensen,Udinese Calcio,Serie A,DEF,Centre-Back,24.4,2475,12000000,13520000,5270000,27830000,12.7,32.8,in range,in range
188077,2025/26,Ryan Christie,AFC Bournemouth,Premier League,MID,Central Midfield,31.3,986,8000000,9000000,4370000,18270000,12.5,32.6,in range,in range
226524,2025/26,Morten Thorsby,Genoa CFC,Serie A,MID,Central Midfield,30.1,1374,2800000,3150000,1780000,6140000,12.6,32.6,in range,in range
321247,2025/26,Emiliano Buendía,Aston Villa,Premier League,ATT,Left Winger,29.4,1760,16000000,17980000,11960000,32760000,12.4,32.5,in range,in range
448258,2025/26,Josha Vagnoman,VfB Stuttgart,Bundesliga,DEF,Right-Back,25.5,1587,10000000,11210000,6980000,26300000,12.1,32.1,in range,in range
495621,2025/26,Antonio Blanco,Deportivo Alavés,LaLiga,MID,Defensive Midfield,25.9,3117,10000000,11210000,5190000,22150000,12.1,32.1,in range,in range
314875,2025/26,Jarrod Bowen,West Ham United,Premier League,ATT,Right Winger,29.5,3409,30000000,33570000,17720000,45340000,11.9,31.9,in range,in range
346567,2025/26,Luca Pellegrini,Società Sportiva Lazio S.p.A.,Serie A,DEF,Left-Back,27.2,1477,4500000,5030000,2550000,10460000,11.9,31.8,in range,in range
1160814,2025/26,Rayan Fofana,RC Lens,Ligue 1,ATT,Centre-Forward,20.3,785,8000000,8950000,6640000,18800000,11.8,31.8,not rated,not rated
206050,2025/26,Paulo Dybala,Associazione Sportiva Roma,Serie A,ATT,Second Striker,32.5,1356,5000000,5570000,3240000,12500000,11.5,31.4,in range,in range
217115,2025/26,Neal Maupay,Sevilla FC,LaLiga,ATT,Centre-Forward,29.8,872,4000000,4460000,1430000,7640000,11.5,31.4,not rated,not rated
225122,2025/26,Gonçalo Guedes,Real Sociedad,LaLiga,ATT,Left Winger,29.5,1832,6000000,6690000,2840000,13460000,11.5,31.4,in range,in range
639733,2025/26,Peque Fernández,Sevilla FC,LaLiga,ATT,Second Striker,23.7,978,3000000,3340000,1870000,7900000,11.4,31.3,in range,in range
126414,2025/26,Hakan Çalhanoğlu,Inter Milan,Serie A,MID,Defensive Midfield,32.3,1651,16000000,17820000,7460000,27210000,11.4,31.2,in range,in range
273669,2025/26,Adrian Beck,1. Fußballclub Heidenheim 1846,Bundesliga,MID,Attacking Midfield,29.0,860,1500000,1670000,1350000,3820000,11.3,31.2,not rated,not rated
251075,2025/26,Zeki Çelik,Associazione Sportiva Roma,Serie A,DEF,Right-Back,29.3,2731,14000000,15580000,9610000,26790000,11.3,31.1,in range,in range
565093,2025/26,Bart Verbruggen,Brighton & Hove Albion,Premier League,GK,Goalkeeper,23.8,3420,40000000,44450000,23570000,53590000,11.1,31.0,in range,in range
707242,2025/26,Badredine Bouanani,VfB Stuttgart,Bundesliga,ATT,Right Winger,21.5,551,10000000,11100000,3360000,19200000,11.0,30.8,not rated,not rated
1121298,2025/26,Juma Bah,OGC Nice,Ligue 1,DEF,Centre-Back,20.1,1954,10000000,11100000,3640000,18030000,11.0,30.8,in range,in range
161011,2025/26,Filip Kostić,Juventus FC,Serie A,MID,Left Midfield,33.6,468,2000000,2220000,1750000,4780000,10.9,30.7,not rated,not rated
413039,2025/26,Bryan Mbeumo,Manchester United,Premier League,ATT,Right Winger,26.8,2625,75000000,83200000,44920000,103950000,10.9,30.7,in range,in range
673492,2025/26,Morato,Nottingham Forest,Premier League,DEF,Centre-Back,24.9,1341,14000000,15530000,6230000,27430000,10.9,30.7,in range,in range
325443,2025/26,Viktor Gyökeres,Arsenal FC,Premier League,ATT,Centre-Forward,28.0,2231,65000000,71960000,58510000,176860000,10.7,30.5,undervalued,in range
371851,2025/26,Jaka Bijol,Leeds United,Premier League,DEF,Centre-Back,27.3,1893,20000000,22150000,9230000,35570000,10.7,30.5,in range,in range
272278,2025/26,Chris Führich,VfB Stuttgart,Bundesliga,ATT,Left Winger,28.4,1706,12000000,13280000,10040000,30980000,10.7,30.4,in range,in range
957874,2025/26,Rômulo,RB Leipzig,Bundesliga,ATT,Centre-Forward,24.3,2209,30000000,33180000,24270000,64560000,10.6,30.4,in range,in range
836441,2025/26,Gaspar,US Lecce,Serie A,DEF,Centre-Back,28.7,1830,3000000,3310000,1550000,8030000,10.4,30.2,in range,in range
240306,2025/26,Bruno Fernandes,Manchester United,Premier League,MID,Attacking Midfield,31.7,3068,35000000,38650000,26780000,71220000,10.4,30.1,in range,in range
320271,2025/26,Toni Lato,RCD Mallorca,LaLiga,DEF,Left-Back,28.5,585,1400000,1550000,730000,3490000,10.4,30.1,not rated,not rated
505493,2025/26,Diego Pampín,Levante UD,LaLiga,DEF,Left-Back,26.2,534,1000000,1100000,540000,2970000,10.4,30.1,not rated,not rated
1067904,2025/26,Bazoumana Touré,TSG 1899 Hoffenheim,Bundesliga,ATT,Left Winger,20.2,2326,40000000,44160000,21140000,62040000,10.4,30.1,in range,in range
335457,2025/26,Ermedin Demirovic,VfB Stuttgart,Bundesliga,ATT,Centre-Forward,28.2,1498,22000000,24270000,12290000,45080000,10.3,30.0,in range,in range
540664,2025/26,Dilane Bakwa,Nottingham Forest,Premier League,ATT,Right Winger,23.8,657,28000000,30880000,12280000,47860000,10.3,30.0,not rated,not rated
741238,2025/26,Omari Hutchinson,Nottingham Forest,Premier League,MID,Attacking Midfield,22.6,1684,30000000,33090000,17310000,46390000,10.3,30.0,in range,in range
433584,2025/26,Alessio Zerbin,US Cremonese,Serie A,MID,Right Midfield,27.2,1644,2000000,2210000,1660000,5330000,10.3,29.9,in range,in range
477758,2025/26,Aaron Wan-Bissaka,West Ham United,Premier League,DEF,Right-Back,28.5,2084,15000000,16530000,5800000,25380000,10.2,29.9,in range,in range
903666,2025/26,Ethan Mbappé,LOSC Lille,Ligue 1,ATT,Right Winger,19.4,559,8000000,8820000,3480000,17120000,10.2,29.9,not rated,not rated
429259,2025/26,Mark McKenzie,FC Toulouse,Ligue 1,DEF,Centre-Back,27.3,2405,7000000,7710000,3730000,15000000,10.1,29.8,in range,in range
523318,2025/26,Anastasios Douvikas,Como 1907,Serie A,ATT,Centre-Forward,26.8,2278,25000000,27510000,15970000,46840000,10.0,29.7,in range,in range
344072,2025/26,Kelvin Amian,FC Nantes,Ligue 1,DEF,Right-Back,28.3,1962,2000000,2200000,1340000,5060000,10.0,29.6,in range,in range
272812,2025/26,Kingsley Ehizibue,Udinese Calcio,Serie A,DEF,Right-Back,31.0,1810,2000000,2200000,1710000,5130000,9.9,29.5,undervalued,in range
766412,2025/26,Théo Le Bris,FC Lorient,Ligue 1,MID,Right Midfield,23.7,1902,5000000,5490000,2980000,12520000,9.8,29.4,in range,in range
904662,2025/26,Louis Mouton,Angers SCO,Ligue 1,MID,Attacking Midfield,24.0,1905,4000000,4390000,2740000,10020000,9.7,29.3,in range,in range
257474,2025/26,Vanja Milinković-Savić,SSC Napoli,Serie A,GK,Goalkeeper,29.3,2430,20000000,21930000,9890000,51150000,9.7,29.2,in range,in range
251302,2025/26,Niklas Dorsch,1. Fußballclub Heidenheim 1846,Bundesliga,MID,Defensive Midfield,28.4,2269,2500000,2730000,1840000,5720000,9.4,28.9,in range,in range
562742,2025/26,Leo Román,RCD Mallorca,LaLiga,GK,Goalkeeper,25.9,2970,6000000,6560000,2820000,12860000,9.3,28.8,in range,in range
193004,2025/26,Waldemar Anton,Borussia Dortmund,Bundesliga,DEF,Centre-Back,29.9,2880,18000000,19660000,10490000,38430000,9.2,28.7,in range,in range
388513,2025/26,Mateu Morey,RCD Mallorca,LaLiga,DEF,Right-Back,26.3,700,1400000,1530000,1030000,4020000,9.1,28.6,not rated,not rated
525140,2025/26,Goduine Koyalipou,Angers SCO,Ligue 1,ATT,Centre-Forward,26.3,908,2500000,2720000,1760000,5850000,9.0,28.5,in range,in range
127108,2025/26,Florian Lejeune,Rayo Vallecano,LaLiga,DEF,Centre-Back,35.0,3231,1800000,1960000,890000,3460000,8.9,28.4,in range,in range
578419,2025/26,Federico Viñas,Real Oviedo,LaLiga,ATT,Centre-Forward,27.9,2451,4000000,4360000,2080000,8370000,8.9,28.4,in range,in range
238993,2025/26,Simone Scuffet,Pisa Sporting Club,Serie A,GK,Goalkeeper,30.0,630,900000,980000,580000,2550000,8.7,28.1,not rated,not rated
195778,2025/26,Alexander Nübel,VfB Stuttgart,Bundesliga,GK,Goalkeeper,29.7,3060,12000000,13020000,7710000,31370000,8.5,27.9,in range,in range
300532,2025/26,Pontus Almqvist,Parma Calcio 1913,Serie A,ATT,Right Winger,26.9,452,1800000,1950000,1200000,4870000,8.5,27.9,not rated,not rated
400546,2025/26,Nikolas Nartey,VfB Stuttgart,Bundesliga,MID,Central Midfield,26.3,1256,10000000,10850000,4320000,24610000,8.5,27.9,in range,in range
242086,2025/26,Patrik Schick,Bayer 04 Leverkusen,Bundesliga,ATT,Centre-Forward,30.3,1996,18000000,19510000,11550000,36450000,8.4,27.8,in range,in range
552472,2025/26,Nahuel Estévez,Parma Calcio 1913,Serie A,MID,Defensive Midfield,30.5,1032,1400000,1520000,1030000,3300000,8.4,27.7,in range,in range
1230661,2025/26,Mateus Mané,Wolverhampton Wanderers,Premier League,MID,Attacking Midfield,18.7,1790,20000000,21670000,9870000,31900000,8.4,27.7,in range,in range
268327,2025/26,Mathias Rasmussen,FC St. Pauli,Bundesliga,MID,Central Midfield,28.5,692,2000000,2160000,950000,3830000,8.1,27.4,not rated,not rated
540941,2025/26,Mikkel Damsgaard,Brentford FC,Premier League,MID,Attacking Midfield,25.9,2058,30000000,32420000,21590000,46780000,8.1,27.4,in range,in range
571743,2025/26,Armando Broja,Burnley FC,Premier League,ATT,Centre-Forward,24.7,849,5000000,5400000,3220000,12540000,8.1,27.4,not rated,not rated
346289,2025/26,Mouctar Diakhaby,Valencia CF,LaLiga,DEF,Centre-Back,29.2,544,2000000,2160000,1000000,5220000,8.1,27.3,not rated,not rated
540056,2025/26,Giorgi Gocholeishvili,Hamburger SV,Bundesliga,DEF,Right-Back,25.3,933,2000000,2160000,1450000,5610000,8.0,27.3,in range,in range
507341,2025/26,Fabian Rieder,FC Augsburg,Bundesliga,MID,Attacking Midfield,24.3,2485,12000000,12950000,6330000,23460000,7.9,27.2,in range,in range
1112449,2025/26,Tiago Gabriel,US Lecce,Serie A,DEF,Centre-Back,21.4,3220,15000000,16190000,6420000,23920000,7.9,27.2,in range,in range
578539,2025/26,Chris Richards,Crystal Palace,Premier League,DEF,Centre-Back,26.2,2826,28000000,30180000,13540000,36060000,7.8,27.0,in range,in range
166601,2025/26,Niklas Süle,Borussia Dortmund,Bundesliga,DEF,Centre-Back,30.7,487,4000000,4310000,2080000,11930000,7.7,26.9,not rated,not rated
668951,2025/26,Matías Soulé,Associazione Sportiva Roma,Serie A,ATT,Right Winger,23.1,2162,35000000,37670000,23600000,53860000,7.6,26.8,in range,in range
861981,2025/26,Alan Matturro,Levante UD,LaLiga,DEF,Centre-Back,21.6,941,4000000,4300000,1720000,7700000,7.6,26.8,in range,in range
922769,2025/26,Lewis Miley,Newcastle United,Premier League,MID,Central Midfield,20.1,1494,25000000,26900000,9590000,38820000,7.6,26.8,in range,in range
303657,2025/26,Ionuț Radu,Celta de Vigo,LaLiga,GK,Goalkeeper,29.0,3420,9000000,9680000,3440000,17150000,7.5,26.7,in range,in range
357147,2025/26,Diogo Dalot,Manchester United,Premier League,DEF,Right-Back,27.2,2616,30000000,32260000,25740000,52070000,7.5,26.7,undervalued,in range
353399,2025/26,Romain Del Castillo,Stade Brestois 29,Ligue 1,ATT,Right Winger,30.2,2646,7000000,7510000,2930000,10760000,7.3,26.4,in range,in range
405687,2025/26,Tom Krauß,1.FC Köln,Bundesliga,MID,Defensive Midfield,24.9,1787,4500000,4830000,1830000,9090000,7.3,26.4,in range,in range
95810,2025/26,Kieran Trippier,Newcastle United,Premier League,DEF,Right-Back,35.7,1592,1500000,1610000,760000,2470000,7.2,26.3,in range,in range
249636,2025/26,Gautier Lloris,Le Havre AC,Ligue 1,DEF,Centre-Back,30.9,2400,3000000,3220000,2030000,6430000,7.2,26.3,in range,in range
240692,2025/26,Reinildo Mandava,Sunderland AFC,Premier League,DEF,Left-Back,32.4,1969,4000000,4280000,2020000,9360000,7.1,26.2,in range,in range
391004,2025/26,Jonas Wind,VfL Wolfsburg,Bundesliga,ATT,Centre-Forward,27.3,480,4000000,4280000,1650000,7640000,7.0,26.1,not rated,not rated
438001,2025/26,Santiago Bueno,Wolverhampton Wanderers,Premier League,DEF,Centre-Back,27.6,2553,10000000,10690000,5220000,18350000,6.9,26.0,in range,in range
282028,2025/26,Rémy Descamps,Olympique Lyon,Ligue 1,GK,Goalkeeper,29.9,450,1500000,1600000,820000,5780000,6.8,25.9,not rated,not rated
348026,2025/26,Nordi Mukiele,Sunderland AFC,Premier League,DEF,Right-Back,28.6,2787,16000000,17090000,8720000,24410000,6.8,25.9,in range,in range
382478,2025/26,Cédric Zesiger,FC Augsburg,Bundesliga,DEF,Centre-Back,27.9,1812,5000000,5340000,2430000,11640000,6.8,25.9,in range,in range
973949,2025/26,Adama Camara,Paris FC,Ligue 1,MID,Defensive Midfield,29.6,2172,3000000,3210000,1680000,7020000,6.8,25.9,in range,in range
293388,2025/26,Oriol Rey,Levante UD,LaLiga,MID,Defensive Midfield,28.3,1319,1800000,1920000,840000,3810000,6.7,25.8,in range,in range
303219,2025/26,Jeff Chabot,VfB Stuttgart,Bundesliga,DEF,Centre-Back,28.3,2296,15000000,15990000,7630000,32880000,6.6,25.6,in range,in range
573775,2025/26,Hugo Duro,Valencia CF,LaLiga,ATT,Centre-Forward,26.6,1982,12000000,12790000,5650000,26340000,6.6,25.6,in range,in range
829874,2025/26,Lilian Raolisoa,Angers SCO,Ligue 1,DEF,Right-Back,26.0,1969,4000000,4260000,2690000,8600000,6.5,25.5,in range,in range
939374,2025/26,Yoel Lago,Celta de Vigo,LaLiga,DEF,Centre-Back,22.2,940,4000000,4260000,1580000,9900000,6.5,25.5,in range,in range
315969,2025/26,Scott McTominay,SSC Napoli,Serie A,MID,Central Midfield,29.5,2793,40000000,42490000,20520000,66040000,6.2,25.2,in range,in range
996897,2025/26,Diego Gómez,Brighton & Hove Albion,Premier League,MID,Central Midfield,23.2,2139,25000000,26550000,16820000,37240000,6.2,25.2,in range,in range
120629,2025/26,Alphonse Areola,West Ham United,Premier League,GK,Goalkeeper,33.0,1800,5000000,5310000,1570000,7220000,6.1,25.1,in range,in range
392775,2025/26,Ryan Sessegnon,Fulham FC,Premier League,DEF,Left-Back,26.0,1822,22000000,23360000,12290000,36560000,6.2,25.1,in range,in range
81173,2025/26,Janis Blaswich,Bayer 04 Leverkusen,Bundesliga,GK,Goalkeeper,35.1,930,700000,740000,450000,2110000,6.1,25.0,in range,in range
397225,2025/26,Alessandro Zanoli,Udinese Calcio,Serie A,DEF,Right-Back,25.7,1292,4500000,4770000,2030000,9610000,6.1,25.0,in range,in range
106987,2025/26,Marcel Sabitzer,Borussia Dortmund,Bundesliga,MID,Central Midfield,32.2,1823,6000000,6360000,2820000,17890000,6.0,24.9,in range,in range
504849,2025/26,Kaoru Mitoma,Brighton & Hove Albion,Premier League,ATT,Left Winger,29.0,1722,22000000,23310000,10900000,36190000,6.0,24.9,in range,in range
531949,2025/26,Ignatius Ganago,FC Nantes,Ligue 1,ATT,Centre-Forward,27.3,842,2000000,2120000,1030000,4190000,6.0,24.9,not rated,not rated
705395,2025/26,Gerard Martín,FC Barcelona,LaLiga,DEF,Centre-Back,24.3,2122,35000000,37070000,17250000,63900000,5.9,24.8,in range,in range
203123,2025/26,Haris Tabakovic,Borussia Mönchengladbach,Bundesliga,ATT,Centre-Forward,31.9,2396,3500000,3700000,1700000,7130000,5.8,24.7,in range,in range
474662,2025/26,Hugo Magnetti,Stade Brestois 29,Ligue 1,MID,Central Midfield,28.0,2697,6000000,6350000,3520000,12400000,5.8,24.7,in range,in range
640109,2025/26,Martín Satriano,Getafe CF,LaLiga,ATT,Centre-Forward,25.3,2301,10000000,10570000,4580000,22350000,5.7,24.5,in range,in range
420002,2025/26,Jean-Philippe Mateta,Crystal Palace,Premier League,ATT,Centre-Forward,28.9,2223,30000000,31650000,15110000,38390000,5.5,24.3,in range,in range
616344,2025/26,Tiago Tomás,VfB Stuttgart,Bundesliga,ATT,Right Winger,23.9,1013,15000000,15820000,8610000,32370000,5.5,24.3,in range,in range
487843,2025/26,Lorenzo Colombo,Genoa CFC,Serie A,ATT,Centre-Forward,24.2,2346,10000000,10540000,5940000,21450000,5.4,24.2,in range,in range
591957,2025/26,Victor Parada,Deportivo Alavés,LaLiga,DEF,Left-Back,24.2,2152,4000000,4210000,2330000,10330000,5.4,24.2,in range,in range
645686,2025/26,Lamare Bogarde,Aston Villa,Premier League,MID,Defensive Midfield,22.4,1048,18000000,18960000,10540000,27070000,5.4,24.2,in range,in range
124884,2025/26,Marco Bizot,Aston Villa,Premier League,GK,Goalkeeper,35.2,585,1500000,1580000,980000,3310000,5.3,24.1,not rated,not rated
596153,2025/26,Justin Njinmah,SV Werder Bremen,Bundesliga,ATT,Right Winger,25.5,1955,5000000,5270000,2890000,11640000,5.3,24.1,in range,in range
1011131,2025/26,Josh King,Fulham FC,Premier League,MID,Attacking Midfield,19.4,1304,25000000,26310000,14210000,36760000,5.2,24.0,in range,in range
205938,2025/26,Mario Pašalić,Atalanta BC,Serie A,MID,Central Midfield,31.3,1931,6000000,6310000,2760000,17420000,5.1,23.9,in range,in range
583699,2025/26,Andrej Ilic,1.FC Union Berlin,Bundesliga,ATT,Centre-Forward,26.1,2257,9000000,9450000,5290000,19970000,5.0,23.8,in range,in range
895326,2025/26,Joel Roca,Girona FC,LaLiga,ATT,Left Winger,21.0,1468,6000000,6290000,2200000,10770000,4.8,23.5,in range,in range
328480,2025/26,Pepelu,Valencia CF,LaLiga,MID,Defensive Midfield,27.8,2234,8000000,8380000,3510000,16810000,4.7,23.4,in range,in range
163048,2025/26,Alberto Paleari,Torino FC,Serie A,GK,Goalkeeper,33.7,2610,1200000,1260000,670000,2700000,4.7,23.3,in range,in range
290249,2025/26,Mauro Arambarri,Getafe CF,LaLiga,MID,Central Midfield,30.7,3255,8000000,8370000,4140000,15980000,4.7,23.3,in range,in range
563137,2025/26,Robert Navarro,Athletic Bilbao,LaLiga,ATT,Right Winger,24.1,1293,6000000,6280000,3330000,14170000,4.7,23.3,in range,in range
615350,2025/26,Cenk Özkacar,1.FC Köln,Bundesliga,DEF,Centre-Back,25.6,1793,4000000,4180000,1570000,8290000,4.5,23.2,in range,in range
748319,2025/26,Carlos Alcaraz,Everton FC,Premier League,MID,Central Midfield,23.5,685,15000000,15660000,7110000,24750000,4.4,23.1,not rated,not rated
822959,2025/26,Tom Bischof,Bayern Munich,Bundesliga,MID,Central Midfield,20.9,1294,40000000,41780000,21110000,56530000,4.4,23.1,in range,in range
169880,2025/26,Giovanni Di Lorenzo,SSC Napoli,Serie A,DEF,Right-Back,32.8,2278,7500000,7820000,3630000,15160000,4.3,22.9,in range,in range
1006411,2025/26,Jaydee Canvot,Crystal Palace,Premier League,DEF,Centre-Back,19.8,1514,28000000,29200000,8860000,42010000,4.3,22.9,in range,in range
84993,2025/26,Daniel Heuer Fernandes,Hamburger SV,Bundesliga,GK,Goalkeeper,33.5,2970,1200000,1250000,640000,2860000,4.2,22.8,in range,in range
160963,2025/26,Robin Zentner,1.FSV Mainz 05,Bundesliga,GK,Goalkeeper,31.6,877,2500000,2610000,980000,5230000,4.2,22.8,not rated,not rated
465717,2025/26,Jayden Bogle,Leeds United,Premier League,DEF,Right-Back,25.9,2805,15000000,15630000,7810000,25170000,4.2,22.8,in range,in range
579928,2025/26,Sebastian Nanasi,RC Strasbourg Alsace,Ligue 1,ATT,Left Winger,24.0,1047,15000000,15620000,5930000,26360000,4.1,22.7,in range,in range
701757,2025/26,Keke Topp,SV Werder Bremen,Bundesliga,ATT,Centre-Forward,22.0,629,3500000,3640000,1550000,9210000,4.1,22.7,not rated,not rated
730861,2025/26,Milos Kerkez,Liverpool FC,Premier League,DEF,Left-Back,22.6,2261,35000000,36450000,29500000,57120000,4.1,22.7,in range,in range
807688,2025/26,Yassin Belkhdim,Angers SCO,Ligue 1,MID,Central Midfield,24.3,2149,7000000,7280000,3210000,12690000,4.0,22.6,in range,in range
181136,2025/26,Piotr Zielinski,Inter Milan,Serie A,MID,Central Midfield,32.0,2045,10000000,10390000,6810000,20210000,3.9,22.4,in range,in range
195488,2025/26,Paulo Gazzaniga,Girona FC,LaLiga,GK,Goalkeeper,34.4,3103,1800000,1870000,770000,2710000,3.8,22.4,in range,in range
566931,2025/26,Xavi Simons,Tottenham Hotspur,Premier League,MID,Attacking Midfield,23.1,1847,40000000,41540000,19070000,50040000,3.9,22.4,in range,in range
507486,2025/26,Simon Sohm,Bologna Football Club 1909,Serie A,MID,Central Midfield,25.1,1429,8000000,8300000,3800000,19400000,3.8,22.3,in range,in range
126664,2025/26,Lucas Digne,Aston Villa,Premier League,DEF,Left-Back,32.9,1852,6000000,6220000,4050000,12230000,3.7,22.2,in range,in range
354361,2025/26,Frank Anguissa,SSC Napoli,Serie A,MID,Central Midfield,30.5,1256,15000000,15560000,5360000,32140000,3.7,22.2,in range,in range
687609,2025/26,Isaac Romero,Sevilla FC,LaLiga,ATT,Centre-Forward,26.0,1490,5000000,5190000,3090000,12770000,3.7,22.2,in range,in range
193116,2025/26,John McGinn,Aston Villa,Premier League,MID,Central Midfield,31.6,2158,13000000,13470000,9020000,24220000,3.6,22.1,in range,in range
251878,2025/26,Aarón Martín,Genoa CFC,Serie A,DEF,Left-Back,29.1,2161,5000000,5180000,2810000,11250000,3.6,22.1,in range,in range
122840,2025/26,Loïc Nego,Le Havre AC,Ligue 1,DEF,Right-Back,35.4,2340,500000,520000,370000,1300000,3.5,22.0,in range,in range
133731,2025/26,Patrick Mainka,1. Fußballclub Heidenheim 1846,Bundesliga,DEF,Centre-Back,31.6,3060,2500000,2590000,1500000,5140000,3.4,21.9,in range,in range
318508,2025/26,Olivier Boscagli,Brighton & Hove Albion,Premier League,DEF,Centre-Back,28.5,800,15000000,15510000,5690000,26620000,3.4,21.9,not rated,not rated
467623,2025/26,Lyle Foster,Burnley FC,Premier League,ATT,Centre-Forward,25.7,1372,8000000,8270000,3950000,17600000,3.4,21.9,in range,in range
536508,2025/26,Han-Noah Massengo,FC Augsburg,Bundesliga,MID,Central Midfield,24.9,2437,8000000,8270000,3820000,17010000,3.4,21.8,in range,in range
199527,2025/26,Jacob Murphy,Newcastle United,Premier League,ATT,Right Winger,31.3,1620,12000000,12380000,5700000,17810000,3.2,21.6,in range,in range
926952,2025/26,Patrick Dorgu,Manchester United,Premier League,ATT,Left Winger,21.6,1445,35000000,36130000,35270000,57320000,3.2,21.6,undervalued,undervalued
206746,2025/26,Kenny Tete,Fulham FC,Premier League,DEF,Right-Back,30.7,1795,8000000,8250000,3430000,12410000,3.1,21.5,in range,in range
646747,2025/26,Rafa Obrador,Torino FC,Serie A,DEF,Left-Back,22.3,1123,5000000,5150000,1520000,9400000,3.0,21.4,in range,in range
240897,2025/26,Arturo Calabresi,Pisa Sporting Club,Serie A,DEF,Centre-Back,30.2,1519,800000,820000,590000,2460000,3.0,21.3,in range,in range
704270,2025/26,Sambou Soumano,FC Lorient,Ligue 1,ATT,Centre-Forward,25.4,928,3500000,3600000,2050000,7560000,3.0,21.3,in range,in range
932187,2025/26,Sascha Britschgi,Parma Calcio 1913,Serie A,DEF,Right-Back,19.8,2097,10000000,10300000,4610000,16180000,3.0,21.3,in range,in range
223979,2025/26,Xaver Schlager,RB Leipzig,Bundesliga,MID,Central Midfield,28.7,1837,10000000,10280000,6240000,23380000,2.8,21.2,in range,in range
579287,2025/26,Daniel Svensson,Borussia Dortmund,Bundesliga,DEF,Left-Back,24.3,2453,22000000,22620000,16640000,48900000,2.8,21.2,in range,in range
285845,2025/26,Ainsley Maitland-Niles,Olympique Lyon,Ligue 1,DEF,Right-Back,28.8,2486,10000000,10280000,6220000,20720000,2.8,21.1,in range,in range
459658,2025/26,Andrea Cambiaso,Juventus FC,Serie A,DEF,Left-Back,26.3,2796,20000000,20540000,12140000,43310000,2.7,21.1,in range,in range
545332,2025/26,Mikkel Kaufmann,1. Fußballclub Heidenheim 1846,Bundesliga,ATT,Centre-Forward,25.4,534,1500000,1540000,970000,4170000,2.8,21.1,not rated,not rated
333014,2025/26,Sander Berge,Fulham FC,Premier League,MID,Defensive Midfield,28.3,2911,25000000,25620000,13040000,33600000,2.5,20.8,in range,in range
187718,2025/26,Clinton Mata,Olympique Lyon,Ligue 1,DEF,Centre-Back,33.6,2836,2500000,2560000,1410000,7840000,2.4,20.7,in range,in range
371021,2025/26,Arijanet Murić,US Sassuolo,Serie A,GK,Goalkeeper,27.6,2880,7500000,7680000,3380000,16030000,2.4,20.7,in range,in range
470038,2025/26,Ransford Königsdörffer,Hamburger SV,Bundesliga,ATT,Centre-Forward,24.7,2350,5000000,5110000,2790000,11940000,2.1,20.4,in range,in range
654539,2025/26,Adrien Truffert,AFC Bournemouth,Premier League,DEF,Left-Back,24.5,3380,30000000,30640000,22890000,47040000,2.1,20.4,in range,in range
894914,2025/26,Antonio Nusa,RB Leipzig,Bundesliga,ATT,Left Winger,21.1,2040,32000000,32700000,22530000,48180000,2.2,20.4,in range,in range
346546,2025/26,Radoslaw Majecki,Stade Brestois 29,Ligue 1,GK,Goalkeeper,26.1,865,4000000,4080000,1360000,8150000,2.0,20.2,not rated,not rated
270541,2025/26,Serhou Guirassy,Borussia Dortmund,Bundesliga,ATT,Centre-Forward,30.2,2351,32000000,32590000,23510000,56330000,1.8,20.0,in range,in range
520840,2025/26,José Copete,Valencia CF,LaLiga,DEF,Centre-Back,26.4,1761,5000000,5090000,1920000,10570000,1.9,20.0,in range,in range
1182738,2025/26,Abdoulaye Faye,FC Lorient,Ligue 1,DEF,Centre-Back,21.7,1446,4500000,4580000,1670000,10780000,1.8,20.0,in range,in range
646750,2025/26,Cristhian Mosquera,Arsenal FC,Premier League,DEF,Centre-Back,21.9,989,40000000,40700000,25390000,51570000,1.7,19.9,in range,in range
206040,2025/26,Raúl Jiménez,Fulham FC,Premier League,ATT,Centre-Forward,35.1,2199,3000000,3050000,1880000,5930000,1.6,19.7,in range,in range
485960,2025/26,Lilian Brassier,Stade Rennais FC,Ligue 1,DEF,Centre-Back,26.6,2252,12000000,12180000,6870000,22000000,1.5,19.6,in range,in range
692737,2025/26,Aljoscha Kemlein,1.FC Union Berlin,Bundesliga,MID,Defensive Midfield,21.8,1968,12000000,12170000,4960000,17570000,1.4,19.5,in range,in range
392966,2025/26,Nadir Zortea,Bologna Football Club 1909,Serie A,DEF,Right-Back,26.9,1811,7000000,7090000,3860000,18900000,1.3,19.4,in range,in range
522784,2025/26,Taty Castellanos,West Ham United,Premier League,ATT,Centre-Forward,27.7,2090,28000000,28360000,14740000,38160000,1.3,19.4,in range,in range
937941,2025/26,Thierno Barry,Everton FC,Premier League,ATT,Centre-Forward,23.6,1915,30000000,30400000,19540000,47090000,1.3,19.4,in range,in range
644401,2025/26,Keane Lewis-Potter,Brentford FC,Premier League,MID,Left Midfield,25.3,1970,25000000,25310000,18170000,40890000,1.2,19.3,in range,in range
346499,2025/26,Danel Sinani,FC St. Pauli,Bundesliga,MID,Attacking Midfield,29.1,2069,3000000,3030000,1960000,6300000,1.2,19.2,in range,in range
461883,2025/26,Calvin Bassey,Fulham FC,Premier League,DEF,Centre-Back,26.4,2532,28000000,28330000,16330000,41300000,1.2,19.2,in range,in range
568157,2025/26,Yéremy Pino,Crystal Palace,Premier League,ATT,Right Winger,23.6,2252,30000000,30350000,16490000,42500000,1.2,19.2,in range,in range
93740,2025/26,Willi Orbán,RB Leipzig,Bundesliga,DEF,Centre-Back,33.6,2950,5000000,5050000,2750000,11430000,1.0,19.0,in range,in range
315858,2025/26,Gianluigi Donnarumma,Manchester City,Premier League,GK,Goalkeeper,27.3,3060,45000000,45440000,31880000,70790000,1.0,19.0,in range,in range
668547,2025/26,Máximo Perrone,Como 1907,Serie A,MID,Defensive Midfield,23.4,2750,35000000,35350000,18960000,49250000,1.0,19.0,in range,in range
747009,2025/26,Justin Devenny,Crystal Palace,Premier League,MID,Attacking Midfield,22.6,789,12000000,12120000,5600000,25100000,1.0,19.0,not rated,not rated
93604,2025/26,Lukas Kübler,SC Freiburg,Bundesliga,DEF,Right-Back,33.7,1594,1500000,1510000,1000000,3330000,0.8,18.8,in range,in range
867137,2025/26,Alessandro Circati,Parma Calcio 1913,Serie A,DEF,Centre-Back,22.6,2666,12000000,12100000,5720000,19720000,0.8,18.8,in range,in range
798404,2025/26,Alidu Seidu,Stade Rennais FC,Ligue 1,DEF,Centre-Back,26.0,1185,6000000,6040000,2550000,12830000,0.6,18.6,in range,in range
93844,2025/26,Leonardo Bittencourt,SV Werder Bremen,Bundesliga,MID,Central Midfield,32.4,610,900000,910000,630000,2350000,0.6,18.5,not rated,not rated
525155,2025/26,Grégoire Coudert,Stade Brestois 29,Ligue 1,GK,Goalkeeper,27.2,2191,4000000,4020000,1750000,7530000,0.5,18.5,in range,in range
749552,2025/26,Alieu Fadera,US Sassuolo,Serie A,ATT,Left Winger,24.6,976,4500000,4530000,2930000,13000000,0.6,18.5,in range,in range
340177,2025/26,Thibault De Smet,Paris FC,Ligue 1,DEF,Left-Back,28.0,1148,1800000,1810000,880000,4290000,0.4,18.3,in range,in range
696589,2025/26,Tim Iroegbunam,Everton FC,Premier League,MID,Central Midfield,22.9,1486,18000000,18050000,8600000,29760000,0.3,18.2,in range,in range
344886,2025/26,Matthieu Udol,RC Lens,Ligue 1,DEF,Left-Back,30.2,3005,8000000,8020000,5380000,19760000,0.2,18.1,in range,in range
569598,2025/26,Youssouf Fofana,AC Milan,Serie A,MID,Defensive Midfield,27.4,2217,23000000,23060000,11620000,37720000,0.3,18.1,in range,in range
705063,2025/26,Samuele Angori,Pisa Sporting Club,Serie A,MID,Left Midfield,22.6,2605,4500000,4510000,2600000,10860000,0.2,18.1,in range,in range
584769,2025/26,Dwight McNeil,Everton FC,Premier League,ATT,Left Winger,26.5,1169,18000000,18020000,8050000,27440000,0.1,18.0,in range,in range
811778,2025/26,Álvaro Carreras,Real Madrid,LaLiga,DEF,Left-Back,23.2,2334,50000000,50000000,23560000,88160000,0.0,17.9,in range,in range
830890,2025/26,Marvin Senaya,AJ Auxerre,Ligue 1,DEF,Right-Back,25.3,1785,3000000,3000000,1470000,6730000,0.0,17.9,in range,in range
933900,2025/26,Samuel Amo-Ameyaw,RC Strasbourg Alsace,Ligue 1,ATT,Right Winger,19.9,1041,8000000,8010000,3820000,19470000,0.1,17.9,in range,in range
546926,2025/26,Jay Idzes,US Sassuolo,Serie A,DEF,Centre-Back,26.0,3064,14000000,13960000,5640000,24630000,-0.3,17.6,in range,in range
848509,2025/26,Jackson Tchatchoua,Wolverhampton Wanderers,Premier League,DEF,Right-Back,24.7,1837,12000000,11970000,6380000,22140000,-0.2,17.6,in range,in range
692070,2025/26,Clemens Riedel,RCD Espanyol Barcelona,LaLiga,DEF,Centre-Back,22.9,1397,4000000,3990000,1510000,10360000,-0.3,17.5,in range,in range
229006,2025/26,Franck Honorat,Borussia Mönchengladbach,Bundesliga,ATT,Right Winger,29.8,1988,7000000,6970000,3100000,10440000,-0.4,17.4,in range,in range
401530,2025/26,Éder Militão,Real Madrid,LaLiga,DEF,Centre-Back,28.4,1142,20000000,19870000,6120000,34420000,-0.7,17.1,in range,in range
972465,2025/26,Tani Oluwaseyi,Villarreal CF,LaLiga,ATT,Centre-Forward,26.1,892,7000000,6950000,3630000,20470000,-0.7,17.1,not rated,not rated
346561,2025/26,Luca Ranieri,ACF Fiorentina,Serie A,DEF,Centre-Back,27.1,2463,6000000,5950000,3640000,15910000,-0.9,16.8,in range,in range
411295,2025/26,Raphinha,FC Barcelona,LaLiga,ATT,Left Winger,29.5,1389,70000000,69340000,26390000,78170000,-0.9,16.7,in range,in range
275303,2025/26,Hans Hateboer,Olympique Lyon,Ligue 1,DEF,Right-Back,32.4,762,1800000,1780000,950000,3700000,-1.1,16.6,not rated,not rated
433984,2025/26,Sam Beukema,SSC Napoli,Serie A,DEF,Centre-Back,27.5,1680,22000000,21770000,9810000,49470000,-1.1,16.6,in range,in range
678479,2025/26,Denis Huseinbasic,1.FC Köln,Bundesliga,MID,Central Midfield,24.9,725,2000000,1980000,760000,4650000,-1.1,16.6,not rated,not rated
1018259,2025/26,Gift Orban,Hellas Verona,Serie A,ATT,Centre-Forward,23.9,2038,7000000,6930000,3500000,11880000,-1.1,16.6,in range,in range
626913,2025/26,Boulaye Dia,Società Sportiva Lazio S.p.A.,Serie A,ATT,Centre-Forward,29.5,1250,5000000,4940000,2620000,12520000,-1.2,16.4,in range,in range
392768,2025/26,Callum Hudson-Odoi,Nottingham Forest,Premier League,ATT,Left Winger,25.6,1848,30000000,29600000,15100000,36780000,-1.3,16.3,in range,in range
912902,2025/26,Guillaume Restes,FC Toulouse,Ligue 1,GK,Goalkeeper,21.2,2940,18000000,17770000,9040000,27370000,-1.3,16.3,in range,in range
67063,2025/26,Danny Welbeck,Brighton & Hove Albion,Premier League,ATT,Centre-Forward,35.5,2266,3000000,2960000,1890000,5790000,-1.4,16.2,in range,in range
1061282,2025/26,Assane Diao,Como 1907,Serie A,ATT,Left Winger,20.7,1084,30000000,29590000,11470000,38830000,-1.4,16.2,in range,in range
530742,2025/26,Fisayo Dele-Bashiru,Società Sportiva Lazio S.p.A.,Serie A,MID,Central Midfield,25.3,1182,6000000,5910000,2750000,12010000,-1.5,16.1,in range,in range
171679,2025/26,Matt Doherty,Wolverhampton Wanderers,Premier League,DEF,Right-Back,34.4,792,1000000,980000,700000,2290000,-1.6,16.0,not rated,not rated
388294,2025/26,Omar Traoré,1. Fußballclub Heidenheim 1846,Bundesliga,DEF,Right-Back,28.3,1500,2000000,1970000,1490000,4270000,-1.7,15.9,in range,in range
503743,2025/26,Morgan Rogers,Aston Villa,Premier League,MID,Attacking Midfield,23.9,3285,90000000,88290000,51640000,113340000,-1.9,15.6,in range,in range
698164,2025/26,Freddie Potts,West Ham United,Premier League,MID,Defensive Midfield,22.7,1167,10000000,9810000,3430000,22150000,-1.9,15.6,in range,in range
242631,2025/26,Alex Iwobi,Fulham FC,Premier League,ATT,Left Winger,30.1,2436,20000000,19610000,10060000,29090000,-2.0,15.5,in range,in range
398163,2025/26,Gonzalo Villar,Elche CF,LaLiga,MID,Central Midfield,28.2,718,1800000,1760000,750000,4310000,-2.0,15.5,not rated,not rated
415912,2025/26,Konstantinos Mavropanos,West Ham United,Premier League,DEF,Centre-Back,28.5,2532,18000000,17640000,7360000,23490000,-2.0,15.5,in range,in range
982855,2025/26,Reda Belahyane,Società Sportiva Lazio S.p.A.,Serie A,MID,Defensive Midfield,22.0,605,6800000,6660000,2640000,12490000,-2.0,15.5,not rated,not rated
416386,2025/26,Abdou Harroui,Hellas Verona,Serie A,MID,Central Midfield,28.4,906,1600000,1570000,1060000,3570000,-2.1,15.4,in range,in range
730893,2025/26,Tyrick Mitchell,Crystal Palace,Premier League,DEF,Left-Back,26.8,3255,25000000,24490000,13570000,33060000,-2.1,15.4,in range,in range
796865,2025/26,Lamine Sy,AJ Auxerre,Ligue 1,DEF,Right-Back,23.8,1532,2500000,2450000,1240000,5760000,-2.1,15.4,in range,in range
130164,2025/26,Jordan Pickford,Everton FC,Premier League,GK,Goalkeeper,32.2,3420,13000000,12680000,3710000,15410000,-2.5,15.0,in range,in range
485706,2025/26,Amadou Onana,Aston Villa,Premier League,MID,Defensive Midfield,24.8,1764,45000000,43930000,20440000,46520000,-2.4,15.0,in range,in range
553285,2025/26,Tim Lemperle,TSG 1899 Hoffenheim,Bundesliga,ATT,Centre-Forward,24.3,1960,17000000,16600000,8590000,34120000,-2.4,15.0,in range,in range
592979,2025/26,Himad Abdelli,Angers SCO,Ligue 1,MID,Attacking Midfield,26.5,1081,5000000,4880000,2140000,9170000,-2.4,15.0,in range,in range
412953,2025/26,Wouter Burger,TSG 1899 Hoffenheim,Bundesliga,MID,Defensive Midfield,25.3,2441,20000000,19460000,8340000,38030000,-2.7,14.7,in range,in range
461617,2025/26,Rodrigo Riquelme,Real Betis Balompié,LaLiga,ATT,Left Winger,26.2,811,4000000,3890000,2570000,12860000,-2.7,14.7,not rated,not rated
717411,2025/26,Yegor Yarmolyuk,Brentford FC,Premier League,MID,Central Midfield,22.3,2667,32000000,31130000,21910000,42650000,-2.7,14.6,in range,in range
257732,2025/26,Amir Rrahmani,SSC Napoli,Serie A,DEF,Centre-Back,32.3,1800,10000000,9720000,3430000,21930000,-2.8,14.5,in range,in range
743498,2025/26,Wilson Odobert,Tottenham Hotspur,Premier League,ATT,Left Winger,21.3,981,20000000,19430000,7830000,29210000,-2.9,14.5,in range,in range
670882,2025/26,Jamie Gittens,Chelsea FC,Premier League,ATT,Left Winger,21.6,490,35000000,33910000,16050000,39150000,-3.1,14.2,not rated,not rated
713644,2025/26,Bryan Zaragoza,Celta de Vigo,LaLiga,ATT,Left Winger,24.7,1270,8000000,7750000,2970000,17520000,-3.1,14.2,in range,in range
568693,2025/26,Pape Matar Sarr,Tottenham Hotspur,Premier League,MID,Central Midfield,23.7,1389,30000000,29050000,12870000,41050000,-3.2,14.1,in range,in range
735571,2025/26,Rodrigo Muniz,Fulham FC,Premier League,ATT,Centre-Forward,25.1,997,20000000,19360000,8170000,29890000,-3.2,14.1,in range,in range
1134251,2025/26,Abdelhamid Ait Boudlal,Stade Rennais FC,Ligue 1,DEF,Centre-Back,20.1,1402,12000000,11610000,5350000,24050000,-3.2,14.1,in range,in range
75921,2025/26,Christopher Trimmel,1.FC Union Berlin,Bundesliga,DEF,Right-Back,39.3,1869,600000,580000,420000,1140000,-3.2,14.0,in range,in range
659518,2025/26,Félix Lemaréchal,RC Strasbourg Alsace,Ligue 1,MID,Attacking Midfield,22.6,555,8000000,7730000,2440000,14600000,-3.4,13.8,not rated,not rated
410425,2025/26,Yves Bissouma,Tottenham Hotspur,Premier League,MID,Defensive Midfield,29.8,605,10000000,9640000,3640000,18020000,-3.6,13.7,not rated,not rated
480763,2025/26,Juan Foyth,Villarreal CF,LaLiga,DEF,Centre-Back,28.2,936,10000000,9630000,3510000,21810000,-3.7,13.5,in range,in range
652275,2025/26,Hákon Arnar Haraldsson,LOSC Lille,Ligue 1,MID,Attacking Midfield,23.1,2477,25000000,24070000,15090000,41780000,-3.7,13.5,in range,in range
429790,2025/26,Luka Ilic,Real Oviedo,LaLiga,MID,Attacking Midfield,26.9,738,1400000,1350000,750000,2890000,-3.8,13.4,not rated,not rated
541231,2025/26,Sepp van den Berg,Brentford FC,Premier League,DEF,Centre-Back,24.5,2761,32000000,30770000,20140000,44340000,-3.9,13.3,in range,in range
17259,2025/26,Manuel Neuer,Bayern Munich,Bundesliga,GK,Goalkeeper,40.2,1860,4000000,3840000,1220000,8150000,-3.9,13.2,in range,in range
245744,2025/26,Takuma Asano,RCD Mallorca,LaLiga,ATT,Right Winger,31.6,659,1500000,1440000,860000,3060000,-3.9,13.2,not rated,not rated
434116,2025/26,Alexander Prass,TSG 1899 Hoffenheim,Bundesliga,MID,Left Midfield,25.0,1298,9000000,8650000,5700000,24090000,-3.9,13.2,in range,in range
557613,2025/26,Quentin Merlin,Stade Rennais FC,Ligue 1,DEF,Left-Back,24.0,2532,15000000,14410000,9080000,27170000,-4.0,13.2,in range,in range
980575,2025/26,Oumar Ngom,US Lecce,Serie A,MID,Defensive Midfield,22.2,840,3000000,2880000,950000,5910000,-4.0,13.2,not rated,not rated
276111,2025/26,David Costas,Real Oviedo,LaLiga,DEF,Centre-Back,31.2,2064,1200000,1150000,670000,2220000,-4.0,13.1,in range,in range
283497,2025/26,Mathias Honsak,1. Fußballclub Heidenheim 1846,Bundesliga,ATT,Left Winger,29.4,1249,1700000,1630000,1220000,4170000,-4.0,13.1,in range,in range
334222,2025/26,Lucas Boyé,Deportivo Alavés,LaLiga,ATT,Centre-Forward,30.3,1959,5000000,4790000,1780000,8020000,-4.1,13.0,in range,in range
710671,2025/26,Adama Boiro,Athletic Bilbao,LaLiga,DEF,Left-Back,24.0,810,2500000,2400000,1070000,5510000,-4.1,13.0,not rated,not rated
1111589,2025/26,El Hadji Malick Diouf,West Ham United,Premier League,DEF,Left-Back,21.4,2711,28000000,26860000,10810000,31410000,-4.1,13.0,in range,in range
381753,2025/26,Ilia Gruev,Leeds United,Premier League,MID,Defensive Midfield,26.1,1324,12000000,11500000,4040000,22230000,-4.2,12.9,in range,in range
72047,2025/26,Iago Aspas,Celta de Vigo,LaLiga,ATT,Centre-Forward,38.8,1130,1600000,1530000,810000,2770000,-4.3,12.7,in range,in range
232271,2025/26,Sofiane Boufal,Le Havre AC,Ligue 1,MID,Attacking Midfield,32.7,1028,1800000,1720000,640000,2990000,-4.3,12.7,in range,in range
826224,2025/26,Arnau Martínez,Girona FC,LaLiga,DEF,Right-Back,23.1,2678,10000000,9560000,5190000,17490000,-4.4,12.7,in range,in range
827734,2025/26,Ange-Yoan Bonny,Inter Milan,Serie A,ATT,Centre-Forward,22.6,1130,35000000,33470000,20350000,60380000,-4.4,12.7,in range,in range
419067,2025/26,Giorgi Tsitaishvili,FC Metz,Ligue 1,ATT,Left Winger,25.5,2459,3000000,2870000,1690000,6060000,-4.5,12.6,in range,in range
930781,2025/26,Pio Esposito,Inter Milan,Serie A,ATT,Centre-Forward,20.9,1560,45000000,42920000,24990000,61120000,-4.6,12.4,in range,in range
317057,2025/26,Adrian Semper,Pisa Sporting Club,Serie A,GK,Goalkeeper,28.4,2250,1800000,1720000,970000,4530000,-4.7,12.3,in range,in range
497291,2025/26,Nicolás Domínguez,Nottingham Forest,Premier League,MID,Central Midfield,27.9,1177,15000000,14280000,7070000,24920000,-4.8,12.2,in range,in range
578391,2025/26,Rayan Aït-Nouri,Manchester City,Premier League,DEF,Left-Back,25.0,976,40000000,38030000,21130000,50530000,-4.9,12.1,in range,in range
592534,2025/26,Nicolai Remberg,Hamburger SV,Bundesliga,MID,Defensive Midfield,25.9,2880,9000000,8550000,4270000,16820000,-5.0,12.0,in range,in range
393321,2025/26,James Sands,FC St. Pauli,Bundesliga,MID,Defensive Midfield,25.7,1941,5000000,4740000,1940000,9290000,-5.1,11.8,in range,in range
922693,2025/26,Archie Gray,Tottenham Hotspur,Premier League,MID,Defensive Midfield,20.2,1480,35000000,33190000,13600000,47390000,-5.2,11.8,in range,in range
399776,2025/26,Pau Torres,Aston Villa,Premier League,DEF,Centre-Back,29.4,1676,20000000,18950000,10570000,30860000,-5.2,11.7,in range,in range
281963,2025/26,Lucas Hernández,Paris Saint-Germain,Ligue 1,DEF,Left-Back,30.3,1746,18000000,17040000,5370000,27790000,-5.3,11.6,in range,in range
661427,2025/26,David Møller Wolfe,Wolverhampton Wanderers,Premier League,DEF,Left-Back,24.1,1048,8000000,7580000,4970000,16420000,-5.3,11.6,in range,in range
190685,2025/26,Bouna Sarr,FC Metz,Ligue 1,DEF,Right-Back,34.3,897,350000,330000,220000,800000,-5.5,11.4,not rated,not rated
147051,2025/26,Yvon Mvogo,FC Lorient,Ligue 1,GK,Goalkeeper,32.0,2790,2500000,2360000,1200000,4470000,-5.5,11.3,in range,in range
241641,2025/26,Bernardo Silva,Manchester City,Premier League,MID,Attacking Midfield,31.8,2888,22000000,20770000,16980000,32530000,-5.6,11.3,in range,in range
356141,2025/26,Daichi Kamada,Crystal Palace,Premier League,MID,Attacking Midfield,29.8,1909,10000000,9420000,4630000,17310000,-5.8,11.0,in range,in range
490606,2025/26,Lucas Bergström,RCD Mallorca,LaLiga,GK,Goalkeeper,23.3,450,1500000,1410000,540000,4690000,-5.9,10.9,not rated,not rated
503160,2025/26,Paul Nebel,1.FSV Mainz 05,Bundesliga,MID,Attacking Midfield,23.6,2078,18000000,16930000,7720000,26630000,-5.9,10.9,in range,in range
708265,2025/26,Bradley Barcola,Paris Saint-Germain,Ligue 1,ATT,Left Winger,23.7,1750,70000000,65900000,36560000,106160000,-5.9,10.9,in range,in range
126751,2025/26,Iñigo Ruiz de Galarreta,Athletic Bilbao,LaLiga,MID,Central Midfield,32.8,2231,2000000,1880000,1000000,3580000,-6.0,10.8,in range,in range
392538,2025/26,Tommaso Pobega,Bologna Football Club 1909,Serie A,MID,Central Midfield,26.9,1435,8000000,7520000,2950000,15880000,-5.9,10.8,in range,in range
393323,2025/26,Brenden Aaronson,Leeds United,Premier League,MID,Attacking Midfield,25.6,2470,22000000,20670000,10210000,30940000,-6.0,10.7,in range,in range
961022,2025/26,Benja Domínguez,Bologna Football Club 1909,Serie A,ATT,Left Winger,22.7,542,9000000,8450000,2470000,14900000,-6.1,10.7,not rated,not rated
636688,2025/26,Alejandro Balde,FC Barcelona,LaLiga,DEF,Left-Back,22.6,1875,50000000,46910000,21450000,77310000,-6.2,10.6,in range,in range
785353,2025/26,Pablo Ibáñez,Deportivo Alavés,LaLiga,MID,Central Midfield,27.7,2248,4000000,3760000,2760000,9760000,-6.1,10.6,in range,in range
441986,2025/26,Yann Bisseck,Inter Milan,Serie A,DEF,Centre-Back,25.5,1922,50000000,46870000,18740000,60820000,-6.3,10.5,in range,in range
476701,2025/26,Manuel Ugarte,Manchester United,Premier League,MID,Defensive Midfield,25.1,881,25000000,23440000,15800000,33330000,-6.2,10.5,not rated,not rated
610083,2025/26,Unai Vencedor,Levante UD,LaLiga,MID,Central Midfield,25.3,818,1800000,1690000,730000,3810000,-6.2,10.5,not rated,not rated
856530,2025/26,Mateo Pellegrino,Parma Calcio 1913,Serie A,ATT,Centre-Forward,24.6,2994,15000000,14070000,6140000,23040000,-6.2,10.5,in range,in range
404842,2025/26,Vitaliy Mykolenko,Everton FC,Premier League,DEF,Left-Back,27.0,2961,25000000,23410000,12230000,32120000,-6.3,10.4,in range,in range
248999,2025/26,Lucas Höler,SC Freiburg,Bundesliga,ATT,Centre-Forward,31.9,2044,3000000,2810000,2090000,7010000,-6.4,10.3,in range,in range
485963,2025/26,Pape Gueye,Villarreal CF,LaLiga,MID,Central Midfield,27.4,2143,40000000,37430000,13270000,60330000,-6.4,10.3,in range,in range
490384,2025/26,Koni De Winter,AC Milan,Serie A,DEF,Centre-Back,24.0,1798,23000000,21530000,11200000,42500000,-6.4,10.3,in range,in range
315865,2025/26,Andrea Pinamonti,US Sassuolo,Serie A,ATT,Centre-Forward,27.0,2575,15000000,14020000,7060000,27690000,-6.5,10.2,in range,in range
1016015,2025/26,Ngal'ayel Mukau,LOSC Lille,Ligue 1,MID,Defensive Midfield,21.6,1540,15000000,14030000,7090000,26960000,-6.5,10.2,in range,in range
652331,2025/26,Javi Rueda,Celta de Vigo,LaLiga,DEF,Right-Back,24.1,1405,6000000,5610000,2380000,12460000,-6.6,10.1,in range,in range
185077,2025/26,Vincenzo Grifo,SC Freiburg,Bundesliga,ATT,Left Winger,33.1,1715,4000000,3730000,2380000,7020000,-6.7,9.9,in range,in range
1185888,2025/26,Ibrahim Mbaye,Paris Saint-Germain,Ligue 1,ATT,Right Winger,18.4,998,30000000,27990000,14480000,45530000,-6.7,9.9,in range,in range
423440,2025/26,Martín Zubimendi,Arsenal FC,Premier League,MID,Defensive Midfield,27.3,3002,75000000,69910000,47180000,107510000,-6.8,9.8,in range,in range
662242,2025/26,Rassoul Ndiaye,Le Havre AC,Ligue 1,MID,Central Midfield,24.5,2577,8000000,7450000,3610000,13610000,-6.9,9.8,in range,in range
415381,2025/26,Mats Wieffer,Brighton & Hove Albion,Premier League,DEF,Right-Back,26.5,1908,25000000,23270000,11100000,28880000,-6.9,9.7,in range,in range
552425,2025/26,Jon Moncayola,CA Osasuna,LaLiga,MID,Central Midfield,28.1,3029,7000000,6520000,3550000,14910000,-6.9,9.7,in range,in range
787151,2025/26,Lukas Ullrich,Borussia Mönchengladbach,Bundesliga,DEF,Left-Back,22.2,1306,6000000,5590000,2800000,11320000,-6.9,9.7,in range,in range
191056,2025/26,Brice Samba,Stade Rennais FC,Ligue 1,GK,Goalkeeper,32.1,2880,7000000,6510000,2600000,12100000,-7.0,9.6,in range,in range
203348,2025/26,Chancel Mbemba,LOSC Lille,Ligue 1,DEF,Centre-Back,31.8,952,2000000,1860000,950000,5280000,-7.0,9.6,in range,in range
127202,2025/26,Matz Sels,Nottingham Forest,Premier League,GK,Goalkeeper,34.3,2667,3500000,3250000,1260000,5200000,-7.1,9.5,in range,in range
332697,2025/26,Weston McKennie,Juventus FC,Serie A,MID,Central Midfield,27.8,2841,30000000,27870000,11900000,49260000,-7.1,9.5,in range,in range
514888,2025/26,Oliver Sørensen,Parma Calcio 1913,Serie A,MID,Central Midfield,24.2,1834,6500000,6040000,3700000,14250000,-7.1,9.5,in range,in range
607223,2025/26,Rayan Cherki,Manchester City,Premier League,MID,Attacking Midfield,22.8,1786,90000000,83650000,52900000,114110000,-7.1,9.5,in range,in range
644032,2025/26,Cheikh Niasse,Hellas Verona,Serie A,MID,Defensive Midfield,26.4,978,2000000,1860000,930000,3300000,-7.1,9.4,in range,in range
667287,2025/26,Yasin Ayari,Brighton & Hove Albion,Premier League,MID,Central Midfield,22.7,1925,35000000,32460000,20320000,42050000,-7.3,9.3,in range,in range
297212,2025/26,Joe Rodon,Leeds United,Premier League,DEF,Centre-Back,28.6,2954,18000000,16680000,6200000,22000000,-7.3,9.2,in range,in range
607720,2025/26,Jonas Urbig,Bayern Munich,Bundesliga,GK,Goalkeeper,22.8,1110,18000000,16680000,6620000,33770000,-7.3,9.2,in range,in range
267160,2025/26,Adam Buksa,Udinese Calcio,Serie A,ATT,Centre-Forward,29.9,911,3500000,3240000,1750000,8120000,-7.4,9.1,in range,in range
601883,2025/26,Matheus Nunes,Manchester City,Premier League,DEF,Right-Back,27.8,2865,50000000,46250000,28820000,62270000,-7.5,9.0,in range,in range
623773,2025/26,Kristoffer Lund,1.FC Köln,Bundesliga,DEF,Left-Back,24.0,2284,4000000,3700000,2130000,8720000,-7.5,9.0,in range,in range
107775,2025/26,Frederik Rönnow,1.FC Union Berlin,Bundesliga,GK,Goalkeeper,33.8,2641,2000000,1850000,860000,3410000,-7.6,8.9,in range,in range
216870,2025/26,Nacho Vidal,Real Oviedo,LaLiga,DEF,Right-Back,31.4,2272,1200000,1110000,650000,2220000,-7.6,8.9,in range,in range
221150,2025/26,Dakonam Djené,Getafe CF,LaLiga,DEF,Centre-Back,34.4,2585,1400000,1290000,870000,2940000,-7.6,8.9,in range,in range
386455,2025/26,Riccardo Sottil,US Lecce,Serie A,ATT,Left Winger,27.0,1072,3000000,2770000,1350000,6260000,-7.6,8.9,in range,in range
811779,2025/26,Alejandro Garnacho,Chelsea FC,Premier League,ATT,Left Winger,21.9,1268,28000000,25850000,15620000,40330000,-7.7,8.8,in range,in range
175449,2025/26,Moi Gómez,CA Osasuna,LaLiga,MID,Attacking Midfield,32.0,1197,1500000,1380000,760000,2450000,-7.8,8.6,in range,in range
453870,2025/26,Benedict Hollerbach,1.FSV Mainz 05,Bundesliga,ATT,Centre-Forward,24.8,884,8000000,7360000,2750000,14350000,-8.0,8.4,not rated,not rated
487969,2025/26,Randal Kolo Muani,Tottenham Hotspur,Premier League,ATT,Centre-Forward,27.5,1669,20000000,18390000,9360000,28220000,-8.0,8.4,in range,in range
500053,2025/26,Pavel Sulc,Olympique Lyon,Ligue 1,MID,Attacking Midfield,25.4,1569,20000000,18370000,7880000,26790000,-8.1,8.3,in range,in range
568333,2025/26,Adam Obert,Cagliari Calcio,Serie A,DEF,Left-Back,23.8,2782,7000000,6430000,3870000,15120000,-8.1,8.3,in range,in range
834752,2025/26,Unai Gómez,Athletic Bilbao,LaLiga,MID,Attacking Midfield,23.0,933,5000000,4600000,2570000,9640000,-8.1,8.3,in range,in range
335209,2025/26,Kevin Diks,Borussia Mönchengladbach,Bundesliga,DEF,Centre-Back,29.6,2467,5000000,4590000,2790000,10180000,-8.2,8.2,in range,in range
567129,2025/26,Josh Doig,US Sassuolo,Serie A,DEF,Left-Back,24.0,1919,4500000,4130000,2460000,12180000,-8.2,8.2,in range,in range
568835,2025/26,Pablo Martínez,Levante UD,LaLiga,MID,Central Midfield,28.3,1864,3000000,2750000,1300000,6090000,-8.2,8.2,in range,in range
610442,2025/26,Rasmus Højlund,SSC Napoli,Serie A,ATT,Centre-Forward,23.3,2762,60000000,55100000,32960000,75430000,-8.2,8.2,in range,in range
368482,2025/26,Riccardo Orsolini,Bologna Football Club 1909,Serie A,ATT,Right Winger,29.3,2117,15000000,13750000,6380000,29980000,-8.3,8.1,in range,in range
163639,2025/26,Federico Ceccherini,US Cremonese,Serie A,DEF,Centre-Back,34.0,481,400000,370000,240000,1030000,-8.4,8.0,not rated,not rated
626953,2025/26,Álvaro Núñez,Elche CF,LaLiga,DEF,Right-Back,25.9,1984,4000000,3670000,1700000,7890000,-8.4,8.0,in range,in range
227110,2025/26,Jordan Torunarigha,Hamburger SV,Bundesliga,DEF,Centre-Back,28.8,1965,4000000,3660000,2120000,7660000,-8.5,7.9,in range,in range
480692,2025/26,Luis Díaz,Bayern Munich,Bundesliga,ATT,Left Winger,29.4,2451,70000000,64060000,42610000,85780000,-8.5,7.9,in range,in range
552955,2025/26,Santiago Gimenez,AC Milan,Serie A,ATT,Centre-Forward,25.1,896,18000000,16470000,5030000,25870000,-8.5,7.9,not rated,not rated
391766,2025/26,Marco Grüll,SV Werder Bremen,Bundesliga,ATT,Left Winger,27.9,2012,4000000,3660000,2310000,8820000,-8.6,7.8,in range,in range
654234,2025/26,Anton Kade,FC Augsburg,Bundesliga,MID,Attacking Midfield,22.4,1747,10000000,9150000,3750000,18450000,-8.5,7.8,in range,in range
911328,2025/26,Mohamed Kaba,FC Nantes,Ligue 1,MID,Central Midfield,24.6,1550,2500000,2290000,1170000,4920000,-8.5,7.8,in range,in range
633992,2025/26,Enzo Le Fée,Sunderland AFC,Premier League,MID,Central Midfield,26.3,2936,28000000,25590000,13900000,37190000,-8.6,7.7,in range,in range
406151,2025/26,Zé Pedro,Cagliari Calcio,Serie A,DEF,Centre-Back,29.0,1705,3000000,2740000,1410000,5910000,-8.7,7.6,in range,in range
401922,2025/26,Samuel Chukwueze,Fulham FC,Premier League,ATT,Right Winger,27.0,1099,18000000,16410000,9870000,26450000,-8.8,7.5,in range,in range
822331,2025/26,Omar El Hilali,RCD Espanyol Barcelona,LaLiga,DEF,Right-Back,22.7,2828,15000000,13680000,6820000,23680000,-8.8,7.5,in range,in range
93707,2025/26,Christian Günter,SC Freiburg,Bundesliga,DEF,Left-Back,33.2,1549,2000000,1820000,1010000,4620000,-8.9,7.4,in range,in range
249565,2025/26,Youri Tielemans,Aston Villa,Premier League,MID,Central Midfield,29.1,1863,30000000,27340000,16610000,42880000,-8.9,7.4,in range,in range
628366,2025/26,Lucas Beltrán,Valencia CF,LaLiga,ATT,Centre-Forward,25.2,1366,8000000,7290000,3300000,15600000,-8.9,7.4,in range,in range
366930,2025/26,Sergio Gómez,Real Sociedad,LaLiga,DEF,Left-Back,25.7,2706,15000000,13650000,5380000,22060000,-9.0,7.3,in range,in range
435772,2025/26,Charles De Ketelaere,Atalanta BC,Serie A,MID,Attacking Midfield,25.2,2190,30000000,27320000,8690000,43830000,-8.9,7.3,in range,in range
666547,2025/26,Zito Luvumbo,RCD Mallorca,LaLiga,ATT,Right Winger,24.2,830,3000000,2730000,1630000,7100000,-9.0,7.3,not rated,not rated
196095,2025/26,Luca Waldschmidt,1.FC Köln,Bundesliga,ATT,Centre-Forward,30.0,666,2000000,1820000,1190000,4130000,-9.0,7.2,not rated,not rated
657430,2025/26,Samú Costa,RCD Mallorca,LaLiga,MID,Defensive Midfield,25.5,2707,15000000,13640000,5940000,25050000,-9.0,7.2,in range,in range
743091,2025/26,Emirhan İlkhan,Torino FC,Serie A,MID,Central Midfield,22.0,1008,6000000,5460000,1550000,9310000,-9.0,7.2,in range,in range
743599,2025/26,Emersonn,FC Toulouse,Ligue 1,ATT,Centre-Forward,21.9,1504,8000000,7280000,4410000,14940000,-9.1,7.2,in range,in range
258919,2025/26,Dean Henderson,Crystal Palace,Premier League,GK,Goalkeeper,29.2,3330,28000000,25460000,11120000,33030000,-9.1,7.1,in range,in range
621802,2025/26,Olivier Deman,SV Werder Bremen,Bundesliga,DEF,Left-Back,26.1,1255,3500000,3170000,1420000,6680000,-9.4,6.8,in range,in range
128969,2025/26,Mathew Ryan,Levante UD,LaLiga,GK,Goalkeeper,34.2,3240,1800000,1630000,730000,2300000,-9.5,6.7,in range,in range
324278,2025/26,Christoph Baumgartner,RB Leipzig,Bundesliga,MID,Attacking Midfield,26.8,2793,40000000,36220000,22300000,53900000,-9.4,6.7,in range,in range
716276,2025/26,Yerson Mosquera,Wolverhampton Wanderers,Premier League,DEF,Centre-Back,25.1,2143,12000000,10860000,4140000,19630000,-9.5,6.7,in range,in range
353948,2025/26,Lucas Tousart,Stade Brestois 29,Ligue 1,MID,Central Midfield,29.1,827,2000000,1810000,1240000,3850000,-9.6,6.6,not rated,not rated
354482,2025/26,Amir Murillo,Olympique Marseille,Ligue 1,DEF,Right-Back,30.1,988,8000000,7230000,3200000,17120000,-9.6,6.6,in range,in range
576028,2025/26,Thiago Almada,Atlético de Madrid,LaLiga,ATT,Left Winger,25.1,1312,15000000,13560000,5040000,29110000,-9.6,6.6,in range,in range
392767,2025/26,Danny Namaso,AJ Auxerre,Ligue 1,ATT,Left Winger,25.8,2528,6000000,5420000,2760000,11650000,-9.7,6.5,in range,in range
165467,2025/26,Stole Dimitrievski,Valencia CF,LaLiga,GK,Goalkeeper,32.4,1800,2000000,1810000,720000,4220000,-9.7,6.4,in range,in range
708072,2025/26,Nicolò Savona,Nottingham Forest,Premier League,DEF,Right-Back,23.0,1026,18000000,16170000,7160000,29980000,-10.2,5.9,in range,in range
1035765,2025/26,Ilyas Ansah,1.FC Union Berlin,Bundesliga,ATT,Centre-Forward,21.5,1903,12000000,10780000,4930000,17640000,-10.2,5.9,in range,in range
177907,2025/26,Harry Maguire,Manchester United,Premier League,DEF,Centre-Back,33.2,1655,8000000,7180000,4000000,15120000,-10.3,5.7,in range,in range
358008,2025/26,Gianluca Gaetano,Cagliari Calcio,Serie A,MID,Defensive Midfield,26.1,1911,6500000,5820000,3140000,12310000,-10.4,5.6,in range,in range
506248,2025/26,Edu Expósito,RCD Espanyol Barcelona,LaLiga,MID,Central Midfield,29.8,2542,5000000,4480000,2500000,8750000,-10.5,5.5,in range,in range
412660,2025/26,Keinan Davis,Udinese Calcio,Serie A,ATT,Centre-Forward,28.3,2078,10000000,8940000,4630000,18460000,-10.6,5.4,in range,in range
479999,2025/26,Eberechi Eze,Arsenal FC,Premier League,MID,Attacking Midfield,27.9,1900,65000000,58140000,48140000,92490000,-10.6,5.4,in range,in range
492319,2025/26,Franco Israel,Torino FC,Serie A,GK,Goalkeeper,25.7,810,3800000,3400000,1210000,8750000,-10.6,5.4,not rated,not rated
591916,2025/26,Aitor Paredes,Athletic Bilbao,LaLiga,DEF,Centre-Back,26.1,1629,7500000,6700000,2510000,14830000,-10.6,5.4,in range,in range
369081,2025/26,Federico Valverde,Real Madrid,LaLiga,MID,Central Midfield,27.9,2747,90000000,80410000,28770000,115490000,-10.7,5.3,in range,in range
371149,2025/26,Evan Ndicka,Associazione Sportiva Roma,Serie A,DEF,Centre-Back,26.8,2683,35000000,31280000,15680000,51930000,-10.6,5.3,in range,in range
360518,2025/26,Teun Koopmeiners,Juventus FC,Serie A,MID,Defensive Midfield,28.2,1819,14000000,12490000,6670000,29050000,-10.8,5.2,in range,in range
85370,2025/26,Sergi Roberto,Como 1907,Serie A,MID,Central Midfield,34.3,533,1400000,1250000,850000,1880000,-10.8,5.1,not rated,not rated
339314,2025/26,Deniz Undav,VfB Stuttgart,Bundesliga,ATT,Centre-Forward,29.9,2249,22000000,19620000,13630000,39270000,-10.8,5.1,in range,in range
700106,2025/26,Brajan Gruda,RB Leipzig,Bundesliga,MID,Attacking Midfield,22.0,1471,28000000,24980000,14420000,39960000,-10.8,5.1,in range,in range
342048,2025/26,Grady Diangana,Elche CF,LaLiga,ATT,Right Winger,28.1,929,2000000,1780000,920000,4190000,-10.9,5.0,in range,in range
16306,2025/26,Casemiro,Manchester United,Premier League,MID,Defensive Midfield,34.3,2589,6000000,5340000,4430000,11650000,-11.0,4.9,in range,in range
116088,2025/26,Marius Bülter,1.FC Köln,Bundesliga,ATT,Left Winger,33.2,1591,1800000,1600000,1040000,3850000,-11.0,4.9,in range,in range
420243,2025/26,Jurriën Timber,Arsenal FC,Premier League,DEF,Right-Back,25.0,2457,70000000,62230000,44460000,93650000,-11.1,4.8,in range,in range
457673,2025/26,Gabriel Strefezza,Parma Calcio 1913,Serie A,ATT,Right Winger,29.1,1016,6500000,5770000,2020000,12500000,-11.2,4.7,in range,in range
340322,2025/26,Nathan Tella,Bayer 04 Leverkusen,Bundesliga,ATT,Right Winger,26.9,870,15000000,13310000,4770000,24090000,-11.3,4.6,not rated,not rated
277033,2025/26,David Brooks,AFC Bournemouth,Premier League,ATT,Right Winger,28.9,1199,12000000,10640000,6630000,22040000,-11.4,4.5,in range,in range
454863,2025/26,András Schäfer,1.FC Union Berlin,Bundesliga,MID,Central Midfield,27.1,1419,4500000,3990000,2470000,8800000,-11.3,4.5,in range,in range
608832,2025/26,Merlin Röhl,Everton FC,Premier League,MID,Attacking Midfield,23.9,743,16000000,14190000,5850000,21200000,-11.3,4.5,not rated,not rated
924857,2025/26,Lennon Miller,Udinese Calcio,Serie A,MID,Central Midfield,19.8,991,10000000,8860000,4770000,16870000,-11.4,4.4,in range,in range
375885,2025/26,Ibrahim Sangaré,Nottingham Forest,Premier League,MID,Defensive Midfield,28.5,2080,20000000,17700000,5860000,24650000,-11.5,4.3,in range,in range
340353,2025/26,Maduka Okoye,Udinese Calcio,Serie A,GK,Goalkeeper,26.8,2617,10000000,8840000,3850000,18170000,-11.6,4.2,in range,in range
459665,2025/26,Patrizio Masini,Genoa CFC,Serie A,MID,Central Midfield,25.3,1400,4200000,3710000,2090000,7940000,-11.5,4.2,in range,in range
432164,2025/26,Igor Jesus,Nottingham Forest,Premier League,ATT,Centre-Forward,25.3,2315,25000000,22090000,10170000,32100000,-11.6,4.1,in range,in range
580657,2025/26,Osame Sahraoui,LOSC Lille,Ligue 1,ATT,Left Winger,25.0,495,9000000,7950000,3810000,16000000,-11.7,4.1,not rated,not rated
346483,2025/26,Mason Mount,Manchester United,Premier League,MID,Attacking Midfield,27.4,1017,25000000,22060000,13440000,33130000,-11.7,4.0,in range,in range
851220,2025/26,Amine Sbaï,Angers SCO,Ligue 1,ATT,Left Winger,25.6,1834,4000000,3530000,1760000,7410000,-11.8,4.0,in range,in range
855015,2025/26,Farès Chaïbi,Eintracht Frankfurt,Bundesliga,MID,Attacking Midfield,23.5,1797,15000000,13240000,5380000,24270000,-11.7,4.0,in range,in range
569384,2025/26,Lucien Agoumé,Sevilla FC,LaLiga,MID,Defensive Midfield,24.3,2693,15000000,13220000,5230000,23830000,-11.9,3.9,in range,in range
250779,2025/26,Brendan Chardonnet,Stade Brestois 29,Ligue 1,DEF,Centre-Back,31.4,2547,4000000,3520000,1620000,5910000,-11.9,3.8,in range,in range
287920,2025/26,Tim Skarke,1.FC Union Berlin,Bundesliga,ATT,Centre-Forward,29.7,607,1500000,1320000,1170000,4060000,-12.2,3.5,not rated,not rated
810092,2025/26,Warren Zaïre-Emery,Paris Saint-Germain,Ligue 1,MID,Central Midfield,20.2,2454,80000000,70210000,34180000,84000000,-12.2,3.4,in range,in range
1011200,2025/26,Junior Mwanga,FC Nantes,Ligue 1,MID,Defensive Midfield,23.1,1642,6000000,5260000,1810000,8970000,-12.3,3.4,in range,in range
265088,2025/26,Manuel Locatelli,Juventus FC,Serie A,MID,Defensive Midfield,28.4,3005,25000000,21920000,10190000,39910000,-12.3,3.3,in range,in range
279823,2025/26,Stefano Moreo,Pisa Sporting Club,Serie A,ATT,Centre-Forward,32.9,2316,1200000,1050000,620000,2370000,-12.3,3.3,in range,in range
255942,2025/26,Nicolò Barella,Inter Milan,Serie A,MID,Central Midfield,29.3,2533,50000000,43800000,22340000,64150000,-12.4,3.2,in range,in range
293385,2025/26,Dani Olmo,FC Barcelona,LaLiga,MID,Attacking Midfield,28.1,2077,60000000,52550000,28660000,90550000,-12.4,3.2,in range,in range
348601,2025/26,Mehdi Léris,Pisa Sporting Club,Serie A,ATT,Right Winger,28.0,1907,1800000,1580000,1150000,4580000,-12.5,3.1,in range,in range
355628,2025/26,Igor Zubeldia,Real Sociedad,LaLiga,DEF,Centre-Back,29.2,2082,6000000,5250000,2530000,10400000,-12.5,3.1,in range,in range
748382,2025/26,Amin Sarr,Hellas Verona,Serie A,ATT,Centre-Forward,25.2,1086,2400000,2100000,1790000,5570000,-12.5,3.1,in range,in range
354726,2025/26,Florian Sotoca,RC Lens,Ligue 1,ATT,Centre-Forward,35.6,494,1200000,1050000,670000,2830000,-12.6,3.0,not rated,not rated
804711,2025/26,Ousmane Camara,Angers SCO,Ligue 1,DEF,Centre-Back,23.2,2719,8000000,6990000,3540000,12370000,-12.6,3.0,in range,in range
242606,2025/26,Josh Cullen,Burnley FC,Premier League,MID,Central Midfield,29.9,1520,6000000,5240000,1810000,9820000,-12.6,2.9,in range,in range
461607,2025/26,Estéban Lepaul,Stade Rennais FC,Ligue 1,ATT,Centre-Forward,26.1,2705,35000000,30560000,18840000,44160000,-12.7,2.9,in range,in range
513031,2025/26,Antonio Sánchez,RCD Mallorca,LaLiga,MID,Central Midfield,29.1,1061,2000000,1750000,1290000,3860000,-12.7,2.9,in range,in range
517842,2025/26,Aihen Muñoz,Real Sociedad,LaLiga,DEF,Left-Back,28.8,843,2500000,2180000,1210000,4010000,-12.8,2.8,not rated,not rated
952282,2025/26,Afonso Moreira,Olympique Lyon,Ligue 1,ATT,Left Winger,21.2,1719,20000000,17440000,9150000,32460000,-12.8,2.8,in range,in range
338670,2025/26,Mile Svilar,Associazione Sportiva Roma,Serie A,GK,Goalkeeper,26.8,3420,35000000,30490000,14570000,51540000,-12.9,2.7,in range,in range
340456,2025/26,Noussair Mazraoui,Manchester United,Premier League,DEF,Right-Back,28.6,984,18000000,15690000,10500000,26210000,-12.8,2.7,in range,in range
460939,2025/26,Tijjani Reijnders,Manchester City,Premier League,MID,Central Midfield,27.8,1636,50000000,43570000,31650000,71750000,-12.9,2.7,in range,in range
585982,2025/26,Carlos Augusto,Inter Milan,Serie A,DEF,Left-Back,27.4,1753,23000000,20050000,13770000,46400000,-12.8,2.7,in range,in range
743591,2025/26,Savinho,Manchester City,Premier League,ATT,Left Winger,22.1,821,35000000,30510000,22010000,44160000,-12.8,2.7,not rated,not rated
923831,2025/26,Leny Yoro,Manchester United,Premier League,DEF,Centre-Back,20.6,1739,50000000,43560000,27010000,51890000,-12.9,2.7,in range,in range
173504,2025/26,James Tarkowski,Everton FC,Premier League,DEF,Centre-Back,33.5,3330,5000000,4350000,1880000,7000000,-13.0,2.6,in range,in range
429915,2025/26,Maxim De Cuyper,Brighton & Hove Albion,Premier League,DEF,Left-Back,25.4,1414,22000000,19150000,14630000,33270000,-13.0,2.6,in range,in range
274862,2025/26,Moses Simon,Paris FC,Ligue 1,ATT,Left Winger,30.9,2021,7000000,6090000,2580000,8750000,-13.0,2.5,in range,in range
350219,2025/26,Fabián Ruiz,Paris Saint-Germain,Ligue 1,MID,Central Midfield,30.2,1129,30000000,26080000,6430000,34200000,-13.1,2.5,in range,in range
372246,2025/26,Carlos Soler,Real Sociedad,LaLiga,MID,Central Midfield,29.4,2326,7000000,6090000,2930000,11200000,-13.0,2.5,in range,in range
654991,2025/26,Samuel Mbangula,SV Werder Bremen,Bundesliga,ATT,Left Winger,22.4,1169,8000000,6960000,3260000,13360000,-13.0,2.5,in range,in range
221316,2025/26,Lucas Vázquez,Bayer 04 Leverkusen,Bundesliga,DEF,Right-Back,34.9,479,1500000,1300000,780000,2560000,-13.2,2.4,not rated,not rated
197838,2025/26,Jamie Vardy,US Cremonese,Serie A,ATT,Centre-Forward,39.4,2108,1000000,870000,690000,1620000,-13.2,2.3,in range,in range
488626,2025/26,Jesús Areso,Athletic Bilbao,LaLiga,DEF,Right-Back,26.9,1504,5000000,4340000,2200000,9450000,-13.2,2.3,in range,in range
186233,2025/26,Giorgi Kvilitaia,FC Metz,Ligue 1,ATT,Centre-Forward,32.7,495,900000,780000,340000,1530000,-13.3,2.2,not rated,not rated
466810,2025/26,Ansu Fati,AS Monaco,Ligue 1,ATT,Left Winger,23.6,1085,15000000,13000000,4870000,22330000,-13.3,2.2,in range,in range
494237,2025/26,Wilson Isidor,Sunderland AFC,Premier League,ATT,Centre-Forward,25.8,1159,18000000,15610000,11620000,28920000,-13.3,2.2,in range,in range
557057,2025/26,Roger Brugué,Levante UD,LaLiga,ATT,Left Winger,29.6,1007,2000000,1740000,750000,3370000,-13.2,2.2,in range,in range
465967,2025/26,Ander Guevara,Deportivo Alavés,LaLiga,MID,Central Midfield,28.9,635,2500000,2170000,1780000,5520000,-13.4,2.1,not rated,not rated
487474,2025/26,Francisco Conceição,Juventus FC,Serie A,ATT,Right Winger,23.5,2098,30000000,26000000,12270000,38170000,-13.3,2.1,in range,in range
985383,2025/26,Valentín Gómez,Real Betis Balompié,LaLiga,DEF,Centre-Back,22.9,1875,12000000,10390000,5980000,26140000,-13.4,2.1,in range,in range
326416,2025/26,Dani Calvo,Real Oviedo,LaLiga,DEF,Centre-Back,32.2,1609,900000,780000,450000,1730000,-13.4,2.0,in range,in range
470607,2025/26,Brennan Johnson,Crystal Palace,Premier League,ATT,Right Winger,25.0,1723,30000000,25970000,13490000,40510000,-13.4,2.0,in range,in range
262939,2025/26,Johan Mojica,RCD Mallorca,LaLiga,DEF,Left-Back,33.8,2726,1500000,1300000,840000,2890000,-13.5,1.9,in range,in range
287579,2025/26,Sofyan Amrabat,Real Betis Balompié,LaLiga,MID,Defensive Midfield,29.8,1296,10000000,8650000,3190000,17480000,-13.5,1.9,in range,in range
283735,2025/26,Mattia Zaccagni,Società Sportiva Lazio S.p.A.,Serie A,ATT,Left Winger,31.0,2114,7500000,6480000,3070000,13600000,-13.7,1.8,in range,in range
517894,2025/26,Matheus Cunha,Manchester United,Premier League,ATT,Centre-Forward,27.0,2503,75000000,64730000,42000000,95200000,-13.7,1.7,in range,in range
704155,2025/26,Andréas Hountondji,FC St. Pauli,Bundesliga,ATT,Centre-Forward,23.9,1075,3000000,2590000,1500000,7620000,-13.7,1.7,in range,in range
325223,2025/26,Mama Baldé,Stade Brestois 29,Ligue 1,ATT,Centre-Forward,30.6,712,3000000,2580000,1180000,4790000,-13.8,1.5,not rated,not rated
346853,2025/26,Romano Schmid,SV Werder Bremen,Bundesliga,MID,Attacking Midfield,26.3,2993,15000000,12900000,5660000,21470000,-14.0,1.4,in range,in range
391065,2025/26,Hamed Traoré,Olympique Marseille,Ligue 1,ATT,Left Winger,26.3,636,15000000,12910000,5060000,23290000,-13.9,1.4,not rated,not rated
410225,2025/26,Ismaïla Sarr,Crystal Palace,Premier League,ATT,Right Winger,28.3,2177,40000000,34330000,14640000,39820000,-14.2,1.2,in range,overvalued
99353,2025/26,Portu,Girona FC,LaLiga,ATT,Right Winger,33.6,473,1500000,1290000,520000,2110000,-14.3,1.0,not rated,not rated
157507,2025/26,Adrien Tamèze,Torino FC,Serie A,MID,Defensive Midfield,32.3,1117,1200000,1030000,630000,2120000,-14.3,1.0,in range,in range
159088,2025/26,Robert Andrich,Bayer 04 Leverkusen,Bundesliga,MID,Defensive Midfield,31.7,2547,6000000,5140000,3120000,11170000,-14.4,0.9,in range,in range
261504,2025/26,Aleix García,Bayer 04 Leverkusen,Bundesliga,MID,Central Midfield,28.9,2676,20000000,17120000,8600000,27180000,-14.4,0.9,in range,in range
239802,2025/26,Adam Marusic,Società Sportiva Lazio S.p.A.,Serie A,DEF,Right-Back,33.6,2783,2500000,2140000,1170000,4180000,-14.5,0.8,in range,in range
245537,2025/26,Nabil Bentaleb,LOSC Lille,Ligue 1,MID,Defensive Midfield,31.5,1278,4500000,3850000,1780000,9450000,-14.5,0.8,in range,in range
207877,2025/26,Ruslan Malinovskyi,Genoa CFC,Serie A,MID,Central Midfield,33.1,2251,2500000,2140000,1050000,3760000,-14.5,0.7,in range,in range
357992,2025/26,Raoul Bellanova,Atalanta BC,Serie A,MID,Right Midfield,26.0,1373,15000000,12810000,4180000,21080000,-14.6,0.7,in range,in range
667457,2025/26,Leon Avdullahu,TSG 1899 Hoffenheim,Bundesliga,MID,Defensive Midfield,22.3,2838,30000000,25600000,10160000,39320000,-14.7,0.6,in range,in range
142021,2025/26,Sergi Darder,RCD Mallorca,LaLiga,MID,Central Midfield,32.5,2689,3000000,2560000,1490000,6230000,-14.8,0.5,in range,in range
845654,2025/26,Kenan Yıldız,Juventus FC,Serie A,ATT,Left Winger,21.1,2844,75000000,63980000,38810000,79390000,-14.7,0.5,in range,in range
106405,2025/26,Jeffrey Gouweleeuw,FC Augsburg,Bundesliga,DEF,Centre-Back,34.9,851,1000000,850000,480000,1660000,-14.8,0.4,not rated,not rated
724520,2025/26,Abde Ezzalzouli,Real Betis Balompié,LaLiga,ATT,Left Winger,24.5,2255,40000000,34070000,15570000,55670000,-14.8,0.4,in range,in range
223967,2025/26,Konrad Laimer,Bayern Munich,Bundesliga,DEF,Right-Back,29.0,1997,32000000,27230000,18430000,48830000,-14.9,0.3,in range,in range
341263,2025/26,Adrián Dela,Levante UD,LaLiga,DEF,Centre-Back,27.3,2710,4000000,3400000,1970000,7600000,-14.9,0.3,in range,in range
249994,2025/26,José Sá,Wolverhampton Wanderers,Premier League,GK,Goalkeeper,33.4,2070,3500000,2980000,1290000,5330000,-15.0,0.2,in range,in range
545647,2025/26,Sergio Carreira,Celta de Vigo,LaLiga,DEF,Right-Back,25.6,2693,12000000,10200000,4860000,23220000,-15.0,0.2,in range,in range
1078163,2025/26,Ayden Heaven,Manchester United,Premier League,DEF,Centre-Back,19.7,923,30000000,25500000,14480000,34570000,-15.0,0.2,in range,in range
777005,2025/26,Mert Kömür,FC Augsburg,Bundesliga,MID,Attacking Midfield,20.9,1463,12000000,10190000,5160000,16710000,-15.0,0.1,in range,in range
61812,2025/26,Yuri Berchiche,Athletic Bilbao,LaLiga,DEF,Left-Back,36.3,2709,1000000,850000,480000,1990000,-15.1,0.0,in range,in range
221322,2025/26,José Gayà,Valencia CF,LaLiga,DEF,Left-Back,31.0,2462,4000000,3390000,1870000,6750000,-15.2,-0.0,in range,in range
340166,2025/26,Alessio Castro-Montes,1.FC Köln,Bundesliga,MID,Right Midfield,29.0,670,2500000,2120000,1280000,7260000,-15.2,-0.0,not rated,not rated
404950,2025/26,Nicolas Seiwald,RB Leipzig,Bundesliga,MID,Defensive Midfield,25.1,2704,25000000,21200000,14060000,39850000,-15.2,-0.0,in range,in range
807165,2025/26,Bamo Meïté,FC Lorient,Ligue 1,DEF,Centre-Back,24.5,1980,7000000,5940000,2680000,12370000,-15.2,-0.0,in range,in range
341278,2025/26,Iván Martín,Girona FC,LaLiga,MID,Central Midfield,27.3,2540,5000000,4230000,2550000,9430000,-15.4,-0.3,in range,in range
392710,2025/26,Lennard Maloney,1.FSV Mainz 05,Bundesliga,MID,Defensive Midfield,26.6,472,2500000,2110000,1090000,4060000,-15.5,-0.4,not rated,not rated
580451,2025/26,Martin Baturina,Como 1907,Serie A,MID,Attacking Midfield,23.3,1569,30000000,25350000,9240000,31940000,-15.5,-0.4,in range,in range
724129,2025/26,Matias Fernandez-Pardo,LOSC Lille,Ligue 1,ATT,Centre-Forward,21.3,2382,35000000,29580000,15860000,45780000,-15.5,-0.4,in range,in range
1107733,2025/26,Harrison Armstrong,Everton FC,Premier League,MID,Central Midfield,19.4,528,12000000,10140000,3190000,17380000,-15.5,-0.4,not rated,not rated
16136,2025/26,Dante,OGC Nice,Ligue 1,DEF,Centre-Back,42.6,852,500000,420000,260000,800000,-15.6,-0.5,not rated,not rated
332889,2025/26,Valentin Rongier,Stade Rennais FC,Ligue 1,MID,Central Midfield,31.5,2745,8000000,6760000,3140000,11470000,-15.5,-0.5,in range,in range
342877,2025/26,Enzo Ebosse,Torino FC,Serie A,DEF,Centre-Back,27.2,1332,2800000,2360000,1050000,5500000,-15.6,-0.5,in range,in range
480267,2025/26,Ronald Araujo,FC Barcelona,LaLiga,DEF,Centre-Back,27.2,1061,20000000,16890000,7950000,32730000,-15.5,-0.5,in range,in range
792331,2025/26,Roony Bardghji,FC Barcelona,LaLiga,ATT,Right Winger,20.6,640,15000000,12660000,4860000,29090000,-15.6,-0.5,not rated,not rated
405385,2025/26,Yukinari Sugawara,SV Werder Bremen,Bundesliga,DEF,Right-Back,25.9,2434,5500000,4640000,2670000,10550000,-15.7,-0.7,in range,in range
387047,2025/26,Danilho Doekhi,1.FC Union Berlin,Bundesliga,DEF,Centre-Back,27.9,3060,13000000,10940000,4620000,20560000,-15.8,-0.8,in range,in range
234803,2025/26,Andrew Robertson,Liverpool FC,Premier League,DEF,Left-Back,32.2,1172,7000000,5890000,2960000,11420000,-15.9,-0.9,in range,in range
730484,2025/26,Aaron Zehnter,VfL Wolfsburg,Bundesliga,DEF,Left-Back,21.6,1461,5000000,4200000,1570000,8680000,-15.9,-0.9,in range,in range
766583,2025/26,Kike Salas,Sevilla FC,LaLiga,DEF,Centre-Back,24.1,2203,14000000,11770000,4220000,21470000,-15.9,-0.9,in range,in range
306024,2025/26,Dominic Calvert-Lewin,Leeds United,Premier League,ATT,Centre-Forward,29.2,2730,22000000,18490000,12080000,33380000,-16.0,-1.0,in range,in range
392770,2025/26,Angel Gomes,Olympique Marseille,Ligue 1,MID,Attacking Midfield,25.8,1357,10000000,8400000,4140000,16680000,-16.0,-1.0,in range,in range
397171,2025/26,Gideon Mensah,AJ Auxerre,Ligue 1,DEF,Left-Back,27.9,2334,4000000,3360000,2380000,7520000,-16.0,-1.0,in range,in range
280575,2025/26,Elvis Rexhbecaj,FC Augsburg,Bundesliga,MID,Central Midfield,28.6,1109,3500000,2940000,2170000,7950000,-16.1,-1.1,in range,in range
429014,2025/26,Morgan Gibbs-White,Nottingham Forest,Premier League,MID,Attacking Midfield,26.3,3113,70000000,58770000,29230000,62900000,-16.0,-1.1,in range,overvalued
326330,2025/26,Frenkie de Jong,FC Barcelona,LaLiga,MID,Central Midfield,29.1,1631,35000000,29350000,10260000,46990000,-16.2,-1.2,in range,in range
413843,2025/26,Keven Schlotterbeck,FC Augsburg,Bundesliga,DEF,Centre-Back,29.1,2031,6000000,5030000,2210000,10820000,-16.2,-1.2,in range,in range
576314,2025/26,Jan Paul van Hecke,Brighton & Hove Albion,Premier League,DEF,Centre-Back,26.0,3211,45000000,37720000,20860000,49960000,-16.2,-1.2,in range,in range
239743,2025/26,Przemyslaw Frankowski,Stade Rennais FC,Ligue 1,DEF,Right-Back,31.1,1217,6000000,5030000,2100000,11990000,-16.2,-1.3,in range,in range
406625,2025/26,Lautaro Martínez,Inter Milan,Serie A,ATT,Centre-Forward,28.8,2178,85000000,71190000,36520000,73570000,-16.2,-1.3,in range,overvalued
190284,2025/26,Maximilian Eggestein,SC Freiburg,Bundesliga,MID,Central Midfield,29.5,3060,10000000,8360000,4570000,21480000,-16.4,-1.4,in range,in range
217144,2025/26,Aleix Febas,Elche CF,LaLiga,MID,Central Midfield,30.3,3166,5000000,4190000,2010000,7720000,-16.3,-1.4,in range,in range
459151,2025/26,Nicolò Cambiaghi,Bologna Football Club 1909,Serie A,ATT,Left Winger,25.4,1521,14000000,11710000,3990000,22090000,-16.4,-1.4,in range,in range
711969,2025/26,Lorenz Assignon,VfB Stuttgart,Bundesliga,DEF,Right-Back,25.9,1093,9000000,7530000,4370000,23290000,-16.3,-1.4,in range,in range
1012534,2025/26,Yankuba Minteh,Brighton & Hove Albion,Premier League,ATT,Right Winger,21.9,2401,45000000,37670000,24210000,49250000,-16.3,-1.4,in range,in range
1144700,2025/26,Matías Moreno,Levante UD,LaLiga,DEF,Centre-Back,22.7,2256,6000000,5020000,2230000,11820000,-16.4,-1.4,in range,in range
290862,2025/26,Maxime Lopez,Paris FC,Ligue 1,MID,Defensive Midfield,28.5,1960,5000000,4180000,1670000,7940000,-16.4,-1.5,in range,in range
484547,2025/26,Jeremie Frimpong,Liverpool FC,Premier League,DEF,Right-Back,25.5,1040,35000000,29260000,14260000,39610000,-16.4,-1.5,in range,in range
541555,2025/26,Enzo Boyomo,CA Osasuna,LaLiga,DEF,Centre-Back,24.7,2545,15000000,12520000,4790000,21740000,-16.5,-1.6,in range,in range
914934,2025/26,Henrik Meister,Pisa Sporting Club,Serie A,ATT,Centre-Forward,22.5,1514,3800000,3170000,2130000,7730000,-16.5,-1.6,in range,in range
411537,2025/26,Zian Flemming,Burnley FC,Premier League,ATT,Centre-Forward,27.8,1776,12000000,10010000,4940000,20210000,-16.6,-1.7,in range,in range
907813,2025/26,Pablo Marín,Real Sociedad,LaLiga,MID,Attacking Midfield,22.9,1494,7000000,5840000,3260000,13260000,-16.6,-1.7,in range,in range
211474,2025/26,Ali Abdi,OGC Nice,Ligue 1,DEF,Left-Back,32.4,1165,2000000,1670000,860000,2390000,-16.7,-1.8,in range,in range
315779,2025/26,Christian Pulisic,AC Milan,Serie A,ATT,Right Winger,27.7,1612,40000000,33330000,15270000,46700000,-16.7,-1.8,in range,in range
705813,2025/26,Rubén Sánchez,RCD Espanyol Barcelona,LaLiga,DEF,Right-Back,25.3,805,1800000,1500000,850000,4170000,-16.7,-1.8,not rated,not rated
776890,2025/26,Nicolas Jackson,Bayern Munich,Bundesliga,ATT,Centre-Forward,24.9,1004,40000000,33300000,18050000,59520000,-16.8,-1.9,in range,in range
111196,2025/26,Stefan de Vrij,Inter Milan,Serie A,DEF,Centre-Back,34.3,671,3000000,2490000,1320000,4740000,-16.9,-2.0,not rated,not rated
124555,2025/26,Cristiano Biraghi,Torino FC,Serie A,DEF,Left-Back,33.7,511,900000,750000,470000,1560000,-16.8,-2.0,not rated,not rated
292808,2025/26,Wout Faes,AS Monaco,Ligue 1,DEF,Centre-Back,28.2,1141,10000000,8300000,3100000,17280000,-17.0,-2.1,in range,in range
711976,2025/26,Andy Diouf,Inter Milan,Serie A,MID,Central Midfield,23.0,569,20000000,16610000,8050000,31180000,-17.0,-2.1,not rated,not rated
463605,2025/26,Bafodé Diakité,AFC Bournemouth,Premier League,DEF,Centre-Back,25.2,1275,30000000,24910000,11500000,39190000,-17.0,-2.2,in range,in range
922563,2025/26,Oliver Scarles,West Ham United,Premier League,DEF,Left-Back,20.5,660,10000000,8300000,3740000,19110000,-17.0,-2.2,not rated,not rated
655006,2025/26,Diego Moreira,RC Strasbourg Alsace,Ligue 1,MID,Left Midfield,21.8,2045,25000000,20700000,11250000,38470000,-17.2,-2.4,in range,in range
735568,2025/26,Natan,Real Betis Balompié,LaLiga,DEF,Centre-Back,25.3,2810,25000000,20680000,9570000,37460000,-17.3,-2.5,in range,in range
1176345,2025/26,Mahamadou Nagida,Stade Rennais FC,Ligue 1,DEF,Left-Back,20.9,798,7000000,5790000,3190000,11290000,-17.3,-2.5,not rated,not rated
283227,2025/26,Rasmus Nicolaisen,FC Toulouse,Ligue 1,DEF,Centre-Back,29.2,2568,5000000,4130000,2540000,9360000,-17.4,-2.6,in range,in range
303254,2025/26,Fikayo Tomori,AC Milan,Serie A,DEF,Centre-Back,28.4,2563,17000000,14050000,7980000,26400000,-17.3,-2.6,in range,in range
744728,2025/26,Arijon Ibrahimovic,1. Fußballclub Heidenheim 1846,Bundesliga,MID,Attacking Midfield,20.5,2181,10000000,8260000,3600000,14870000,-17.4,-2.6,in range,in range
931160,2025/26,Djaoui Cissé,Stade Rennais FC,Ligue 1,MID,Central Midfield,22.3,982,10000000,8270000,3820000,15520000,-17.3,-2.6,in range,in range
1187942,2025/26,Khalis Merah,Olympique Lyon,Ligue 1,MID,Central Midfield,19.3,1139,15000000,12400000,3510000,25060000,-17.3,-2.6,in range,in range
258889,2025/26,Dominic Solanke,Tottenham Hotspur,Premier League,ATT,Centre-Forward,28.7,1001,28000000,23100000,7130000,31210000,-17.5,-2.8,in range,in range
532826,2025/26,Mason Greenwood,Olympique Marseille,Ligue 1,ATT,Right Winger,24.7,2471,55000000,45370000,24920000,68780000,-17.5,-2.8,in range,in range
319859,2025/26,Mathias Jensen,Brentford FC,Premier League,MID,Central Midfield,30.4,2252,10000000,8240000,5220000,15170000,-17.6,-2.9,in range,in range
362108,2025/26,Gabriel Gudmundsson,Leeds United,Premier League,DEF,Left-Back,27.1,2639,20000000,16480000,10030000,25560000,-17.6,-2.9,in range,in range
625651,2025/26,Urko González de Zárate,RCD Espanyol Barcelona,LaLiga,MID,Defensive Midfield,25.2,2631,12000000,9880000,3910000,15960000,-17.6,-2.9,in range,in range
129674,2025/26,Jeremy Toljan,Levante UD,LaLiga,DEF,Right-Back,31.8,3173,2000000,1650000,1010000,2970000,-17.7,-3.0,in range,in range
316934,2025/26,Nikola Moro,Bologna Football Club 1909,Serie A,MID,Defensive Midfield,28.2,1798,7000000,5760000,3110000,15400000,-17.7,-3.0,in range,in range
286384,2025/26,Eric Bailly,Real Oviedo,LaLiga,DEF,Centre-Back,32.1,1236,1200000,990000,490000,1940000,-17.8,-3.1,in range,in range
522223,2025/26,Connor Metcalfe,FC St. Pauli,Bundesliga,MID,Central Midfield,26.6,576,1500000,1230000,870000,2760000,-17.8,-3.1,not rated,not rated
768380,2025/26,Arouna Sangante,Le Havre AC,Ligue 1,DEF,Centre-Back,24.1,2335,8000000,6580000,3020000,12820000,-17.8,-3.1,in range,in range
339332,2025/26,Noa Lang,SSC Napoli,Serie A,ATT,Left Winger,26.9,661,22000000,18070000,7210000,30710000,-17.9,-3.2,not rated,not rated
384593,2025/26,Alexis Claude-Maurice,FC Augsburg,Bundesliga,MID,Attacking Midfield,28.0,2108,15000000,12290000,5140000,20050000,-18.1,-3.4,in range,in range
212723,2025/26,Djibril Sow,Sevilla FC,LaLiga,MID,Central Midfield,29.3,2195,7500000,6130000,3330000,11910000,-18.2,-3.6,in range,in range
798114,2025/26,Calebe,Deportivo Alavés,LaLiga,MID,Attacking Midfield,26.1,753,1800000,1470000,820000,4010000,-18.2,-3.6,not rated,not rated
308279,2025/26,Rolando Mandragora,ACF Fiorentina,Serie A,MID,Defensive Midfield,28.9,2438,9000000,7360000,4350000,15060000,-18.3,-3.7,in range,in range
435338,2025/26,Gabriel,Arsenal FC,Premier League,DEF,Centre-Back,28.5,2751,75000000,61270000,37290000,86920000,-18.3,-3.7,in range,in range
248454,2025/26,Nikola Vasilj,FC St. Pauli,Bundesliga,GK,Goalkeeper,30.5,3060,4500000,3670000,1890000,6440000,-18.4,-3.8,in range,in range
595809,2025/26,Beto,Everton FC,Premier League,ATT,Centre-Forward,28.3,1565,18000000,14700000,10950000,28060000,-18.4,-3.8,in range,in range
620164,2025/26,Haissem Hassan,Real Oviedo,LaLiga,ATT,Right Winger,24.3,1943,3500000,2860000,1510000,6550000,-18.4,-3.8,in range,in range
574671,2025/26,Strahinja Pavlović,AC Milan,Serie A,DEF,Centre-Back,25.0,2870,40000000,32600000,16150000,47760000,-18.5,-4.0,in range,in range
111195,2025/26,Joël Veltman,Brighton & Hove Albion,Premier League,DEF,Right-Back,34.4,1050,1500000,1220000,980000,2560000,-18.7,-4.2,in range,in range
228948,2025/26,Thilo Kehrer,AS Monaco,Ligue 1,DEF,Centre-Back,29.7,2358,12000000,9750000,4800000,21040000,-18.7,-4.2,in range,in range
263236,2025/26,Kevin Danso,Tottenham Hotspur,Premier League,DEF,Centre-Back,27.7,1491,20000000,16250000,6390000,26110000,-18.8,-4.2,in range,in range
532937,2025/26,Johan Vásquez,Genoa CFC,Serie A,DEF,Centre-Back,27.6,3217,12000000,9750000,3970000,17900000,-18.7,-4.2,in range,in range
652061,2025/26,Adam Karabec,Olympique Lyon,Ligue 1,MID,Attacking Midfield,22.9,925,7000000,5690000,2260000,15670000,-18.7,-4.2,in range,in range
318204,2025/26,David Raum,RB Leipzig,Bundesliga,DEF,Left-Back,28.1,2556,25000000,20300000,11950000,39240000,-18.8,-4.3,in range,in range
338070,2025/26,Konstantinos Tsimikas,Associazione Sportiva Roma,Serie A,DEF,Left-Back,30.0,638,4500000,3650000,2080000,8210000,-18.8,-4.3,not rated,not rated
349599,2025/26,Pervis Estupiñán,AC Milan,Serie A,DEF,Left-Back,28.4,1036,12000000,9730000,3700000,21890000,-18.9,-4.4,in range,in range
623024,2025/26,Jesús Vázquez,Valencia CF,LaLiga,DEF,Left-Back,23.4,961,4000000,3240000,1620000,7220000,-18.9,-4.4,in range,in range
683625,2025/26,Jacen Russell-Rowe,FC Toulouse,Ligue 1,ATT,Centre-Forward,23.7,469,3000000,2430000,800000,5480000,-18.9,-4.4,not rated,not rated
926978,2025/26,Lucas Høgsberg,RC Strasbourg Alsace,Ligue 1,DEF,Centre-Back,19.9,1798,18000000,14590000,5640000,26940000,-18.9,-4.5,in range,in range
160986,2025/26,Matteo Bianchetti,US Cremonese,Serie A,DEF,Centre-Back,33.2,2197,800000,650000,460000,1630000,-19.2,-4.7,in range,in range
229804,2025/26,Aritz Elustondo,Real Sociedad,LaLiga,DEF,Centre-Back,32.2,718,1500000,1210000,650000,2310000,-19.2,-4.7,not rated,not rated
375382,2025/26,André Almeida,Valencia CF,LaLiga,MID,Attacking Midfield,26.0,1016,6000000,4850000,1980000,10630000,-19.1,-4.7,in range,in range
596122,2025/26,Pep Chavarría,Rayo Vallecano,LaLiga,DEF,Left-Back,28.2,2681,10000000,8090000,4070000,18040000,-19.1,-4.7,in range,in range
597432,2025/26,Leopold Querfeld,1.FC Union Berlin,Bundesliga,DEF,Centre-Back,22.4,2704,20000000,16150000,7850000,27770000,-19.3,-4.8,in range,in range
711337,2025/26,Evanilson,AFC Bournemouth,Premier League,ATT,Centre-Forward,26.7,2762,35000000,28280000,21140000,50600000,-19.2,-4.8,in range,in range
550550,2025/26,Gonçalo Ramos,Paris Saint-Germain,Ligue 1,ATT,Centre-Forward,24.9,1309,30000000,24200000,12240000,43950000,-19.3,-4.9,in range,in range
60561,2025/26,Anthony Lopes,FC Nantes,Ligue 1,GK,Goalkeeper,35.7,2789,900000,730000,330000,1210000,-19.4,-5.0,in range,in range
448632,2025/26,Yehvann Diouf,OGC Nice,Ligue 1,GK,Goalkeeper,26.5,2340,7000000,5640000,2560000,11200000,-19.4,-5.0,in range,in range
539795,2025/26,Bryan Okoh,AJ Auxerre,Ligue 1,DEF,Centre-Back,23.0,1006,4000000,3220000,970000,6620000,-19.5,-5.2,in range,in range
890721,2025/26,Myles Lewis-Skelly,Arsenal FC,Premier League,DEF,Left-Back,19.7,698,45000000,36190000,21060000,32850000,-19.6,-5.2,not rated,not rated
1301775,2025/26,Jan Virgili,RCD Mallorca,LaLiga,ATT,Left Winger,19.9,1796,15000000,12070000,3600000,19280000,-19.6,-5.2,in range,in range
676042,2025/26,Juanlu Sánchez,Sevilla FC,LaLiga,DEF,Right-Back,22.8,1994,10000000,8040000,4010000,15330000,-19.6,-5.3,in range,in range
524290,2025/26,Fisnik Asllani,TSG 1899 Hoffenheim,Bundesliga,ATT,Centre-Forward,23.8,2358,35000000,28090000,12810000,47730000,-19.7,-5.4,in range,in range
353892,2025/26,Hiroki Ito,Bayern Munich,Bundesliga,DEF,Centre-Back,27.0,921,18000000,14430000,6010000,29650000,-19.8,-5.5,in range,in range
435648,2025/26,Joshua Zirkzee,Manchester United,Premier League,ATT,Centre-Forward,25.0,609,20000000,16040000,14400000,27690000,-19.8,-5.5,not rated,not rated
503866,2025/26,Albert Grønbaek,Hamburger SV,Bundesliga,MID,Attacking Midfield,25.0,596,5000000,4000000,1530000,8940000,-19.9,-5.6,not rated,not rated
764859,2025/26,Williot Swedberg,Celta de Vigo,LaLiga,ATT,Left Winger,22.3,1268,20000000,16020000,5930000,23130000,-19.9,-5.6,in range,in range
1020191,2025/26,Ismaëlo Ganiou,RC Lens,Ligue 1,DEF,Centre-Back,21.2,2014,20000000,16020000,8880000,32010000,-19.9,-5.6,in range,in range
655488,2025/26,Gabriel Martinelli,Arsenal FC,Premier League,ATT,Left Winger,25.0,1073,45000000,35960000,30700000,52690000,-20.1,-5.8,in range,in range
161056,2025/26,Joshua Kimmich,Bayern Munich,Bundesliga,MID,Defensive Midfield,31.3,2282,35000000,27940000,12020000,47630000,-20.2,-5.9,in range,in range
631821,2025/26,Vladyslav Vanat,Girona FC,LaLiga,ATT,Centre-Forward,24.4,1960,15000000,11970000,4760000,19280000,-20.2,-5.9,in range,in range
861410,2025/26,Arda Güler,Real Madrid,LaLiga,MID,Attacking Midfield,21.3,2027,90000000,71870000,28330000,101800000,-20.1,-5.9,in range,in range
344596,2025/26,Malang Sarr,RC Lens,Ligue 1,DEF,Centre-Back,27.4,2925,20000000,15930000,9170000,29200000,-20.3,-6.1,in range,in range
106872,2025/26,Kevin Stöger,Borussia Mönchengladbach,Bundesliga,MID,Attacking Midfield,32.7,1324,1800000,1430000,930000,3120000,-20.4,-6.2,in range,in range
1075147,2025/26,Lennart Karl,Bayern Munich,Bundesliga,MID,Attacking Midfield,18.3,1282,60000000,47770000,21050000,59990000,-20.4,-6.2,in range,overvalued
258004,2025/26,Rúben Dias,Manchester City,Premier League,DEF,Centre-Back,29.1,2140,55000000,43730000,24470000,59040000,-20.5,-6.3,in range,in range
455181,2025/26,Jorge de Frutos,Rayo Vallecano,LaLiga,ATT,Right Winger,29.3,2485,12000000,9540000,4650000,23520000,-20.5,-6.3,in range,in range
711980,2025/26,Guéla Doué,RC Strasbourg Alsace,Ligue 1,DEF,Right-Back,23.6,2064,20000000,15910000,7030000,28640000,-20.5,-6.3,in range,in range
1058514,2025/26,Montrell Culbreath,Bayer 04 Leverkusen,Bundesliga,ATT,Right Winger,18.7,740,15000000,11920000,2560000,19020000,-20.5,-6.3,not rated,not rated
435228,2025/26,Ardian Ismajli,Torino FC,Serie A,DEF,Centre-Back,29.7,1907,5000000,3970000,2080000,8460000,-20.6,-6.4,in range,in range
503871,2025/26,Morten Frendrup,Genoa CFC,Serie A,MID,Defensive Midfield,25.1,3089,15000000,11920000,5310000,21240000,-20.6,-6.4,in range,in range
810411,2025/26,Pablo Pagis,FC Lorient,Ligue 1,ATT,Left Winger,23.4,1772,15000000,11910000,4650000,18990000,-20.6,-6.4,in range,in range
278332,2025/26,Florian Neuhaus,Borussia Mönchengladbach,Bundesliga,MID,Central Midfield,29.2,935,2500000,1980000,940000,4480000,-20.6,-6.5,in range,in range
349701,2025/26,Antonee Robinson,Fulham FC,Premier League,DEF,Left-Back,28.8,1492,22000000,17460000,7710000,28260000,-20.6,-6.5,in range,in range
802515,2025/26,Noah Nartey,Olympique Lyon,Ligue 1,MID,Attacking Midfield,20.7,540,15000000,11890000,3950000,17960000,-20.8,-6.6,not rated,not rated
496094,2025/26,Karim Adeyemi,Borussia Dortmund,Bundesliga,ATT,Right Winger,24.4,1196,40000000,31680000,13170000,50260000,-20.8,-6.7,in range,in range
1018938,2025/26,Jon Martín,Real Sociedad,LaLiga,DEF,Centre-Back,20.1,2250,25000000,19780000,6200000,24920000,-20.9,-6.7,in range,overvalued
358504,2025/26,Ritsu Doan,Eintracht Frankfurt,Bundesliga,ATT,Right Winger,27.9,2379,17000000,13450000,5930000,28070000,-20.9,-6.8,in range,in range
605265,2025/26,Louis Oppie,FC St. Pauli,Bundesliga,DEF,Left-Back,24.0,1616,2500000,1970000,1040000,4790000,-21.2,-7.1,in range,in range
698678,2025/26,Hugo Bueno,Wolverhampton Wanderers,Premier League,DEF,Left-Back,23.7,2366,12000000,9460000,6330000,20840000,-21.2,-7.1,in range,in range
125714,2025/26,Mark Flekken,Bayer 04 Leverkusen,Bundesliga,GK,Goalkeeper,33.0,2130,6000000,4720000,1710000,9830000,-21.3,-7.2,in range,in range
481513,2025/26,Koffi Kouao,FC Metz,Ligue 1,DEF,Right-Back,28.0,2274,2500000,1970000,1120000,3990000,-21.2,-7.2,in range,in range
659516,2025/26,Warren Bondo,US Cremonese,Serie A,MID,Central Midfield,22.7,1770,6000000,4720000,2240000,10960000,-21.3,-7.2,in range,in range
374954,2025/26,Kristijan Jakic,FC Augsburg,Bundesliga,MID,Defensive Midfield,29.0,1654,6000000,4720000,2520000,11510000,-21.3,-7.3,in range,in range
333647,2025/26,Jonathan Burkardt,Eintracht Frankfurt,Bundesliga,ATT,Centre-Forward,25.9,1340,30000000,23570000,5440000,27010000,-21.4,-7.4,in range,overvalued
647435,2025/26,Tyrhys Dolan,RCD Espanyol Barcelona,LaLiga,ATT,Right Winger,24.4,2433,10000000,7860000,3430000,16020000,-21.4,-7.4,in range,in range
234523,2025/26,Antonio Sanabria,US Cremonese,Serie A,ATT,Centre-Forward,30.2,940,1800000,1410000,1060000,3230000,-21.5,-7.5,in range,in range
475188,2025/26,Kiernan Dewsbury-Hall,Everton FC,Premier League,MID,Central Midfield,27.7,2638,35000000,27460000,11680000,36960000,-21.6,-7.5,in range,in range
599733,2025/26,Arkadiusz Pyrka,FC St. Pauli,Bundesliga,DEF,Right-Back,23.7,2581,3500000,2740000,1670000,6930000,-21.6,-7.6,in range,in range
169497,2025/26,Juan Cruz,CA Osasuna,LaLiga,DEF,Left-Back,33.9,646,1000000,780000,450000,1380000,-21.7,-7.7,not rated,not rated
258987,2025/26,Carl Starfelt,Celta de Vigo,LaLiga,DEF,Centre-Back,31.0,1492,4500000,3520000,1600000,7990000,-21.8,-7.9,in range,in range
345590,2025/26,Jens Odgaard,Bologna Football Club 1909,Serie A,MID,Attacking Midfield,27.2,1380,12000000,9380000,3940000,19380000,-21.9,-7.9,in range,in range
433188,2025/26,Curtis Jones,Liverpool FC,Premier League,MID,Central Midfield,25.3,1930,35000000,27330000,20610000,42640000,-21.9,-8.0,in range,in range
445939,2025/26,Omar Marmoush,Manchester City,Premier League,ATT,Centre-Forward,27.3,699,50000000,38980000,21240000,61180000,-22.0,-8.1,not rated,not rated
387626,2025/26,Leon Bailey,Aston Villa,Premier League,ATT,Right Winger,28.8,634,14000000,10910000,6840000,21950000,-22.1,-8.2,not rated,not rated
132098,2025/26,Harry Kane,Bayern Munich,Bundesliga,ATT,Centre-Forward,32.8,2382,60000000,46680000,25580000,94710000,-22.2,-8.3,in range,in range
386446,2025/26,Alessandro Buongiorno,SSC Napoli,Serie A,DEF,Centre-Back,27.0,2522,30000000,23350000,12980000,48800000,-22.2,-8.3,in range,in range
632896,2025/26,Alejandro Francés,Girona FC,LaLiga,DEF,Centre-Back,23.8,1110,3000000,2330000,1340000,5560000,-22.2,-8.3,in range,in range
823486,2025/26,Michael Kayode,Brentford FC,Premier League,DEF,Right-Back,21.9,3264,40000000,31090000,17740000,40340000,-22.3,-8.4,in range,in range
611793,2025/26,James Hill,AFC Bournemouth,Premier League,DEF,Centre-Back,24.4,2104,23000000,17860000,11600000,32130000,-22.4,-8.5,in range,in range
182894,2025/26,Jean-Philippe Gbamin,FC Metz,Ligue 1,DEF,Centre-Back,30.7,2489,2000000,1550000,860000,2550000,-22.4,-8.6,in range,in range
633530,2025/26,Jordan Zemura,Udinese Calcio,Serie A,DEF,Left-Back,26.5,1128,5000000,3880000,1620000,7910000,-22.4,-8.6,in range,in range
745181,2025/26,Soungoutou Magassa,West Ham United,Premier League,MID,Defensive Midfield,22.7,979,17000000,13190000,5740000,23340000,-22.4,-8.6,in range,in range
1005240,2025/26,Christian Mawissa,AS Monaco,Ligue 1,DEF,Centre-Back,21.1,1191,15000000,11630000,3910000,18970000,-22.5,-8.6,in range,in range
344892,2025/26,Gauthier Hein,FC Metz,Ligue 1,ATT,Right Winger,29.8,2355,5000000,3870000,1700000,5550000,-22.6,-8.7,in range,in range
273132,2025/26,Robin Gosens,ACF Fiorentina,Serie A,DEF,Left-Back,31.9,1893,4000000,3100000,1660000,6110000,-22.6,-8.8,in range,in range
585949,2025/26,Pierre Kalulu,Juventus FC,Serie A,DEF,Centre-Back,26.0,3282,32000000,24770000,12440000,43320000,-22.6,-8.8,in range,in range
539134,2025/26,Daniel Maldini,Società Sportiva Lazio S.p.A.,Serie A,MID,Attacking Midfield,24.6,952,9000000,6960000,2580000,14260000,-22.7,-8.9,in range,in range
718303,2025/26,Ernest Poku,Bayer 04 Leverkusen,Bundesliga,ATT,Right Winger,22.3,1485,25000000,19300000,11980000,33290000,-22.8,-9.0,in range,in range
933908,2025/26,Ángel Ortiz,Real Betis Balompié,LaLiga,DEF,Right-Back,21.9,582,4000000,3090000,1450000,11030000,-22.9,-9.1,not rated,not rated
418659,2025/26,Amine Gouiri,Olympique Marseille,Ligue 1,ATT,Centre-Forward,26.3,1331,28000000,21570000,9000000,33700000,-23.0,-9.2,in range,in range
434675,2025/26,Cody Gakpo,Liverpool FC,Premier League,ATT,Left Winger,27.1,2749,60000000,46230000,26970000,74290000,-23.0,-9.2,in range,in range
175446,2025/26,Jonny Otto,Deportivo Alavés,LaLiga,DEF,Right-Back,32.3,2998,2200000,1690000,1020000,3540000,-23.1,-9.3,in range,in range
654982,2025/26,Bilal El Khannouss,VfB Stuttgart,Bundesliga,MID,Attacking Midfield,22.0,1635,35000000,26930000,13840000,48200000,-23.1,-9.3,in range,in range
394327,2025/26,Boubacar Kamara,Aston Villa,Premier League,MID,Defensive Midfield,26.5,1418,40000000,30770000,15950000,35410000,-23.1,-9.4,in range,overvalued
557612,2025/26,Sékou Mara,AJ Auxerre,Ligue 1,ATT,Centre-Forward,23.8,1229,4000000,3080000,1980000,7210000,-23.1,-9.4,in range,in range
860992,2025/26,Nicolás Valentini,Hellas Verona,Serie A,DEF,Centre-Back,25.1,1406,3000000,2310000,1070000,4640000,-23.2,-9.4,in range,in range
33571,2025/26,Lorenzo De Silvestri,Bologna Football Club 1909,Serie A,DEF,Right-Back,38.0,491,600000,460000,280000,940000,-23.2,-9.5,not rated,not rated
182906,2025/26,Mike Maignan,AC Milan,Serie A,GK,Goalkeeper,30.9,3296,20000000,15350000,6560000,29640000,-23.3,-9.6,in range,in range
460245,2025/26,Moritz Jenz,VfL Wolfsburg,Bundesliga,DEF,Centre-Back,27.1,1789,5000000,3830000,1620000,7920000,-23.4,-9.7,in range,in range
539232,2025/26,Jessy Deminguet,FC Metz,Ligue 1,MID,Central Midfield,28.4,2013,2000000,1530000,1160000,3700000,-23.4,-9.7,in range,in range
73517,2025/26,Ørjan Nyland,Sevilla FC,LaLiga,GK,Goalkeeper,35.7,450,800000,610000,330000,1050000,-23.5,-9.8,not rated,not rated
131075,2025/26,Francesco Acerbi,Inter Milan,Serie A,DEF,Centre-Back,38.3,1379,2000000,1530000,890000,3790000,-23.5,-9.8,in range,in range
743515,2025/26,Robin Risser,RC Lens,Ligue 1,GK,Goalkeeper,21.5,2970,30000000,22960000,11660000,35850000,-23.5,-9.8,in range,in range
127188,2025/26,Maxime Dupé,OGC Nice,Ligue 1,GK,Goalkeeper,33.2,720,700000,530000,290000,1280000,-23.6,-9.9,not rated,not rated
885226,2025/26,Riyad Idrissi,Cagliari Calcio,Serie A,DEF,Left-Back,20.8,767,4000000,3060000,1740000,7480000,-23.5,-9.9,not rated,not rated
260827,2025/26,Joachim Andersen,Fulham FC,Premier League,DEF,Centre-Back,30.0,2877,20000000,15270000,9180000,22560000,-23.6,-10.0,in range,in range
340329,2025/26,Joe Willock,Newcastle United,Premier League,MID,Central Midfield,26.8,980,14000000,10690000,5770000,19260000,-23.6,-10.0,in range,in range
597000,2025/26,Eric Martel,1.FC Köln,Bundesliga,MID,Defensive Midfield,24.1,2564,8000000,6110000,2630000,12440000,-23.7,-10.0,in range,in range
389837,2025/26,Nicolò Casale,Bologna Football Club 1909,Serie A,DEF,Centre-Back,28.3,675,3800000,2900000,1090000,7310000,-23.7,-10.1,not rated,not rated
80894,2025/26,Lukasz Skorupski,Bologna Football Club 1909,Serie A,GK,Goalkeeper,35.1,1594,2000000,1520000,600000,3160000,-23.8,-10.2,in range,in range
117674,2025/26,Maximilian Arnold,VfL Wolfsburg,Bundesliga,MID,Central Midfield,32.0,1854,3000000,2290000,1350000,4580000,-23.8,-10.2,in range,in range
326031,2025/26,Matthijs de Ligt,Manchester United,Premier League,DEF,Centre-Back,26.3,1170,40000000,30480000,14700000,44630000,-23.8,-10.2,in range,in range
341227,2025/26,Juan Miranda,Bologna Football Club 1909,Serie A,DEF,Left-Back,26.4,2573,15000000,11420000,5440000,25760000,-23.9,-10.3,in range,in range
342229,2025/26,Kylian Mbappé,Real Madrid,LaLiga,ATT,Centre-Forward,27.5,2606,180000000,136930000,67420000,163920000,-23.9,-10.3,in range,overvalued
374139,2025/26,Junior Firpo,Real Betis Balompié,LaLiga,DEF,Left-Back,29.8,832,3500000,2660000,1080000,7320000,-23.9,-10.3,not rated,not rated
392771,2025/26,Ethan Ampadu,Leeds United,Premier League,MID,Defensive Midfield,25.7,3123,30000000,22830000,10140000,32160000,-23.9,-10.3,in range,in range
555076,2025/26,Romain Faivre,AJ Auxerre,Ligue 1,MID,Attacking Midfield,27.9,583,4000000,3050000,1150000,6270000,-23.9,-10.3,not rated,not rated
579459,2025/26,Albian Hajdari,TSG 1899 Hoffenheim,Bundesliga,DEF,Centre-Back,23.0,2440,25000000,19040000,8580000,35170000,-23.8,-10.3,in range,in range
212862,2025/26,Álex Remiro,Real Sociedad,LaLiga,GK,Goalkeeper,31.2,3330,9000000,6840000,2480000,10880000,-24.0,-10.4,in range,in range
411975,2025/26,Jules Koundé,FC Barcelona,LaLiga,DEF,Right-Back,27.6,2261,60000000,45630000,20200000,70080000,-23.9,-10.4,in range,in range
636703,2025/26,Fermín López,FC Barcelona,LaLiga,MID,Attacking Midfield,23.1,1798,100000000,75980000,29410000,109170000,-24.0,-10.5,in range,in range
703245,2025/26,Antonio Vergara,SSC Napoli,Serie A,MID,Attacking Midfield,23.4,614,15000000,11390000,3290000,22430000,-24.1,-10.5,not rated,not rated
177476,2025/26,Nathan Aké,Manchester City,Premier League,DEF,Centre-Back,31.3,688,12000000,9100000,4920000,13320000,-24.1,-10.6,not rated,not rated
197747,2025/26,Alessio Romagnoli,Società Sportiva Lazio S.p.A.,Serie A,DEF,Centre-Back,31.4,2667,6000000,4550000,2370000,9500000,-24.2,-10.6,in range,in range
284430,2025/26,Aarón Escandell,Real Oviedo,LaLiga,GK,Goalkeeper,30.7,3240,3000000,2280000,1140000,3620000,-24.1,-10.6,in range,in range
626724,2025/26,João Pedro,Chelsea FC,Premier League,ATT,Centre-Forward,24.7,2674,80000000,60680000,32490000,72460000,-24.2,-10.6,in range,overvalued
694507,2025/26,Rayan Philippe,Hamburger SV,Bundesliga,ATT,Right Winger,25.6,1285,4000000,3030000,1610000,7810000,-24.1,-10.6,in range,in range
354362,2025/26,Rodrigo Bentancur,Tottenham Hotspur,Premier League,MID,Defensive Midfield,28.9,1892,20000000,15160000,6250000,25290000,-24.2,-10.7,in range,in range
612517,2025/26,Bashir Humphreys,Burnley FC,Premier League,DEF,Centre-Back,23.2,1578,12000000,9090000,2790000,20020000,-24.2,-10.7,in range,in range
1097139,2025/26,Ayyoub Bouaddi,LOSC Lille,Ligue 1,MID,Central Midfield,18.7,2328,50000000,37870000,14900000,49290000,-24.3,-10.8,in range,overvalued
237662,2025/26,Breel Embolo,Stade Rennais FC,Ligue 1,ATT,Centre-Forward,29.3,1873,15000000,11340000,7160000,24320000,-24.4,-10.9,in range,in range
357164,2025/26,Rafael Leão,AC Milan,Serie A,ATT,Left Winger,27.0,1861,50000000,37800000,16920000,52260000,-24.4,-10.9,in range,in range
463618,2025/26,Khéphren Thuram,Juventus FC,Serie A,MID,Central Midfield,25.2,2453,38000000,28740000,13590000,52960000,-24.4,-10.9,in range,in range
328658,2025/26,Kristoffer Ajer,Brentford FC,Premier League,DEF,Centre-Back,28.1,1809,18000000,13590000,7740000,24930000,-24.5,-11.0,in range,in range
503987,2025/26,Noni Madueke,Arsenal FC,Premier League,ATT,Right Winger,24.2,1217,50000000,37780000,29040000,51570000,-24.4,-11.0,in range,in range
108725,2025/26,Chris Wood,Nottingham Forest,Premier League,ATT,Centre-Forward,34.5,907,5000000,3770000,1730000,5220000,-24.6,-11.1,in range,in range
818495,2025/26,Otávio,Paris FC,Ligue 1,DEF,Centre-Back,24.1,1904,10000000,7540000,2820000,14630000,-24.6,-11.2,in range,in range
290017,2025/26,Hassane Kamara,Udinese Calcio,Serie A,DEF,Left-Back,32.2,1869,3000000,2260000,1050000,5710000,-24.8,-11.3,in range,in range
357662,2025/26,Declan Rice,Arsenal FC,Premier League,MID,Central Midfield,27.4,3099,120000000,90280000,51740000,116690000,-24.8,-11.3,in range,overvalued
480116,2025/26,Lloyd Kelly,Juventus FC,Serie A,DEF,Centre-Back,27.6,2998,23000000,17310000,7640000,30050000,-24.7,-11.3,in range,in range
578421,2025/26,Ruben Kluivert,Olympique Lyon,Ligue 1,DEF,Centre-Back,25.0,768,8000000,6020000,2760000,15680000,-24.8,-11.3,not rated,not rated
709726,2025/26,Hugo Ekitiké,Liverpool FC,Premier League,ATT,Centre-Forward,24.0,1811,80000000,60210000,37150000,97390000,-24.7,-11.3,in range,in range
284270,2025/26,Moritz Nicolas,Borussia Mönchengladbach,Bundesliga,GK,Goalkeeper,28.6,3060,8000000,6000000,3070000,10830000,-25.0,-11.6,in range,in range
525247,2025/26,Maximilian Kilman,West Ham United,Premier League,DEF,Centre-Back,28.8,1558,16000000,12000000,5290000,23320000,-25.0,-11.6,in range,in range
167491,2025/26,Stefano Sabelli,Genoa CFC,Serie A,DEF,Right-Back,33.4,919,1300000,970000,570000,1790000,-25.0,-11.7,in range,in range
282144,2025/26,Marin Pongracic,ACF Fiorentina,Serie A,DEF,Centre-Back,28.7,2918,6500000,4870000,2600000,9510000,-25.1,-11.7,in range,in range
421873,2025/26,Elia Caprile,Cagliari Calcio,Serie A,GK,Goalkeeper,24.8,3420,15000000,11220000,4680000,19280000,-25.2,-11.8,in range,in range
648046,2025/26,Evan Ferguson,Associazione Sportiva Roma,Serie A,ATT,Centre-Forward,21.6,776,20000000,14970000,6200000,22180000,-25.1,-11.8,not rated,not rated
48015,2025/26,Lukas Hradecky,AS Monaco,Ligue 1,GK,Goalkeeper,36.5,1441,1500000,1120000,490000,2550000,-25.2,-11.9,in range,in range
413112,2025/26,Aurélien Tchouaméni,Real Madrid,LaLiga,MID,Defensive Midfield,26.4,2623,70000000,52320000,23320000,88370000,-25.3,-11.9,in range,in range
1375227,2025/26,Thiago Pitarch,Real Madrid,LaLiga,MID,Central Midfield,18.8,597,20000000,14950000,3860000,31280000,-25.3,-11.9,not rated,not rated
566723,2025/26,Michael Olise,Bayern Munich,Bundesliga,ATT,Right Winger,24.5,2320,150000000,112010000,63800000,174480000,-25.3,-12.0,in range,in range
148252,2025/26,Remo Freuler,Bologna Football Club 1909,Serie A,MID,Central Midfield,34.1,2217,3000000,2230000,990000,4000000,-25.6,-12.3,in range,in range
457736,2025/26,Tijjani Noslin,Società Sportiva Lazio S.p.A.,Serie A,ATT,Right Winger,26.9,1138,8000000,5960000,3170000,13730000,-25.6,-12.3,in range,in range
515544,2025/26,Trai Hume,Sunderland AFC,Premier League,DEF,Right-Back,24.2,3039,22000000,16370000,11080000,31720000,-25.6,-12.3,in range,in range
711625,2025/26,José Ángel Carmona,Sevilla FC,LaLiga,DEF,Right-Back,24.3,2564,12000000,8930000,4570000,16200000,-25.6,-12.3,in range,in range
376514,2025/26,Mathías Olivera,SSC Napoli,Serie A,DEF,Left-Back,28.6,1368,15000000,11140000,6440000,24880000,-25.8,-12.5,in range,in range
585973,2025/26,Johann Lepenant,FC Nantes,Ligue 1,MID,Defensive Midfield,23.6,2175,7000000,5200000,2470000,9790000,-25.7,-12.5,in range,in range
286047,2025/26,Guglielmo Vicario,Tottenham Hotspur,Premier League,GK,Goalkeeper,29.7,2790,18000000,13340000,7250000,22960000,-25.9,-12.6,in range,in range
410708,2025/26,Pascal Struijk,Leeds United,Premier League,DEF,Centre-Back,26.8,2937,22000000,16310000,6920000,24710000,-25.8,-12.6,in range,in range
462348,2025/26,Mostafa Mohamed,FC Nantes,Ligue 1,ATT,Centre-Forward,28.5,1151,3500000,2600000,1440000,4660000,-25.8,-12.6,in range,in range
533738,2025/26,Jonathan David,Juventus FC,Serie A,ATT,Centre-Forward,26.4,1784,30000000,22260000,12360000,48760000,-25.8,-12.6,in range,in range
880245,2025/26,Mateus Fernandes,West Ham United,Premier League,MID,Central Midfield,21.9,3026,50000000,37090000,22120000,53550000,-25.8,-12.6,in range,in range
395122,2025/26,Santiago Colombatto,Real Oviedo,LaLiga,MID,Defensive Midfield,29.4,2070,2500000,1850000,1040000,3990000,-25.9,-12.7,in range,in range
763079,2025/26,Abdukodir Khusanov,Manchester City,Premier League,DEF,Centre-Back,22.3,1429,50000000,37060000,24770000,42430000,-25.9,-12.7,in range,overvalued
314678,2025/26,Brahim Díaz,Real Madrid,LaLiga,ATT,Right Winger,26.8,1252,35000000,25880000,12560000,48360000,-26.1,-12.9,in range,in range
329145,2025/26,Diego Carlos,Como 1907,Serie A,DEF,Centre-Back,33.2,1948,5000000,3700000,1570000,7740000,-26.1,-12.9,in range,in range
439022,2025/26,Marcão,Sevilla FC,LaLiga,DEF,Centre-Back,30.0,937,2500000,1850000,910000,3860000,-26.1,-12.9,in range,in range
486049,2025/26,Jérémy Doku,Manchester City,Premier League,ATT,Left Winger,24.0,1786,75000000,55430000,38660000,71230000,-26.1,-12.9,in range,overvalued
324690,2025/26,Jonathan Ikoné,Paris FC,Ligue 1,ATT,Right Winger,28.1,1101,4000000,2950000,1550000,6780000,-26.2,-13.0,in range,in range
583189,2025/26,Anthony Elanga,Newcastle United,Premier League,ATT,Right Winger,24.1,1313,32000000,23550000,14560000,37670000,-26.4,-13.3,in range,in range
108390,2025/26,Thibaut Courtois,Real Madrid,LaLiga,GK,Goalkeeper,34.1,2880,15000000,11030000,3070000,19760000,-26.5,-13.4,in range,in range
283628,2025/26,Tomáš Souček,West Ham United,Premier League,MID,Defensive Midfield,31.3,2199,10000000,7340000,4380000,16240000,-26.6,-13.4,in range,in range
289255,2025/26,Andoni Gorosabel,Athletic Bilbao,LaLiga,DEF,Right-Back,29.8,1358,3000000,2200000,1420000,4250000,-26.5,-13.4,in range,in range
385105,2025/26,Gabriel Suazo,Sevilla FC,LaLiga,DEF,Left-Back,28.8,2096,6000000,4410000,2530000,9180000,-26.5,-13.4,in range,in range
607226,2025/26,Loum Tchaouna,Burnley FC,Premier League,ATT,Right Winger,22.7,1270,13000000,9550000,6060000,20370000,-26.5,-13.4,in range,in range
627442,2025/26,Benjamin Sesko,Manchester United,Premier League,ATT,Centre-Forward,23.0,1637,75000000,55110000,41440000,77570000,-26.5,-13.4,in range,in range
900195,2025/26,Kevin,Fulham FC,Premier League,ATT,Left Winger,23.4,1038,25000000,18380000,11010000,32480000,-26.5,-13.4,in range,in range
370846,2025/26,Timothy Weah,Olympique Marseille,Ligue 1,MID,Right Midfield,26.3,2263,20000000,14660000,7600000,24270000,-26.7,-13.6,in range,in range
434224,2025/26,Maxence Lacroix,Crystal Palace,Premier League,DEF,Centre-Back,26.2,3087,50000000,36670000,16700000,41640000,-26.7,-13.6,overvalued,overvalued
711999,2025/26,Lesley Ugochukwu,Burnley FC,Premier League,MID,Defensive Midfield,22.2,2351,22000000,16140000,11180000,28100000,-26.7,-13.6,in range,in range
357119,2025/26,Ibrahima Konaté,Liverpool FC,Premier League,DEF,Centre-Back,27.0,3100,45000000,32950000,22540000,50230000,-26.8,-13.7,in range,in range
449597,2025/26,Isaac Schmidt,SV Werder Bremen,Bundesliga,DEF,Left-Back,26.5,676,2200000,1610000,790000,3570000,-26.8,-13.7,not rated,not rated
55735,2025/26,Henrikh Mkhitaryan,Inter Milan,Serie A,MID,Central Midfield,37.3,1556,3000000,2190000,1480000,6890000,-26.8,-13.8,in range,in range
203938,2025/26,Branco van den Boomen,Angers SCO,Ligue 1,MID,Central Midfield,30.9,1242,2500000,1830000,710000,2590000,-26.9,-13.8,in range,in range
413403,2025/26,Ezri Konsa,Aston Villa,Premier League,DEF,Centre-Back,28.6,3036,40000000,29240000,20380000,43200000,-26.9,-13.8,in range,in range
72476,2025/26,Bernd Leno,Fulham FC,Premier League,GK,Goalkeeper,34.2,3420,6000000,4380000,1690000,6350000,-26.9,-13.9,in range,in range
519872,2025/26,Livan Burcu,1.FC Union Berlin,Bundesliga,ATT,Left Winger,21.7,645,4000000,2920000,1090000,7090000,-27.0,-13.9,not rated,not rated
538977,2025/26,Georginio Rutter,Brighton & Hove Albion,Premier League,ATT,Centre-Forward,24.1,1791,30000000,21930000,16510000,35750000,-26.9,-13.9,in range,in range
891998,2025/26,Antoine Mendy,OGC Nice,Ligue 1,DEF,Centre-Back,22.0,2098,10000000,7300000,2820000,12400000,-27.0,-13.9,in range,in range
346890,2025/26,Noah Okafor,Leeds United,Premier League,ATT,Left Winger,26.0,1569,25000000,18230000,9680000,33120000,-27.1,-14.0,in range,in range
282388,2025/26,Giovanni Simeone,Torino FC,Serie A,ATT,Centre-Forward,30.9,2247,7000000,5100000,2460000,7520000,-27.2,-14.2,in range,in range
75489,2025/26,Niclas Füllkrug,AC Milan,Serie A,ATT,Centre-Forward,33.3,1056,3500000,2550000,1470000,5270000,-27.3,-14.3,in range,in range
346707,2025/26,Sean Longstaff,Leeds United,Premier League,MID,Central Midfield,28.6,1006,15000000,10900000,4380000,18080000,-27.3,-14.3,in range,in range
668167,2025/26,Samir Chergui,Paris FC,Ligue 1,DEF,Centre-Back,27.3,1155,3000000,2180000,880000,5050000,-27.3,-14.3,in range,in range
834487,2025/26,Hugo Rincón,Girona FC,LaLiga,DEF,Right-Back,23.4,1741,3500000,2550000,1610000,7170000,-27.3,-14.3,in range,in range
580560,2025/26,Jon Pacheco,Deportivo Alavés,LaLiga,DEF,Centre-Back,25.4,1734,5000000,3630000,1480000,8320000,-27.4,-14.4,in range,in range
601143,2025/26,Nikolas Veratschnig,1.FSV Mainz 05,Bundesliga,MID,Right Midfield,23.3,652,2500000,1820000,980000,5590000,-27.4,-14.4,not rated,not rated
322305,2025/26,Jean-Victor Makengo,FC Lorient,Ligue 1,MID,Attacking Midfield,28.0,1815,6000000,4350000,2450000,9110000,-27.6,-14.6,in range,in range
377042,2025/26,Michael Folorunsho,Cagliari Calcio,Serie A,MID,Central Midfield,28.3,2009,5000000,3620000,2000000,7680000,-27.5,-14.6,in range,in range
196139,2025/26,Robert Glatzel,Hamburger SV,Bundesliga,ATT,Centre-Forward,32.4,609,1500000,1090000,510000,2430000,-27.6,-14.7,not rated,not rated
935230,2025/26,Gonzalo García,Real Madrid,LaLiga,ATT,Centre-Forward,22.2,952,30000000,21710000,10650000,42990000,-27.6,-14.7,in range,in range
420210,2025/26,Lutsharel Geertruida,Sunderland AFC,Premier League,DEF,Right-Back,25.9,1685,20000000,14470000,9260000,28740000,-27.7,-14.8,in range,in range
434433,2025/26,Nikola Krstović,Atalanta BC,Serie A,ATT,Centre-Forward,26.1,1786,30000000,21680000,9010000,40920000,-27.7,-14.8,in range,in range
262226,2025/26,Timothy Castagne,Fulham FC,Premier League,DEF,Right-Back,30.5,1842,8000000,5780000,3440000,10200000,-27.8,-14.9,in range,in range
320748,2025/26,Sebastian Szymanski,Stade Rennais FC,Ligue 1,MID,Attacking Midfield,27.1,777,12000000,8670000,4320000,19820000,-27.8,-14.9,not rated,not rated
472249,2025/26,Jan Thielmann,1.FC Köln,Bundesliga,ATT,Right Winger,24.0,1548,5000000,3610000,1490000,8930000,-27.8,-14.9,in range,in range
282660,2025/26,Maximilian Mittelstädt,VfB Stuttgart,Bundesliga,DEF,Left-Back,29.2,2189,18000000,12990000,8920000,31980000,-27.8,-15.0,in range,in range
338668,2025/26,Senne Lynen,SV Werder Bremen,Bundesliga,MID,Defensive Midfield,27.3,2757,8000000,5770000,3120000,12560000,-27.8,-15.0,in range,in range
786436,2025/26,Ismaël Doukouré,RC Strasbourg Alsace,Ligue 1,DEF,Centre-Back,22.9,2077,20000000,14430000,6990000,29780000,-27.8,-15.0,in range,in range
834491,2025/26,Alejandro Rego,Athletic Bilbao,LaLiga,MID,Central Midfield,23.0,1265,5000000,3610000,1870000,11130000,-27.9,-15.0,in range,in range
55089,2025/26,Oliver Baumann,TSG 1899 Hoffenheim,Bundesliga,GK,Goalkeeper,36.0,3060,2500000,1800000,840000,5300000,-28.0,-15.2,in range,in range
607224,2025/26,Hannibal,Burnley FC,Premier League,MID,Attacking Midfield,23.4,1231,15000000,10790000,3920000,18080000,-28.1,-15.2,in range,in range
813137,2025/26,Niccolò Pisilli,Associazione Sportiva Roma,Serie A,MID,Central Midfield,21.7,1285,30000000,21580000,10000000,34450000,-28.1,-15.2,in range,in range
105521,2025/26,Ciro Immobile,Paris FC,Ligue 1,ATT,Centre-Forward,36.3,902,1800000,1290000,520000,2320000,-28.2,-15.4,in range,in range
405389,2025/26,Ayumu Seko,Le Havre AC,Ligue 1,DEF,Centre-Back,26.0,2625,5000000,3590000,2130000,8010000,-28.2,-15.4,in range,in range
592387,2025/26,Sebastian Sebulonsen,1.FC Köln,Bundesliga,DEF,Right-Back,26.3,2505,5500000,3950000,2340000,8850000,-28.2,-15.4,in range,in range
673514,2025/26,Abdoulaye Ndiaye,Parma Calcio 1913,Serie A,DEF,Centre-Back,24.1,780,6000000,4310000,1700000,8670000,-28.2,-15.4,not rated,not rated
1127730,2025/26,Thiago Fernández,Real Oviedo,LaLiga,ATT,Left Winger,22.2,822,4500000,3230000,850000,6090000,-28.2,-15.4,not rated,not rated
378710,2025/26,Richarlison,Tottenham Hotspur,Premier League,ATT,Centre-Forward,29.1,1960,25000000,17920000,9640000,31790000,-28.3,-15.5,in range,in range
119277,2025/26,Yannick Gerhardt,VfL Wolfsburg,Bundesliga,MID,Central Midfield,32.2,1071,1800000,1290000,770000,2550000,-28.4,-15.6,in range,in range
628886,2025/26,Iván Romero,Levante UD,LaLiga,ATT,Centre-Forward,25.2,2280,8000000,5730000,2520000,10700000,-28.4,-15.6,in range,in range
316264,2025/26,Martin Ødegaard,Arsenal FC,Premier League,MID,Attacking Midfield,27.5,1371,65000000,46440000,39090000,65220000,-28.5,-15.8,in range,in range
370789,2025/26,Julian Ryerson,Borussia Dortmund,Bundesliga,DEF,Right-Back,28.5,2274,25000000,17870000,14800000,41570000,-28.5,-15.8,in range,in range
539798,2025/26,Luca Jaquez,VfB Stuttgart,Bundesliga,DEF,Centre-Back,23.0,900,10000000,7140000,2160000,20820000,-28.6,-15.8,in range,in range
1005649,2025/26,Murillo,Nottingham Forest,Premier League,DEF,Centre-Back,23.9,2133,50000000,35740000,13500000,44790000,-28.5,-15.8,in range,overvalued
743413,2025/26,Nico O'Reilly,Manchester City,Premier League,DEF,Left-Back,21.2,2649,70000000,49970000,35040000,78250000,-28.6,-15.9,in range,in range
258827,2025/26,Jari Vandeputte,US Cremonese,Serie A,MID,Central Midfield,30.3,1952,3000000,2140000,950000,3690000,-28.7,-16.0,in range,in range
358003,2025/26,Simone Canestrelli,Pisa Sporting Club,Serie A,DEF,Centre-Back,25.7,3201,4500000,3210000,1960000,8140000,-28.7,-16.0,in range,in range
433177,2025/26,Bukayo Saka,Arsenal FC,Premier League,ATT,Right Winger,24.7,2226,110000000,78400000,50340000,132720000,-28.7,-16.0,in range,in range
502821,2025/26,Riccardo Calafiori,Arsenal FC,Premier League,DEF,Left-Back,24.0,1708,55000000,39190000,28370000,57750000,-28.7,-16.0,in range,in range
834764,2025/26,Javi Guerra,Valencia CF,LaLiga,MID,Central Midfield,23.1,2070,25000000,17820000,8220000,32520000,-28.7,-16.0,in range,in range
258878,2025/26,Tosin Adarabioyo,Chelsea FC,Premier League,DEF,Centre-Back,28.7,789,16000000,11390000,5030000,18560000,-28.8,-16.1,not rated,not rated
361260,2025/26,Ozan Kabak,TSG 1899 Hoffenheim,Bundesliga,DEF,Centre-Back,26.2,1745,15000000,10660000,5450000,26160000,-28.9,-16.2,in range,in range
469822,2025/26,David Neres,SSC Napoli,Serie A,ATT,Right Winger,29.2,925,23000000,16350000,5470000,30670000,-28.9,-16.2,in range,in range
238626,2025/26,Laurent Abergel,FC Lorient,Ligue 1,MID,Defensive Midfield,33.3,2325,1800000,1280000,730000,2790000,-29.0,-16.3,in range,in range
326029,2025/26,Donyell Malen,Associazione Sportiva Roma,Serie A,ATT,Centre-Forward,27.4,2123,45000000,31970000,18800000,53960000,-29.0,-16.3,in range,in range
730581,2025/26,Loïc Badé,Bayer 04 Leverkusen,Bundesliga,DEF,Centre-Back,26.1,1652,20000000,14210000,7050000,28610000,-29.0,-16.3,in range,in range
1088199,2025/26,Arsène Kouassi,FC Lorient,Ligue 1,DEF,Left-Back,22.4,2612,15000000,10650000,5960000,17830000,-29.0,-16.3,in range,in range
255508,2025/26,Iñaki Williams,Athletic Bilbao,LaLiga,ATT,Right Winger,32.0,2168,8000000,5680000,2280000,8960000,-29.1,-16.4,in range,in range
292246,2025/26,Hee-chan Hwang,Wolverhampton Wanderers,Premier League,ATT,Centre-Forward,30.4,1455,6000000,4260000,2320000,10950000,-29.0,-16.4,in range,in range
386047,2025/26,Axel Disasi,West Ham United,Premier League,DEF,Centre-Back,28.2,1255,15000000,10650000,3850000,18300000,-29.0,-16.4,in range,in range
971570,2025/26,Endrick,Olympique Lyon,Ligue 1,ATT,Centre-Forward,19.9,1235,40000000,28390000,7760000,39830000,-29.0,-16.4,in range,overvalued
292534,2025/26,Eric Smith,FC St. Pauli,Bundesliga,DEF,Centre-Back,29.4,2314,5000000,3540000,1890000,7390000,-29.2,-16.5,in range,in range
610849,2025/26,Liam Delap,Chelsea FC,Premier League,ATT,Centre-Forward,23.3,1101,28000000,19830000,12960000,36980000,-29.2,-16.5,in range,in range
670858,2025/26,Lewis Hall,Newcastle United,Premier League,DEF,Left-Back,21.7,2180,40000000,28340000,18740000,42160000,-29.1,-16.5,in range,in range
181579,2025/26,James Ward-Prowse,Burnley FC,Premier League,MID,Central Midfield,31.6,1097,5000000,3540000,1580000,6490000,-29.2,-16.6,in range,in range
341051,2025/26,Kyle Walker-Peters,West Ham United,Premier League,DEF,Right-Back,29.1,1380,12000000,8490000,4290000,18100000,-29.3,-16.6,in range,in range
624690,2025/26,Manu Koné,Associazione Sportiva Roma,Serie A,MID,Central Midfield,25.0,2459,50000000,35400000,18190000,51310000,-29.2,-16.6,in range,in range
849520,2025/26,Santiago Castro,Bologna Football Club 1909,Serie A,ATT,Centre-Forward,21.7,2365,32000000,22640000,13170000,40050000,-29.2,-16.6,in range,in range
315853,2025/26,Alessandro Bastoni,Inter Milan,Serie A,DEF,Centre-Back,27.1,2249,65000000,45860000,19960000,68590000,-29.4,-16.9,in range,in range
236981,2025/26,Timo Hübers,1.FC Köln,Bundesliga,DEF,Centre-Back,29.4,671,2500000,1760000,720000,5150000,-29.5,-17.0,not rated,not rated
238407,2025/26,Alexander Sørloth,Atlético de Madrid,LaLiga,ATT,Centre-Forward,30.5,1981,18000000,12680000,10130000,32060000,-29.6,-17.0,in range,in range
388165,2025/26,Yoane Wissa,Newcastle United,Premier League,ATT,Centre-Forward,29.7,521,25000000,17590000,7860000,29430000,-29.7,-17.1,not rated,not rated
268429,2025/26,Sandi Lovrić,Hellas Verona,Serie A,MID,Central Midfield,28.2,519,3500000,2460000,1450000,5090000,-29.7,-17.2,not rated,not rated
473169,2025/26,Brian Brobbey,Sunderland AFC,Premier League,ATT,Centre-Forward,24.3,1934,30000000,21090000,16310000,36270000,-29.7,-17.2,in range,in range
536482,2025/26,Junior Dina Ebimbe,Stade Brestois 29,Ligue 1,MID,Right Midfield,25.5,1167,6000000,4210000,2200000,9090000,-29.8,-17.2,in range,in range
709372,2025/26,Carlos Romero,RCD Espanyol Barcelona,LaLiga,DEF,Left-Back,24.6,3195,25000000,17560000,6720000,26650000,-29.8,-17.2,in range,in range
1043646,2025/26,Christian Ordóñez,Parma Calcio 1913,Serie A,MID,Central Midfield,21.8,1085,6500000,4570000,2250000,9010000,-29.8,-17.2,in range,in range
550108,2025/26,Nicola Zalewski,Atalanta BC,Serie A,MID,Left Midfield,24.3,1905,20000000,14030000,5750000,25670000,-29.9,-17.3,in range,in range
820957,2025/26,Derry Scherhant,SC Freiburg,Bundesliga,ATT,Left Winger,23.5,1292,7500000,5260000,2750000,13420000,-29.9,-17.3,in range,in range
74869,2025/26,Francis Coquelin,FC Nantes,Ligue 1,MID,Defensive Midfield,35.1,655,700000,490000,260000,1120000,-29.9,-17.4,not rated,not rated
334221,2025/26,Amos Pieper,SV Werder Bremen,Bundesliga,DEF,Centre-Back,28.4,1504,4000000,2800000,1320000,5600000,-29.9,-17.4,in range,in range
684210,2025/26,Jaidon Anthony,Burnley FC,Premier League,ATT,Left Winger,26.5,2735,20000000,14020000,7480000,23070000,-29.9,-17.4,in range,in range
173859,2025/26,Davide Zappacosta,Atalanta BC,Serie A,MID,Right Midfield,34.0,2581,3500000,2450000,1460000,5910000,-30.0,-17.5,in range,in range
286415,2025/26,Pau López,Real Betis Balompié,LaLiga,GK,Goalkeeper,31.5,810,2500000,1750000,880000,4780000,-30.0,-17.5,not rated,not rated
463613,2025/26,Yann Gboho,FC Toulouse,Ligue 1,ATT,Left Winger,25.4,2610,18000000,12600000,6550000,22580000,-30.0,-17.5,in range,in range
478573,2025/26,Ryan Gravenberch,Liverpool FC,Premier League,MID,Defensive Midfield,24.0,2996,80000000,55960000,33840000,77750000,-30.0,-17.6,in range,overvalued
532776,2025/26,Amine Adli,AFC Bournemouth,Premier League,ATT,Left Winger,26.1,1082,20000000,13980000,11230000,26620000,-30.1,-17.6,in range,in range
509022,2025/26,Federico Gatti,Juventus FC,Serie A,DEF,Centre-Back,27.9,1090,14000000,9770000,3970000,24530000,-30.2,-17.7,in range,in range
724106,2025/26,Luca Lipani,US Sassuolo,Serie A,MID,Defensive Midfield,21.0,1027,7500000,5240000,2470000,10060000,-30.2,-17.7,in range,in range
393238,2025/26,Zakaria Aboukhlal,Torino FC,Serie A,ATT,Right Winger,26.1,507,7500000,5230000,1890000,9860000,-30.2,-17.8,not rated,not rated
583255,2025/26,Antoine Semenyo,AFC Bournemouth,Premier League,ATT,Right Winger,26.4,3205,80000000,55790000,30660000,77180000,-30.3,-17.8,in range,overvalued
711996,2025/26,Warmed Omari,Hamburger SV,Bundesliga,DEF,Centre-Back,26.1,1608,4000000,2790000,1280000,7600000,-30.3,-17.8,in range,in range
924117,2025/26,Finn Jeltsch,VfB Stuttgart,Bundesliga,DEF,Centre-Back,19.9,1506,35000000,24420000,8200000,37100000,-30.2,-17.8,in range,in range
148455,2025/26,Mohamed Salah,Liverpool FC,Premier League,ATT,Right Winger,34.0,2150,22000000,15320000,6750000,26350000,-30.4,-17.9,in range,in range
406635,2025/26,Phil Foden,Manchester City,Premier League,MID,Attacking Midfield,26.0,2085,70000000,48730000,40390000,79640000,-30.4,-18.0,in range,in range
236490,2025/26,Ola Aina,Nottingham Forest,Premier League,DEF,Right-Back,29.7,1590,18000000,12520000,4930000,21870000,-30.5,-18.1,in range,in range
503686,2025/26,Dan Ballard,Sunderland AFC,Premier League,DEF,Centre-Back,26.7,2148,20000000,13900000,8250000,24850000,-30.5,-18.1,in range,in range
621993,2025/26,Andrew Omobamidele,RC Strasbourg Alsace,Ligue 1,DEF,Centre-Back,23.9,1352,8000000,5560000,3000000,15630000,-30.5,-18.1,in range,in range
340918,2025/26,Caoimhín Kelleher,Brentford FC,Premier League,GK,Goalkeeper,27.5,3330,28000000,19440000,10160000,29890000,-30.6,-18.2,in range,in range
627228,2025/26,Yan Couto,Borussia Dortmund,Bundesliga,DEF,Right-Back,24.0,995,17000000,11800000,5400000,29560000,-30.6,-18.2,in range,in range
798043,2025/26,Tom Rothe,1.FC Union Berlin,Bundesliga,DEF,Left-Back,21.6,1024,10000000,6940000,2990000,12650000,-30.6,-18.2,in range,in range
124419,2025/26,Odysseas Vlachodimos,Sevilla FC,LaLiga,GK,Goalkeeper,32.1,2970,3000000,2080000,980000,4310000,-30.7,-18.3,in range,in range
124502,2025/26,Matthias Ginter,SC Freiburg,Bundesliga,DEF,Centre-Back,32.4,2836,5000000,3470000,1990000,8250000,-30.7,-18.3,in range,in range
659520,2025/26,Bilal Nadir,Olympique Marseille,Ligue 1,MID,Central Midfield,22.5,588,8000000,5550000,2930000,14110000,-30.7,-18.3,not rated,not rated
661145,2025/26,Jon Aramburu,Real Sociedad,LaLiga,DEF,Right-Back,23.9,2779,15000000,10400000,5480000,20750000,-30.7,-18.3,in range,in range
1110406,2025/26,Ibrahim Osman,AJ Auxerre,Ligue 1,ATT,Left Winger,21.5,623,7000000,4850000,1760000,8590000,-30.7,-18.3,not rated,not rated
525299,2025/26,Miguel Gutiérrez,SSC Napoli,Serie A,DEF,Left-Back,24.8,1484,22000000,15230000,9910000,36140000,-30.8,-18.4,in range,in range
495666,2025/26,William Saliba,Arsenal FC,Premier League,DEF,Centre-Back,25.2,2615,100000000,69080000,48940000,101420000,-30.9,-18.6,in range,in range
547985,2025/26,Fabiano Parisi,ACF Fiorentina,Serie A,DEF,Left-Back,25.5,1528,6000000,4140000,1820000,8650000,-30.9,-18.6,in range,in range
1018920,2025/26,Marc Bernal,FC Barcelona,LaLiga,MID,Defensive Midfield,19.0,787,30000000,20730000,8600000,38080000,-30.9,-18.6,not rated,not rated
881297,2025/26,Adam Daghim,VfL Wolfsburg,Bundesliga,ATT,Right Winger,20.7,1358,7500000,5170000,2110000,11240000,-31.1,-18.7,in range,in range
948279,2025/26,Chema Andrés,VfB Stuttgart,Bundesliga,MID,Defensive Midfield,21.1,1306,20000000,13800000,5880000,30360000,-31.0,-18.7,in range,in range
160929,2025/26,Marvin Schwäbe,1.FC Köln,Bundesliga,GK,Goalkeeper,31.1,3060,3000000,2060000,1220000,3870000,-31.2,-18.9,in range,in range
177779,2025/26,Janik Haberer,1.FC Union Berlin,Bundesliga,MID,Central Midfield,32.2,1652,2000000,1380000,910000,3340000,-31.2,-18.9,in range,in range
829838,2025/26,Hennes Behrens,1. Fußballclub Heidenheim 1846,Bundesliga,DEF,Left-Back,21.3,1319,5000000,3440000,1560000,7550000,-31.3,-19.0,in range,in range
632831,2025/26,Nicolò Bertola,Udinese Calcio,Serie A,DEF,Centre-Back,23.2,1761,7000000,4800000,2590000,14380000,-31.4,-19.1,in range,in range
346314,2025/26,Trevoh Chalobah,Chelsea FC,Premier League,DEF,Centre-Back,26.9,2782,40000000,27420000,14790000,37970000,-31.5,-19.2,in range,overvalued
701819,2025/26,Daniele Ghilardi,Associazione Sportiva Roma,Serie A,DEF,Centre-Back,23.4,1086,18000000,12340000,6330000,27120000,-31.4,-19.2,in range,in range
489359,2025/26,Ao Tanaka,Leeds United,Premier League,MID,Central Midfield,27.7,1318,13000000,8900000,4420000,18080000,-31.5,-19.3,in range,in range
745173,2025/26,Mamadou Coulibaly,AS Monaco,Ligue 1,MID,Central Midfield,22.1,1382,15000000,10270000,4910000,20450000,-31.6,-19.3,in range,in range
817665,2025/26,Pablo,West Ham United,Premier League,ATT,Centre-Forward,22.4,828,18000000,12330000,5440000,23360000,-31.5,-19.3,not rated,not rated
488785,2025/26,Martin Frese,Hellas Verona,Serie A,DEF,Left-Back,28.4,2413,2500000,1710000,1200000,4150000,-31.6,-19.4,in range,in range
800176,2025/26,André,Wolverhampton Wanderers,Premier League,MID,Defensive Midfield,24.9,2766,25000000,17110000,8070000,27280000,-31.6,-19.4,in range,in range
967346,2025/26,Eliezer Mayenda,Sunderland AFC,Premier League,ATT,Centre-Forward,21.1,756,16000000,10930000,5440000,20940000,-31.7,-19.5,not rated,not rated
197471,2025/26,Roberto Gagliardini,Hellas Verona,Serie A,MID,Central Midfield,32.1,2216,1300000,890000,520000,2130000,-31.8,-19.6,in range,in range
279455,2025/26,Harry Wilson,Fulham FC,Premier League,ATT,Right Winger,29.2,2694,25000000,17050000,13330000,38690000,-31.8,-19.6,in range,in range
447661,2025/26,Douglas Luiz,Aston Villa,Premier League,MID,Central Midfield,28.1,922,18000000,12280000,7310000,23750000,-31.8,-19.6,in range,in range
604113,2025/26,Jamil Siebert,US Lecce,Serie A,DEF,Centre-Back,24.2,1700,4500000,3070000,1260000,8060000,-31.8,-19.6,in range,in range
671590,2025/26,Daouda Guindo,Stade Brestois 29,Ligue 1,DEF,Left-Back,23.6,1687,4500000,3070000,1710000,7880000,-31.7,-19.6,in range,in range
418560,2025/26,Erling Haaland,Manchester City,Premier League,ATT,Centre-Forward,25.9,2959,200000000,136360000,79660000,229860000,-31.8,-19.7,in range,in range
459763,2025/26,Marco Carnesecchi,Atalanta BC,Serie A,GK,Goalkeeper,25.9,3330,30000000,20430000,7440000,37440000,-31.9,-19.7,in range,in range
474701,2025/26,Crysencio Summerville,West Ham United,Premier League,ATT,Left Winger,24.6,2484,35000000,23830000,11050000,31610000,-31.9,-19.7,in range,overvalued
367284,2025/26,Leo Østigård,Genoa CFC,Serie A,DEF,Centre-Back,26.5,2623,13000000,8850000,4110000,17990000,-32.0,-19.8,in range,in range
543499,2025/26,Mohammed Kudus,Tottenham Hotspur,Premier League,ATT,Right Winger,25.8,1546,50000000,34040000,12300000,43830000,-31.9,-19.8,in range,overvalued
466802,2025/26,Adrián Bernabé,Parma Calcio 1913,Serie A,MID,Central Midfield,25.0,2494,15000000,10190000,4630000,17660000,-32.1,-20.0,in range,in range
1390649,2025/26,Yan Diomande,RB Leipzig,Bundesliga,ATT,Left Winger,19.5,2483,90000000,61090000,31800000,88070000,-32.1,-20.0,in range,overvalued
910905,2025/26,Mamadou Sarr,RC Strasbourg Alsace,Ligue 1,DEF,Centre-Back,20.8,1406,22000000,14920000,5280000,25690000,-32.2,-20.1,in range,in range
165513,2025/26,Berat Djimsiti,Atalanta BC,Serie A,DEF,Centre-Back,33.3,2526,4000000,2710000,1360000,7920000,-32.4,-20.3,in range,in range
457931,2025/26,Luiz Felipe,Rayo Vallecano,LaLiga,DEF,Centre-Back,29.2,470,2000000,1350000,640000,3810000,-32.4,-20.3,not rated,not rated
463620,2025/26,Willem Geubbels,Paris FC,Ligue 1,ATT,Centre-Forward,24.8,1012,5000000,3380000,1520000,7610000,-32.3,-20.3,in range,in range
520530,2025/26,Fali Candé,US Sassuolo,Serie A,DEF,Centre-Back,28.3,507,3000000,2020000,1260000,5760000,-32.7,-20.7,not rated,not rated
599419,2025/26,Max Rosenfelder,SC Freiburg,Bundesliga,DEF,Centre-Back,23.1,489,6000000,4040000,1410000,8300000,-32.7,-20.7,not rated,not rated
392085,2025/26,Nicolò Zaniolo,Udinese Calcio,Serie A,ATT,Second Striker,26.9,2271,15000000,10090000,4370000,19430000,-32.8,-20.8,in range,in range
395512,2025/26,Antoine Bernede,Hellas Verona,Serie A,MID,Central Midfield,27.0,2316,3500000,2350000,1490000,6060000,-32.9,-20.9,in range,in range
991054,2025/26,Terry Yegbe,FC Metz,Ligue 1,DEF,Centre-Back,25.3,1966,3000000,2010000,1140000,4820000,-32.9,-20.9,in range,in range
707844,2025/26,Mandela Keita,Parma Calcio 1913,Serie A,MID,Defensive Midfield,24.1,2994,20000000,13410000,6040000,22400000,-32.9,-21.0,in range,in range
328784,2025/26,Robin Koch,Eintracht Frankfurt,Bundesliga,DEF,Centre-Back,29.9,2835,10000000,6690000,3630000,16880000,-33.1,-21.2,in range,in range
743600,2025/26,Andrey Santos,Chelsea FC,Premier League,MID,Central Midfield,22.1,1255,40000000,26740000,16070000,42830000,-33.2,-21.2,in range,in range
553875,2025/26,Pedro Porro,Tottenham Hotspur,Premier League,DEF,Right-Back,26.7,2798,35000000,23330000,12050000,34660000,-33.3,-21.4,in range,overvalued
127189,2025/26,Geoffrey Kondogbia,Olympique Marseille,Ligue 1,MID,Defensive Midfield,33.1,593,4000000,2660000,1040000,4920000,-33.4,-21.5,not rated,not rated
834397,2025/26,Mike Penders,RC Strasbourg Alsace,Ligue 1,GK,Goalkeeper,20.8,2970,25000000,16640000,9640000,31230000,-33.4,-21.5,in range,in range
490426,2025/26,Krépin Diatta,AS Monaco,Ligue 1,MID,Right Midfield,27.3,1011,6000000,3990000,1570000,9840000,-33.5,-21.6,in range,in range
395234,2025/26,Batista Mendy,Sevilla FC,LaLiga,MID,Defensive Midfield,26.4,1619,7500000,4980000,2660000,12120000,-33.6,-21.7,in range,in range
85295,2025/26,Iván Balliu,Rayo Vallecano,LaLiga,DEF,Right-Back,34.4,578,1000000,660000,500000,1120000,-33.6,-21.8,not rated,not rated
371998,2025/26,Vinicius Junior,Real Madrid,LaLiga,ATT,Left Winger,25.9,2825,140000000,92940000,48440000,142770000,-33.6,-21.8,in range,in range
192635,2025/26,Nico Elvedi,Borussia Mönchengladbach,Bundesliga,DEF,Centre-Back,29.7,2967,8000000,5300000,2980000,10710000,-33.7,-21.9,in range,in range
333241,2025/26,Joelinton,Newcastle United,Premier League,MID,Central Midfield,29.8,1956,25000000,16560000,8110000,29010000,-33.8,-21.9,in range,in range
393512,2025/26,Felix Agu,SV Werder Bremen,Bundesliga,DEF,Left-Back,26.7,747,4500000,2980000,1420000,7150000,-33.8,-21.9,not rated,not rated
660867,2025/26,Julio Enciso,RC Strasbourg Alsace,Ligue 1,MID,Attacking Midfield,22.4,1893,25000000,16580000,7040000,29710000,-33.7,-21.9,in range,in range
134270,2025/26,Dan Burn,Newcastle United,Premier League,DEF,Centre-Back,34.1,2199,4000000,2650000,1290000,5020000,-33.8,-22.0,in range,in range
232454,2025/26,Nadiem Amiri,1.FSV Mainz 05,Bundesliga,MID,Central Midfield,29.6,2092,17000000,11250000,5240000,20080000,-33.8,-22.0,in range,in range
285323,2025/26,Baptiste Santamaria,Valencia CF,LaLiga,MID,Defensive Midfield,31.0,743,3000000,1990000,1150000,3730000,-33.8,-22.0,not rated,not rated
483046,2025/26,Josip Stanisic,Bayern Munich,Bundesliga,DEF,Right-Back,26.1,1855,40000000,26470000,14210000,46700000,-33.8,-22.0,in range,in range
708086,2025/26,Romano Floriani Mussolini,US Cremonese,Serie A,DEF,Right-Back,23.3,1164,2500000,1650000,1020000,4870000,-33.8,-22.0,in range,in range
1103652,2025/26,Marius Louër,Angers SCO,Ligue 1,DEF,Right-Back,19.2,541,2000000,1320000,650000,5110000,-33.8,-22.0,not rated,not rated
449151,2025/26,Junior Messias,Genoa CFC,Serie A,ATT,Right Winger,35.0,675,1100000,730000,480000,2010000,-34.0,-22.2,not rated,not rated
571607,2025/26,Fabio Miretti,Juventus FC,Serie A,MID,Central Midfield,22.8,605,15000000,9900000,5170000,20810000,-34.0,-22.2,not rated,not rated
261905,2025/26,Suat Serdar,Hellas Verona,Serie A,MID,Central Midfield,29.0,1109,3500000,2310000,1310000,4640000,-34.1,-22.3,in range,in range
865682,2025/26,Ezechiel Banzuzi,RB Leipzig,Bundesliga,MID,Central Midfield,21.3,578,16000000,10540000,7070000,24210000,-34.1,-22.3,not rated,not rated
74229,2025/26,Koke,Atlético de Madrid,LaLiga,MID,Central Midfield,34.4,2220,5000000,3290000,1500000,6810000,-34.2,-22.4,in range,in range
95424,2025/26,Kyle Walker,Burnley FC,Premier League,DEF,Right-Back,36.0,3097,1500000,990000,570000,1900000,-34.2,-22.4,in range,in range
565424,2025/26,Johan Bakayoko,RB Leipzig,Bundesliga,ATT,Right Winger,23.1,774,20000000,13180000,6050000,22780000,-34.1,-22.4,not rated,not rated
647280,2025/26,Kieron Bowie,Hellas Verona,Serie A,ATT,Centre-Forward,23.7,1204,7000000,4610000,1680000,10270000,-34.2,-22.4,in range,in range
162434,2025/26,Niklas Stark,SV Werder Bremen,Bundesliga,DEF,Centre-Back,31.1,701,2500000,1640000,910000,3780000,-34.2,-22.5,not rated,not rated
526845,2025/26,Noah Atubolu,SC Freiburg,Bundesliga,GK,Goalkeeper,24.0,3060,25000000,16440000,6860000,29850000,-34.2,-22.5,in range,in range
747720,2025/26,Jayden Addai,Como 1907,Serie A,ATT,Right Winger,20.8,687,20000000,13160000,5000000,22310000,-34.2,-22.5,not rated,not rated
202886,2025/26,Ruben Loftus-Cheek,AC Milan,Serie A,MID,Central Midfield,30.3,1126,8500000,5580000,2850000,14780000,-34.3,-22.6,in range,in range
493003,2025/26,Daniel Muñoz,Crystal Palace,Premier League,DEF,Right-Back,30.0,2404,22000000,14440000,7610000,23930000,-34.4,-22.6,in range,in range
563963,2025/26,Mohammed Salisu,AS Monaco,Ligue 1,DEF,Centre-Back,27.1,1080,10000000,6570000,2320000,14630000,-34.3,-22.6,in range,in range
822458,2025/26,Bamba Dieng,FC Lorient,Ligue 1,ATT,Centre-Forward,26.2,1219,15000000,9850000,3210000,13120000,-34.4,-22.6,in range,overvalued
289835,2025/26,Jens Stage,SV Werder Bremen,Bundesliga,MID,Central Midfield,29.5,2468,14000000,9180000,4240000,16310000,-34.4,-22.7,in range,in range
568158,2025/26,Javi López,Real Oviedo,LaLiga,DEF,Left-Back,24.2,1713,5000000,3280000,1740000,6550000,-34.4,-22.7,in range,in range
897424,2025/26,Assan Ouédraogo,RB Leipzig,Bundesliga,MID,Central Midfield,20.0,955,28000000,18370000,8200000,34780000,-34.4,-22.7,in range,in range
955357,2025/26,Junior Kroupi,AFC Bournemouth,Premier League,ATT,Centre-Forward,19.9,1683,70000000,45900000,21900000,51430000,-34.4,-22.7,overvalued,overvalued
661212,2025/26,Mathias Løvik,Parma Calcio 1913,Serie A,DEF,Left-Back,22.0,472,4000000,2620000,810000,5890000,-34.5,-22.8,not rated,not rated
467992,2025/26,Samuele Ricci,AC Milan,Serie A,MID,Defensive Midfield,24.8,1297,22000000,14390000,7990000,30320000,-34.6,-22.9,in range,in range
210178,2025/26,Pablo Marí,ACF Fiorentina,Serie A,DEF,Centre-Back,32.8,809,2000000,1310000,700000,2800000,-34.7,-23.0,not rated,not rated
475413,2025/26,Sacha Boey,Bayern Munich,Bundesliga,DEF,Right-Back,25.3,462,15000000,9800000,4400000,24210000,-34.6,-23.0,not rated,not rated
683571,2025/26,Tolu Arokodare,Wolverhampton Wanderers,Premier League,ATT,Centre-Forward,25.5,1408,20000000,13070000,9660000,22050000,-34.7,-23.0,in range,in range
819566,2025/26,Nidal Celik,RC Lens,Ligue 1,DEF,Centre-Back,19.9,618,7000000,4570000,2590000,15490000,-34.7,-23.1,not rated,not rated
855308,2025/26,Arthur Atta,Udinese Calcio,Serie A,MID,Central Midfield,23.4,2563,25000000,16310000,6730000,26180000,-34.8,-23.1,in range,in range
521964,2025/26,Malick Thiaw,Newcastle United,Premier League,DEF,Centre-Back,24.8,2964,45000000,29290000,17320000,43770000,-34.9,-23.3,in range,overvalued
947411,2025/26,Chris Rigg,Sunderland AFC,Premier League,MID,Attacking Midfield,19.0,766,25000000,16270000,6040000,27180000,-34.9,-23.3,not rated,not rated
167799,2025/26,Pierre-Emile Højbjerg,Olympique Marseille,Ligue 1,MID,Defensive Midfield,30.8,2715,15000000,9740000,5330000,20050000,-35.0,-23.4,in range,in range
633668,2025/26,Giovanni Fabbian,Bologna Football Club 1909,Serie A,MID,Attacking Midfield,23.4,1168,10000000,6500000,3500000,15590000,-35.0,-23.4,in range,in range
365108,2025/26,Dan Ndoye,Nottingham Forest,Premier League,ATT,Right Winger,25.6,1176,32000000,20750000,10110000,33510000,-35.2,-23.6,in range,in range
518644,2025/26,Largie Ramazani,Valencia CF,LaLiga,ATT,Left Winger,25.3,1226,8000000,5190000,2110000,12920000,-35.2,-23.6,in range,in range
605184,2025/26,Jean-Clair Todibo,West Ham United,Premier League,DEF,Centre-Back,26.4,1819,22000000,14250000,6020000,25660000,-35.2,-23.6,in range,in range
742201,2025/26,Giuliano Simeone,Atlético de Madrid,LaLiga,ATT,Right Winger,23.5,2110,40000000,25910000,15090000,51240000,-35.2,-23.6,in range,in range
568696,2025/26,Cheikh Sabaly,FC Metz,Ligue 1,ATT,Left Winger,26.8,971,3500000,2270000,790000,4440000,-35.2,-23.7,in range,in range
27992,2025/26,Luka Modrić,AC Milan,Serie A,MID,Central Midfield,40.7,2816,3500000,2260000,1320000,4480000,-35.3,-23.8,in range,in range
168157,2025/26,Leander Dendoncker,Real Oviedo,LaLiga,MID,Defensive Midfield,30.9,1333,3000000,1940000,1100000,2800000,-35.5,-23.9,in range,overvalued
255501,2025/26,Iñigo Lekue,Athletic Bilbao,LaLiga,DEF,Right-Back,33.1,600,1000000,650000,420000,1380000,-35.5,-24.0,not rated,not rated
58864,2025/26,Pierre-Emerick Aubameyang,Olympique Marseille,Ligue 1,ATT,Centre-Forward,37.0,2047,2500000,1610000,480000,3660000,-35.6,-24.1,in range,in range
321528,2025/26,Denzel Dumfries,Inter Milan,Serie A,DEF,Right-Back,30.1,1328,25000000,16090000,6070000,26880000,-35.6,-24.2,in range,in range
378293,2025/26,Yangel Herrera,Real Sociedad,LaLiga,MID,Central Midfield,28.4,638,6000000,3860000,1790000,9290000,-35.7,-24.2,not rated,not rated
955281,2025/26,Nhoa Sangui,Paris FC,Ligue 1,DEF,Left-Back,20.3,1734,10000000,6410000,3340000,13300000,-35.9,-24.4,in range,in range
291200,2025/26,Moussa Niakhaté,Olympique Lyon,Ligue 1,DEF,Centre-Back,30.2,2758,15000000,9590000,4910000,22320000,-36.0,-24.6,in range,in range
1057316,2025/26,Franco Mastantuono,Real Madrid,LaLiga,ATT,Right Winger,18.8,1037,45000000,28780000,8740000,54530000,-36.0,-24.6,in range,in range
991487,2025/26,Abdoul Ouattara,RC Strasbourg Alsace,Ligue 1,DEF,Right-Back,20.6,1764,15000000,9590000,5710000,22690000,-36.1,-24.7,in range,in range
174196,2025/26,Kenny Lala,Stade Brestois 29,Ligue 1,DEF,Right-Back,34.7,2792,1500000,960000,670000,2060000,-36.2,-24.8,in range,in range
331401,2025/26,Manuel Lazzari,Società Sportiva Lazio S.p.A.,Serie A,DEF,Right-Back,32.5,933,2000000,1280000,810000,2500000,-36.2,-24.8,in range,in range
335103,2025/26,Linton Maina,1.FC Köln,Bundesliga,ATT,Left Winger,26.9,1020,3000000,1910000,1030000,4410000,-36.3,-24.9,in range,in range
444523,2025/26,Lucas Paquetá,West Ham United,Premier League,MID,Attacking Midfield,28.7,1522,32000000,20400000,7080000,27420000,-36.2,-24.9,in range,overvalued
586853,2025/26,Vitinha,Genoa CFC,Serie A,ATT,Centre-Forward,26.2,2242,8000000,5100000,3480000,12300000,-36.2,-24.9,in range,in range
820374,2025/26,Kobbie Mainoo,Manchester United,Premier League,MID,Central Midfield,21.1,1654,70000000,44630000,29420000,52410000,-36.2,-24.9,overvalued,overvalued
1178489,2025/26,Alpha Touré,FC Metz,Ligue 1,MID,Defensive Midfield,20.3,1602,5000000,3180000,1630000,8830000,-36.3,-24.9,in range,in range
335993,2025/26,Philipp Treu,SC Freiburg,Bundesliga,DEF,Right-Back,25.5,2188,15000000,9550000,4650000,20360000,-36.3,-25.0,in range,in range
182712,2025/26,João Cancelo,FC Barcelona,LaLiga,DEF,Right-Back,32.0,953,8000000,5080000,2420000,11040000,-36.5,-25.2,in range,in range
443331,2025/26,Patrick Osterhage,SC Freiburg,Bundesliga,MID,Defensive Midfield,26.3,1187,12000000,7610000,2640000,14770000,-36.6,-25.2,in range,in range
131225,2025/26,Nicolás Tagliafico,Olympique Lyon,Ligue 1,DEF,Left-Back,33.7,1310,4000000,2530000,1100000,4520000,-36.7,-25.4,in range,in range
398065,2025/26,Harvey Barnes,Newcastle United,Premier League,ATT,Left Winger,28.5,1961,32000000,20270000,12300000,30980000,-36.7,-25.4,in range,overvalued
620322,2025/26,Malo Gusto,Chelsea FC,Premier League,DEF,Right-Back,23.0,2268,35000000,22170000,14110000,36990000,-36.7,-25.4,in range,in range
923945,2025/26,Noahkai Banks,FC Augsburg,Bundesliga,DEF,Centre-Back,19.5,1727,20000000,12640000,3690000,22660000,-36.8,-25.5,in range,in range
377243,2025/26,Jakub Piotrowski,Udinese Calcio,Serie A,MID,Central Midfield,28.6,1699,4500000,2840000,1860000,8050000,-36.9,-25.6,in range,in range
796213,2025/26,Nelson Weiper,1.FSV Mainz 05,Bundesliga,ATT,Centre-Forward,21.2,540,7000000,4420000,2240000,7860000,-36.8,-25.6,not rated,not rated
243879,2025/26,Charles Pickel,RCD Espanyol Barcelona,LaLiga,MID,Defensive Midfield,29.1,693,2500000,1580000,950000,3720000,-36.9,-25.7,not rated,not rated
505653,2025/26,Fábio Silva,Borussia Dortmund,Bundesliga,ATT,Centre-Forward,23.9,805,22000000,13860000,10050000,35460000,-37.0,-25.7,not rated,not rated
951579,2025/26,Saël Kumbedi,VfL Wolfsburg,Bundesliga,DEF,Right-Back,21.2,1873,12000000,7560000,2850000,12620000,-37.0,-25.7,in range,in range
485585,2025/26,Ian Maatsen,Aston Villa,Premier League,DEF,Left-Back,24.2,1599,30000000,18880000,14750000,32670000,-37.1,-25.8,in range,in range
609556,2025/26,William Osula,Newcastle United,Premier League,ATT,Centre-Forward,22.8,811,28000000,17620000,10060000,27400000,-37.1,-25.8,not rated,not rated
1103958,2025/26,Prosper Peter,Angers SCO,Ligue 1,ATT,Centre-Forward,18.8,1266,15000000,9450000,3620000,13910000,-37.0,-25.8,in range,overvalued
358143,2025/26,Chidozie Awaziem,FC Nantes,Ligue 1,DEF,Centre-Back,29.4,2232,2500000,1570000,950000,3370000,-37.1,-25.9,in range,in range
556385,2025/26,Destiny Udogie,Tottenham Hotspur,Premier League,DEF,Left-Back,23.5,1342,30000000,18860000,7500000,30580000,-37.1,-25.9,in range,in range
568559,2025/26,Radu Drăgușin,Tottenham Hotspur,Premier League,DEF,Centre-Back,24.3,516,16000000,10050000,3460000,18250000,-37.2,-26.0,not rated,not rated
1004619,2025/26,Dehmaine Tabibou,FC Nantes,Ligue 1,MID,Central Midfield,21.1,1251,5000000,3140000,1580000,7120000,-37.2,-26.0,in range,in range
111873,2025/26,Emiliano Martínez,Aston Villa,Premier League,GK,Goalkeeper,33.7,2835,12000000,7530000,3700000,14910000,-37.3,-26.1,in range,in range
126729,2025/26,Patric,Società Sportiva Lazio S.p.A.,Serie A,DEF,Centre-Back,33.1,661,1500000,940000,550000,2480000,-37.3,-26.1,not rated,not rated
548111,2025/26,Álex Baena,Atlético de Madrid,LaLiga,ATT,Left Winger,24.9,1572,40000000,25070000,10050000,47540000,-37.3,-26.1,in range,in range
504215,2025/26,Giovanni Reyna,Borussia Mönchengladbach,Bundesliga,MID,Attacking Midfield,23.5,509,4000000,2510000,1490000,7280000,-37.4,-26.2,not rated,not rated
620295,2025/26,Mio Backhaus,SV Werder Bremen,Bundesliga,GK,Goalkeeper,22.1,2880,15000000,9390000,3680000,16890000,-37.4,-26.2,in range,in range
918969,2025/26,Lamine Camara,AS Monaco,Ligue 1,MID,Central Midfield,22.4,1851,40000000,25040000,9480000,37040000,-37.4,-26.2,in range,overvalued
237658,2025/26,Michel Aebischer,Pisa Sporting Club,Serie A,MID,Central Midfield,29.4,2900,4000000,2500000,1230000,5350000,-37.5,-26.4,in range,in range
593482,2025/26,Azzedine Ounahi,Girona FC,LaLiga,MID,Central Midfield,26.1,1766,10000000,6230000,2620000,11130000,-37.7,-26.6,in range,in range
450050,2025/26,Jean-Ricner Bellegarde,Wolverhampton Wanderers,Premier League,MID,Central Midfield,27.9,1250,16000000,9950000,5400000,18100000,-37.8,-26.7,in range,in range
598577,2025/26,Florian Wirtz,Liverpool FC,Premier League,MID,Attacking Midfield,23.1,2390,100000000,62190000,38100000,102720000,-37.8,-26.7,in range,in range
624258,2025/26,Conor Bradley,Liverpool FC,Premier League,DEF,Right-Back,22.9,933,25000000,15540000,9210000,27130000,-37.8,-26.7,in range,in range
193900,2025/26,Marius Wolf,FC Augsburg,Bundesliga,DEF,Right-Back,31.0,1012,2500000,1550000,1570000,4370000,-37.9,-26.8,in range,in range
309110,2025/26,Brais Méndez,Real Sociedad,LaLiga,MID,Attacking Midfield,29.4,1671,8000000,4970000,2660000,11260000,-37.9,-26.8,in range,in range
538964,2025/26,Thijs Dallinga,Bologna Football Club 1909,Serie A,ATT,Centre-Forward,25.8,804,9000000,5590000,2570000,15440000,-37.9,-26.8,not rated,not rated
855256,2025/26,Alex Scott,AFC Bournemouth,Premier League,MID,Central Midfield,22.8,2860,50000000,31050000,18520000,45810000,-37.9,-26.8,in range,overvalued
442891,2025/26,Martin Terrier,Bayer 04 Leverkusen,Bundesliga,ATT,Left Winger,29.2,671,8000000,4960000,2630000,16190000,-37.9,-26.9,not rated,not rated
560417,2025/26,Alemão,Rayo Vallecano,LaLiga,ATT,Centre-Forward,28.2,1133,4000000,2480000,1470000,7420000,-37.9,-26.9,in range,in range
622380,2025/26,Cesare Casadei,Torino FC,Serie A,MID,Central Midfield,23.4,1990,15000000,9310000,4570000,17390000,-38.0,-26.9,in range,in range
875334,2025/26,Semih Kılıçsoy,Cagliari Calcio,Serie A,ATT,Centre-Forward,20.8,975,11000000,6810000,3790000,12800000,-38.1,-27.0,in range,in range
739443,2025/26,Igor Thiago,Brentford FC,Premier League,ATT,Centre-Forward,24.9,3287,65000000,40210000,24550000,51500000,-38.1,-27.1,overvalued,overvalued
806793,2025/26,Clément Akpa,AJ Auxerre,Ligue 1,DEF,Centre-Back,24.5,1941,9000000,5570000,2680000,11030000,-38.1,-27.1,in range,in range
503770,2025/26,Folarin Balogun,AS Monaco,Ligue 1,ATT,Centre-Forward,24.9,2247,40000000,24720000,10740000,39410000,-38.2,-27.2,in range,overvalued
668207,2025/26,Petar Sučić,Inter Milan,Serie A,MID,Central Midfield,22.6,1764,40000000,24720000,15960000,50220000,-38.2,-27.2,in range,in range
815078,2025/26,Jordy Makengo,SC Freiburg,Bundesliga,DEF,Left-Back,24.8,1173,6000000,3690000,1570000,9050000,-38.5,-27.5,in range,in range
388198,2025/26,Nico Schlotterbeck,Borussia Dortmund,Bundesliga,DEF,Centre-Back,26.5,2520,55000000,33800000,16030000,51870000,-38.5,-27.6,in range,overvalued
567576,2025/26,Elliot Anderson,Nottingham Forest,Premier League,MID,Central Midfield,23.6,3335,75000000,46080000,21690000,57700000,-38.6,-27.6,overvalued,overvalued
133179,2025/26,Marten de Roon,Atalanta BC,Serie A,MID,Defensive Midfield,35.2,2704,3200000,1960000,920000,5010000,-38.7,-27.8,in range,in range
462823,2025/26,Gustav Isaksen,Società Sportiva Lazio S.p.A.,Serie A,ATT,Right Winger,25.1,1598,15000000,9190000,4480000,20320000,-38.7,-27.8,in range,in range
357162,2025/26,Florentino,Burnley FC,Premier League,MID,Defensive Midfield,26.8,2114,16000000,9790000,5850000,21580000,-38.8,-27.9,in range,in range
475959,2025/26,Josko Gvardiol,Manchester City,Premier League,DEF,Centre-Back,24.4,1374,70000000,42830000,28750000,59750000,-38.8,-27.9,in range,overvalued
514285,2025/26,Quilindschy Hartman,Burnley FC,Premier League,DEF,Left-Back,24.6,1830,16000000,9790000,4010000,18090000,-38.8,-27.9,in range,in range
420064,2025/26,Caio Henrique,AS Monaco,Ligue 1,DEF,Left-Back,28.8,1533,12000000,7330000,3800000,14900000,-39.0,-28.1,in range,in range
1063338,2025/26,Carlos Espí,Levante UD,LaLiga,ATT,Centre-Forward,20.9,1339,20000000,12200000,3250000,14950000,-39.0,-28.1,overvalued,overvalued
342385,2025/26,Guido Rodríguez,Valencia CF,LaLiga,MID,Defensive Midfield,32.1,1485,4000000,2430000,1100000,5090000,-39.2,-28.4,in range,in range
148153,2025/26,Lewis Dunk,Brighton & Hove Albion,Premier League,DEF,Centre-Back,34.5,2837,3500000,2120000,1360000,4170000,-39.4,-28.5,in range,in range
229604,2025/26,Gerónimo Rulli,Olympique Marseille,Ligue 1,GK,Goalkeeper,34.0,2610,6000000,3640000,1390000,6590000,-39.3,-28.5,in range,in range
1113451,2025/26,Kojo Peprah Oppong,OGC Nice,Ligue 1,DEF,Centre-Back,22.0,2429,10000000,6070000,2750000,11550000,-39.3,-28.5,in range,in range
503749,2025/26,Jacob Ramsey,Newcastle United,Premier League,MID,Central Midfield,25.0,1445,35000000,21190000,12480000,33460000,-39.5,-28.6,in range,overvalued
500067,2025/26,Chidera Ejuke,Sevilla FC,LaLiga,ATT,Left Winger,28.4,922,4000000,2420000,1470000,5090000,-39.6,-28.8,in range,in range
581678,2025/26,Jude Bellingham,Real Madrid,LaLiga,MID,Attacking Midfield,22.9,1918,130000000,78570000,34970000,122580000,-39.6,-28.8,in range,overvalued
40433,2025/26,Alexis Sánchez,Sevilla FC,LaLiga,ATT,Second Striker,37.5,1300,1200000,720000,430000,1720000,-39.7,-28.9,in range,in range
110864,2025/26,Sam Johnstone,Wolverhampton Wanderers,Premier League,GK,Goalkeeper,33.0,1080,3000000,1810000,800000,4350000,-39.7,-28.9,in range,in range
291222,2025/26,Jean-Luc Dompé,Hamburger SV,Bundesliga,ATT,Left Winger,30.8,1138,2500000,1510000,770000,2970000,-39.7,-28.9,in range,in range
309400,2025/26,Kai Havertz,Arsenal FC,Premier League,ATT,Centre-Forward,27.0,583,55000000,33180000,17880000,52260000,-39.7,-28.9,not rated,not rated
605268,2025/26,Igor Matanovic,SC Freiburg,Bundesliga,ATT,Centre-Forward,23.2,1563,22000000,13270000,7010000,25030000,-39.7,-28.9,in range,in range
1074990,2025/26,Luca Reggiani,Borussia Dortmund,Bundesliga,DEF,Centre-Back,18.4,513,10000000,6030000,3690000,20510000,-39.7,-28.9,not rated,not rated
193082,2025/26,Alejandro Grimaldo,Bayer 04 Leverkusen,Bundesliga,DEF,Left-Back,30.7,2524,20000000,12050000,7530000,25150000,-39.7,-29.0,in range,in range
653610,2025/26,Igor Paixão,Olympique Marseille,Ligue 1,ATT,Left Winger,25.9,1985,35000000,21100000,12610000,45400000,-39.7,-29.0,in range,in range
351478,2025/26,Mikel Oyarzabal,Real Sociedad,LaLiga,ATT,Centre-Forward,29.1,2715,25000000,15050000,7730000,25850000,-39.8,-29.1,in range,in range
645774,2025/26,Eren Dinkçi,1. Fußballclub Heidenheim 1846,Bundesliga,ATT,Right Winger,24.5,1381,6000000,3610000,1690000,7820000,-39.8,-29.1,in range,in range
57500,2025/26,César Azpilicueta,Sevilla FC,LaLiga,DEF,Centre-Back,36.8,1218,1000000,600000,370000,1240000,-39.9,-29.2,in range,in range
467437,2025/26,Malik Tillman,Bayer 04 Leverkusen,Bundesliga,MID,Attacking Midfield,24.0,1677,30000000,18030000,11570000,38280000,-39.9,-29.2,in range,in range
637803,2025/26,Rafael Luís,RC Strasbourg Alsace,Ligue 1,MID,Defensive Midfield,21.3,585,5000000,3010000,1050000,11160000,-39.9,-29.2,not rated,not rated
498237,2025/26,David Carmo,Real Oviedo,LaLiga,DEF,Centre-Back,26.9,1787,5000000,2990000,1430000,5300000,-40.2,-29.5,in range,in range
564785,2025/26,Kristian Thorstvedt,US Sassuolo,Serie A,MID,Central Midfield,27.2,2458,12000000,7170000,2940000,14180000,-40.2,-29.6,in range,in range
982267,2025/26,Ibrahim Sulemana,Cagliari Calcio,Serie A,MID,Defensive Midfield,23.0,895,6000000,3580000,1680000,7700000,-40.3,-29.6,not rated,not rated
602105,2025/26,Antony,Real Betis Balompié,LaLiga,ATT,Right Winger,26.3,2460,40000000,23870000,10330000,44090000,-40.3,-29.7,in range,in range
707230,2025/26,Ugo Raghouber,Levante UD,LaLiga,MID,Defensive Midfield,22.9,707,3000000,1790000,730000,4620000,-40.3,-29.7,not rated,not rated
743496,2025/26,Kévin Danois,AJ Auxerre,Ligue 1,MID,Central Midfield,21.9,2839,20000000,11920000,5860000,18390000,-40.4,-29.7,in range,overvalued
750904,2025/26,Tom Louchet,OGC Nice,Ligue 1,MID,Right Midfield,23.1,1365,7000000,4180000,2120000,8120000,-40.3,-29.7,in range,in range
45672,2025/26,Kevin Trapp,Paris FC,Ligue 1,GK,Goalkeeper,35.9,1980,1800000,1070000,430000,1920000,-40.4,-29.8,in range,in range
1009596,2025/26,Junior Diaz,Stade Brestois 29,Ligue 1,DEF,Centre-Back,22.9,1560,6000000,3570000,1480000,9690000,-40.4,-29.8,in range,in range
502676,2025/26,Giorgi Mamardashvili,Liverpool FC,Premier League,GK,Goalkeeper,25.7,868,28000000,16650000,9020000,34160000,-40.5,-29.9,not rated,not rated
406640,2025/26,Felix Nmecha,Borussia Dortmund,Bundesliga,MID,Central Midfield,25.6,2190,50000000,29690000,14870000,46590000,-40.6,-30.0,in range,overvalued
569845,2025/26,Charles Vanhoutte,OGC Nice,Ligue 1,MID,Defensive Midfield,27.7,1779,7000000,4160000,1930000,8120000,-40.6,-30.0,in range,in range
1130514,2025/26,Samir El Mourabet,RC Strasbourg Alsace,Ligue 1,MID,Central Midfield,20.7,2137,22000000,13060000,6430000,24340000,-40.6,-30.0,in range,in range
175722,2025/26,Eric Dier,AS Monaco,Ligue 1,DEF,Centre-Back,32.4,687,4000000,2370000,1130000,5890000,-40.7,-30.1,not rated,not rated
620313,2025/26,Lucas Gourna-Douath,Le Havre AC,Ligue 1,MID,Defensive Midfield,22.8,1276,6000000,3560000,1050000,7700000,-40.7,-30.1,in range,in range
1141560,2025/26,Kader Meïté,Stade Rennais FC,Ligue 1,ATT,Centre-Forward,18.5,530,18000000,10680000,4720000,22790000,-40.6,-30.1,not rated,not rated
251299,2025/26,Finn Dahmen,FC Augsburg,Bundesliga,GK,Goalkeeper,28.2,3060,12000000,7110000,3340000,13330000,-40.8,-30.2,in range,in range
469781,2025/26,Marcos Senesi,AFC Bournemouth,Premier League,DEF,Centre-Back,29.1,3290,25000000,14800000,8730000,27630000,-40.8,-30.2,in range,in range
538971,2025/26,Naouirou Ahamada,AJ Auxerre,Ligue 1,MID,Central Midfield,24.2,679,3000000,1780000,710000,4280000,-40.8,-30.2,not rated,not rated
548254,2025/26,Nathan Ngoy,LOSC Lille,Ligue 1,DEF,Centre-Back,23.0,2404,25000000,14810000,7510000,29260000,-40.7,-30.2,in range,in range
1038950,2025/26,Karl Etta Eyong,Levante UD,LaLiga,ATT,Centre-Forward,22.6,1668,15000000,8880000,4160000,14600000,-40.8,-30.2,in range,overvalued
475411,2025/26,Wesley Fofana,Chelsea FC,Premier League,DEF,Centre-Back,25.5,1726,28000000,16550000,9190000,29070000,-40.9,-30.3,in range,in range
505219,2025/26,James Garner,Everton FC,Premier League,MID,Defensive Midfield,25.2,3414,45000000,26620000,15380000,40040000,-40.8,-30.3,in range,overvalued
165793,2025/26,Takumi Minamino,AS Monaco,Ligue 1,ATT,Left Winger,30.9,950,12000000,7080000,2270000,10290000,-41.0,-30.5,in range,overvalued
625014,2025/26,Julen Agirrezabala,Valencia CF,LaLiga,GK,Goalkeeper,25.4,1620,9000000,5310000,1560000,13560000,-41.0,-30.5,in range,in range
470394,2025/26,Kenneth Taylor,Società Sportiva Lazio S.p.A.,Serie A,MID,Central Midfield,24.0,1402,25000000,14730000,4210000,23080000,-41.1,-30.6,in range,overvalued
290587,2025/26,Ellyes Skhiri,Eintracht Frankfurt,Bundesliga,MID,Defensive Midfield,31.0,1442,5000000,2940000,1620000,7130000,-41.3,-30.8,in range,in range
745461,2025/26,Luca Koleosho,Paris FC,Ligue 1,ATT,Right Winger,21.7,603,6000000,3520000,1400000,6570000,-41.3,-30.8,not rated,not rated
947360,2025/26,Kassoum Ouattara,AS Monaco,Ligue 1,DEF,Left-Back,21.4,970,12000000,7040000,3000000,18740000,-41.3,-30.8,in range,in range
1228231,2025/26,Juan Rodríguez,Cagliari Calcio,Serie A,DEF,Centre-Back,21.0,1314,10000000,5870000,2160000,10700000,-41.3,-30.8,in range,in range
368891,2025/26,Arthur Theate,Eintracht Frankfurt,Bundesliga,DEF,Centre-Back,26.0,2144,17000000,9960000,3860000,22060000,-41.4,-30.9,in range,in range
1077175,2025/26,Honest Ahanor,Atalanta BC,Serie A,DEF,Centre-Back,18.3,1375,30000000,17590000,5560000,24920000,-41.4,-30.9,overvalued,overvalued
315121,2025/26,Justin Bijlow,Genoa CFC,Serie A,GK,Goalkeeper,28.3,1395,4000000,2340000,890000,4860000,-41.5,-31.0,in range,in range
357156,2025/26,Diogo Leite,1.FC Union Berlin,Bundesliga,DEF,Centre-Back,27.3,1970,12000000,7030000,2570000,12520000,-41.4,-31.0,in range,in range
659513,2025/26,Soumaïla Coulibaly,Stade Brestois 29,Ligue 1,DEF,Centre-Back,22.6,1339,6000000,3500000,1450000,8810000,-41.7,-31.3,in range,in range
401529,2025/26,Dodô,ACF Fiorentina,Serie A,DEF,Right-Back,27.5,3139,16000000,9310000,3760000,15130000,-41.8,-31.4,in range,overvalued
1119453,2025/26,Herba Guirassy,FC Nantes,Ligue 1,ATT,Left Winger,19.8,819,7000000,4070000,1600000,7650000,-41.8,-31.4,not rated,not rated
949113,2025/26,Pape Demba Diop,FC Toulouse,Ligue 1,MID,Central Midfield,22.7,1187,9000000,5230000,1360000,9820000,-41.9,-31.5,in range,in range
901019,2025/26,Neil El Aynaoui,Associazione Sportiva Roma,Serie A,MID,Central Midfield,24.9,991,23000000,13350000,7330000,28290000,-42.0,-31.6,in range,in range
110923,2025/26,Mattia Perin,Juventus FC,Serie A,GK,Goalkeeper,33.5,765,2000000,1160000,710000,2650000,-42.0,-31.7,not rated,not rated
256178,2025/26,Joe Gomez,Liverpool FC,Premier League,DEF,Centre-Back,29.0,600,13000000,7540000,4490000,16950000,-42.0,-31.7,not rated,not rated
257455,2025/26,João Palhinha,Tottenham Hotspur,Premier League,MID,Defensive Midfield,30.9,2198,15000000,8690000,3650000,10850000,-42.0,-31.7,overvalued,overvalued
283170,2025/26,Iñaki Peña,Elche CF,LaLiga,GK,Goalkeeper,27.0,1440,5000000,2900000,1180000,5410000,-42.0,-31.7,in range,in range
613192,2025/26,Jens Castrop,Borussia Mönchengladbach,Bundesliga,MID,Central Midfield,22.8,1594,10000000,5790000,2310000,14270000,-42.1,-31.7,in range,in range
575998,2025/26,Leonardo Balerdi,Olympique Marseille,Ligue 1,DEF,Centre-Back,27.3,1998,18000000,10420000,5540000,22470000,-42.1,-31.8,in range,in range
264372,2025/26,Viktor Tsygankov,Girona FC,LaLiga,ATT,Right Winger,28.6,2642,15000000,8670000,3880000,13120000,-42.2,-31.9,in range,overvalued
649020,2025/26,Boubacar Traoré,FC Metz,Ligue 1,MID,Defensive Midfield,24.8,1392,4000000,2310000,1030000,4220000,-42.3,-32.0,in range,in range
239962,2025/26,Denis Vavro,VfL Wolfsburg,Bundesliga,DEF,Centre-Back,30.1,1175,5000000,2880000,1450000,6250000,-42.4,-32.1,in range,in range
1073748,2025/26,Kacper Potulski,1.FSV Mainz 05,Bundesliga,DEF,Centre-Back,18.6,1060,18000000,10370000,2330000,14940000,-42.4,-32.1,overvalued,overvalued
997861,2025/26,Kauã Santos,Eintracht Frankfurt,Bundesliga,GK,Goalkeeper,23.1,1085,7000000,4020000,1430000,10510000,-42.5,-32.2,in range,in range
415383,2025/26,Hervé Koffi,Angers SCO,Ligue 1,GK,Goalkeeper,29.6,2659,6000000,3440000,1640000,6300000,-42.7,-32.4,in range,in range
369316,2025/26,Ferdi Kadıoğlu,Brighton & Hove Albion,Premier League,DEF,Left-Back,26.7,3134,35000000,20050000,12500000,27610000,-42.7,-32.5,overvalued,overvalued
435796,2025/26,Kilian Fischer,VfL Wolfsburg,Bundesliga,DEF,Right-Back,25.4,804,5000000,2870000,1340000,5650000,-42.7,-32.5,not rated,not rated
708635,2025/26,Lorenzo Bernasconi,Atalanta BC,Serie A,MID,Left Midfield,22.5,1569,20000000,11460000,2990000,21320000,-42.7,-32.5,in range,in range
746910,2025/26,Mohamed Amoura,VfL Wolfsburg,Bundesliga,ATT,Centre-Forward,26.0,1928,20000000,11460000,6370000,18110000,-42.7,-32.5,in range,overvalued
579565,2025/26,Ísak Jóhannesson,1.FC Köln,Bundesliga,MID,Central Midfield,23.2,1812,8000000,4580000,2210000,10460000,-42.8,-32.6,in range,in range
655217,2025/26,Samson Baidoo,RC Lens,Ligue 1,DEF,Centre-Back,22.2,1827,25000000,14310000,7900000,30150000,-42.8,-32.6,in range,in range
646740,2025/26,Gavi,FC Barcelona,LaLiga,MID,Central Midfield,21.8,574,30000000,17130000,5650000,34460000,-42.9,-32.7,not rated,not rated
725912,2025/26,Antonín Kinský,Tottenham Hotspur,Premier League,GK,Goalkeeper,23.2,630,15000000,8560000,2700000,17430000,-42.9,-32.7,not rated,not rated
931838,2025/26,Hugo Larsson,Eintracht Frankfurt,Bundesliga,MID,Central Midfield,21.9,1820,28000000,15990000,6700000,27910000,-42.9,-32.7,in range,overvalued
520624,2025/26,Bruno Guimarães,Newcastle United,Premier League,MID,Central Midfield,28.5,2460,70000000,39930000,16340000,51010000,-43.0,-32.8,overvalued,overvalued
649026,2025/26,Moustapha Mbow,Paris FC,Ligue 1,DEF,Centre-Back,26.2,2716,9000000,5110000,2430000,11110000,-43.2,-33.0,in range,in range
394236,2025/26,Filip Ugrinic,Valencia CF,LaLiga,MID,Central Midfield,27.4,1507,6000000,3400000,1630000,8490000,-43.3,-33.2,in range,in range
986288,2025/26,Sidiki Chérif,Angers SCO,Ligue 1,ATT,Centre-Forward,19.2,1164,18000000,10210000,3180000,17390000,-43.3,-33.2,in range,overvalued
192080,2025/26,Nick Pope,Newcastle United,Premier League,GK,Goalkeeper,34.1,2417,5000000,2830000,1350000,5100000,-43.4,-33.3,in range,in range
495839,2025/26,Andrias Edmundsson,Hellas Verona,Serie A,DEF,Centre-Back,25.4,1320,3000000,1700000,740000,4170000,-43.4,-33.3,in range,in range
683840,2025/26,Pedri,FC Barcelona,LaLiga,MID,Central Midfield,23.5,2110,150000000,84920000,34960000,113980000,-43.4,-33.3,overvalued,overvalued
1064471,2025/26,Fer López,Celta de Vigo,LaLiga,MID,Attacking Midfield,22.0,1405,16000000,9060000,4000000,15790000,-43.4,-33.3,in range,overvalued
319301,2025/26,Daniel James,Leeds United,Premier League,ATT,Right Winger,28.6,553,10000000,5640000,2150000,11230000,-43.6,-33.5,not rated,not rated
746712,2025/26,Pietro Comuzzo,ACF Fiorentina,Serie A,DEF,Centre-Back,21.3,1696,18000000,10160000,4800000,17640000,-43.5,-33.5,in range,overvalued
35047,2025/26,Axel Witsel,Girona FC,LaLiga,MID,Defensive Midfield,37.4,2533,1200000,680000,430000,1220000,-43.7,-33.6,in range,in range
719999,2025/26,Andrés Castrín,Sevilla FC,LaLiga,DEF,Centre-Back,23.0,1276,6000000,3380000,1270000,8950000,-43.6,-33.6,in range,in range
138927,2025/26,Daniel Carvajal,Real Madrid,LaLiga,DEF,Right-Back,34.4,976,4000000,2250000,1280000,3750000,-43.8,-33.7,in range,overvalued
344381,2025/26,Christopher Nkunku,AC Milan,Serie A,ATT,Centre-Forward,28.5,1351,25000000,14050000,6510000,25050000,-43.8,-33.7,in range,in range
412363,2025/26,Rodrygo,Real Madrid,LaLiga,ATT,Right Winger,25.2,676,50000000,28120000,10810000,46900000,-43.8,-33.7,not rated,not rated
623570,2025/26,Iliman Ndiaye,Everton FC,Premier League,ATT,Right Winger,26.2,2789,55000000,30930000,18840000,42850000,-43.8,-33.7,overvalued,overvalued
640556,2025/26,Rav van den Berg,1.FC Köln,Bundesliga,DEF,Centre-Back,21.9,1132,7000000,3940000,1140000,8500000,-43.7,-33.7,in range,in range
298603,2025/26,Miro Muheim,Hamburger SV,Bundesliga,DEF,Left-Back,28.2,2437,5000000,2810000,1760000,7220000,-43.8,-33.8,in range,in range
334526,2025/26,Denis Zakaria,AS Monaco,Ligue 1,MID,Defensive Midfield,29.5,2034,25000000,14030000,4920000,24310000,-43.9,-33.9,in range,overvalued
443710,2025/26,Angelo Stiller,VfB Stuttgart,Bundesliga,MID,Defensive Midfield,25.1,2746,45000000,25230000,14680000,49110000,-43.9,-33.9,in range,in range
796297,2025/26,Jobe Bellingham,Borussia Dortmund,Bundesliga,MID,Central Midfield,20.7,1785,40000000,22440000,12700000,46780000,-43.9,-33.9,in range,in range
345911,2025/26,Ladislav Krejci,Wolverhampton Wanderers,Premier League,DEF,Centre-Back,27.1,2541,22000000,12310000,6670000,22850000,-44.1,-34.1,in range,in range
354814,2025/26,M'Bala Nzola,Pisa Sporting Club,Serie A,ATT,Centre-Forward,29.8,1520,4000000,2240000,1650000,4770000,-44.1,-34.1,in range,in range
597659,2025/26,Charlie Cresswell,FC Toulouse,Ligue 1,DEF,Centre-Back,23.8,2533,25000000,13970000,6710000,26670000,-44.1,-34.1,in range,in range
746891,2025/26,Cristian Volpato,US Sassuolo,Serie A,MID,Attacking Midfield,22.5,1064,10000000,5590000,2090000,11860000,-44.1,-34.1,in range,in range
91970,2025/26,Juan Cuadrado,Pisa Sporting Club,Serie A,MID,Right Midfield,38.0,491,800000,450000,250000,800000,-44.2,-34.3,not rated,not rated
944724,2025/26,Ali Youssif,FC Nantes,Ligue 1,DEF,Centre-Back,24.9,968,2500000,1390000,650000,3500000,-44.3,-34.3,in range,in range
532775,2025/26,Melvin Bard,OGC Nice,Ligue 1,DEF,Left-Back,25.6,2396,10000000,5570000,2840000,10420000,-44.3,-34.4,in range,in range
667251,2025/26,Hugo Bolin,Borussia Mönchengladbach,Bundesliga,ATT,Left Winger,22.8,547,6000000,3340000,960000,7890000,-44.4,-34.4,not rated,not rated
407098,2025/26,Jakub Kamiński,1.FC Köln,Bundesliga,ATT,Left Winger,24.0,3023,17000000,9440000,4660000,18520000,-44.5,-34.6,in range,in range
572265,2025/26,Lorenzo Lucca,SSC Napoli,Serie A,ATT,Centre-Forward,25.7,528,20000000,11090000,6120000,26560000,-44.5,-34.6,not rated,not rated
640428,2025/26,Eduardo Camavinga,Real Madrid,LaLiga,MID,Central Midfield,23.6,1526,50000000,27750000,12770000,54960000,-44.5,-34.6,in range,in range
830365,2025/26,Alisson Santos,SSC Napoli,Serie A,ATT,Left Winger,23.7,836,28000000,15540000,4300000,27750000,-44.5,-34.6,not rated,not rated
889435,2025/26,Obed Vargas,Atlético de Madrid,LaLiga,MID,Central Midfield,20.8,739,10000000,5550000,1910000,15990000,-44.5,-34.6,not rated,not rated
921655,2025/26,Ismaël Koné,US Sassuolo,Serie A,MID,Central Midfield,24.0,2757,25000000,13870000,5870000,24420000,-44.5,-34.6,in range,overvalued
305947,2025/26,Albert Gudmundsson,ACF Fiorentina,Serie A,ATT,Second Striker,29.0,2262,12000000,6630000,2960000,11350000,-44.7,-34.8,in range,overvalued
585959,2025/26,Arnaud Kalimuendo,Eintracht Frankfurt,Bundesliga,ATT,Centre-Forward,24.3,1509,25000000,13830000,5470000,24550000,-44.7,-34.8,in range,overvalued
668606,2025/26,Yuito Suzuki,SC Freiburg,Bundesliga,ATT,Second Striker,24.6,1637,24000000,13270000,5390000,28030000,-44.7,-34.8,in range,in range
518505,2025/26,Jamie Leweling,VfB Stuttgart,Bundesliga,ATT,Right Winger,25.2,2379,40000000,22100000,14740000,48530000,-44.8,-34.9,in range,in range
1200427,2025/26,Alexis Vossah,FC Toulouse,Ligue 1,MID,Central Midfield,18.2,1093,15000000,8290000,2440000,12990000,-44.7,-34.9,in range,overvalued
335721,2025/26,Ben White,Arsenal FC,Premier League,DEF,Right-Back,28.7,704,30000000,16540000,9790000,24090000,-44.9,-35.0,not rated,not rated
12282,2025/26,Daley Blind,Girona FC,LaLiga,DEF,Centre-Back,36.2,2610,1200000,660000,460000,1410000,-44.9,-35.1,in range,in range
404839,2025/26,Andriy Lunin,Real Madrid,LaLiga,GK,Goalkeeper,27.3,540,12000000,6610000,2690000,18430000,-44.9,-35.1,not rated,not rated
423744,2025/26,Billy Gilmour,SSC Napoli,Serie A,MID,Defensive Midfield,25.0,802,20000000,10990000,4910000,21750000,-45.0,-35.2,not rated,not rated
322517,2025/26,Joël Schmied,1.FC Köln,Bundesliga,DEF,Centre-Back,27.7,1080,3000000,1650000,780000,4190000,-45.1,-35.3,in range,in range
358515,2025/26,Jean-Philippe Krasso,Paris FC,Ligue 1,ATT,Centre-Forward,28.9,1089,3500000,1920000,1080000,4590000,-45.1,-35.3,in range,in range
1241211,2025/26,Rudy Matondo,Paris FC,Ligue 1,MID,Central Midfield,18.2,1352,20000000,10980000,3780000,15340000,-45.1,-35.3,overvalued,overvalued
820241,2025/26,Damion Downs,Hamburger SV,Bundesliga,ATT,Centre-Forward,21.9,537,4000000,2190000,770000,5980000,-45.2,-35.4,not rated,not rated
156990,2025/26,Marco Friedl,SV Werder Bremen,Bundesliga,DEF,Centre-Back,28.2,2549,10000000,5470000,2690000,10770000,-45.3,-35.5,in range,in range
487465,2025/26,Pedro Neto,Chelsea FC,Premier League,ATT,Right Winger,26.2,2643,60000000,32830000,21370000,47380000,-45.3,-35.5,overvalued,overvalued
467434,2025/26,Rocco Reitz,Borussia Mönchengladbach,Bundesliga,MID,Central Midfield,24.0,2639,20000000,10930000,5450000,21850000,-45.4,-35.6,in range,in range
332560,2025/26,Deiver Machado,FC Nantes,Ligue 1,DEF,Left-Back,32.7,1186,1800000,980000,610000,1780000,-45.5,-35.7,in range,overvalued
385394,2025/26,Alberto Dossena,Cagliari Calcio,Serie A,DEF,Centre-Back,27.6,856,6000000,3270000,1380000,6680000,-45.5,-35.8,not rated,not rated
406040,2025/26,Ademola Lookman,Atalanta BC,Serie A,ATT,Left Winger,28.6,1419,40000000,21770000,5240000,29860000,-45.6,-35.9,overvalued,overvalued
565821,2025/26,Mika Biereth,AS Monaco,Ligue 1,ATT,Centre-Forward,23.3,1063,15000000,8160000,4430000,18220000,-45.6,-35.9,in range,in range
607034,2025/26,Akor Adams,Sevilla FC,LaLiga,ATT,Centre-Forward,26.3,2060,15000000,8150000,4180000,16560000,-45.7,-36.0,in range,in range
739769,2025/26,Ilan Kebbal,Paris FC,Ligue 1,ATT,Right Winger,27.9,2232,12000000,6510000,3070000,11610000,-45.7,-36.0,in range,overvalued
349066,2025/26,Alexander Isak,Liverpool FC,Premier League,ATT,Centre-Forward,26.7,702,85000000,46090000,15570000,55490000,-45.8,-36.1,not rated,not rated
448705,2025/26,Diant Ramaj,1. Fußballclub Heidenheim 1846,Bundesliga,GK,Goalkeeper,24.7,2790,7000000,3790000,1880000,8110000,-45.8,-36.2,in range,in range
938729,2025/26,Mikel Jauregizar,Athletic Bilbao,LaLiga,MID,Central Midfield,22.6,2843,30000000,16230000,8400000,31230000,-45.9,-36.2,in range,in range
111455,2025/26,Granit Xhaka,Sunderland AFC,Premier League,MID,Defensive Midfield,33.7,2901,8000000,4320000,2610000,8930000,-46.0,-36.3,in range,in range
177843,2025/26,Domenico Berardi,US Sassuolo,Serie A,ATT,Right Winger,31.8,1971,7000000,3790000,1510000,6120000,-45.9,-36.3,in range,overvalued
479638,2025/26,Tiago Gouveia,OGC Nice,Ligue 1,ATT,Right Winger,25.0,526,3500000,1890000,990000,4820000,-46.0,-36.4,not rated,not rated
661171,2025/26,Willian Pacho,Paris Saint-Germain,Ligue 1,DEF,Centre-Back,24.6,1915,80000000,43160000,16650000,62840000,-46.0,-36.4,overvalued,overvalued
697277,2025/26,Joel Chima Fujita,FC St. Pauli,Bundesliga,MID,Central Midfield,24.3,2671,10000000,5390000,3090000,11700000,-46.1,-36.4,in range,in range
992686,2025/26,Martial Godo,RC Strasbourg Alsace,Ligue 1,ATT,Left Winger,23.2,1587,22000000,11850000,5980000,23860000,-46.1,-36.5,in range,in range
257814,2025/26,Gregor Kobel,Borussia Dortmund,Bundesliga,GK,Goalkeeper,28.5,3060,40000000,21510000,13020000,49990000,-46.2,-36.6,in range,in range
1005575,2025/26,Vitor Reis,Girona FC,LaLiga,DEF,Centre-Back,20.4,3138,30000000,16140000,4920000,22620000,-46.2,-36.6,overvalued,overvalued
451276,2025/26,Dominik Szoboszlai,Liverpool FC,Premier League,MID,Attacking Midfield,25.6,3233,100000000,53710000,35150000,78600000,-46.3,-36.7,overvalued,overvalued
464195,2025/26,Filip Stojilkovic,Pisa Sporting Club,Serie A,ATT,Centre-Forward,26.4,659,2500000,1340000,550000,3120000,-46.3,-36.7,not rated,not rated
557459,2025/26,Micky van de Ven,Tottenham Hotspur,Premier League,DEF,Centre-Back,25.1,3043,50000000,26860000,12040000,38470000,-46.3,-36.7,overvalued,overvalued
635645,2025/26,Aurèle Amenda,Eintracht Frankfurt,Bundesliga,DEF,Centre-Back,22.8,1676,10000000,5370000,2530000,17030000,-46.3,-36.7,in range,in range
564545,2025/26,Edmond Tapsoba,Bayer 04 Leverkusen,Bundesliga,DEF,Centre-Back,27.3,2576,35000000,18770000,9730000,34560000,-46.4,-36.8,in range,overvalued
392757,2025/26,Marc Guéhi,Crystal Palace,Premier League,DEF,Centre-Back,25.9,3150,70000000,37490000,19010000,46450000,-46.4,-36.9,overvalued,overvalued
618472,2025/26,Castello Lukeba,RB Leipzig,Bundesliga,DEF,Centre-Back,23.4,2177,50000000,26760000,13240000,38050000,-46.5,-36.9,overvalued,overvalued
683895,2025/26,Emmanuel Agbadou,Wolverhampton Wanderers,Premier League,DEF,Centre-Back,28.9,1101,16000000,8560000,3360000,14990000,-46.5,-37.0,in range,overvalued
394300,2025/26,Davide Frattesi,Inter Milan,Serie A,MID,Central Midfield,26.7,552,22000000,11730000,5630000,21090000,-46.7,-37.1,not rated,not rated
424042,2025/26,Nahuel Molina,Atlético de Madrid,LaLiga,DEF,Right-Back,28.2,1321,15000000,8000000,4040000,21760000,-46.7,-37.1,in range,in range
502722,2025/26,Luka Sucic,Real Sociedad,LaLiga,MID,Central Midfield,23.7,1019,10000000,5340000,2450000,13030000,-46.6,-37.1,in range,in range
488362,2025/26,Conor Gallagher,Tottenham Hotspur,Premier League,MID,Central Midfield,26.3,1856,32000000,17050000,11420000,30930000,-46.7,-37.2,in range,overvalued
353366,2025/26,Benjamin Pavard,Olympique Marseille,Ligue 1,DEF,Centre-Back,30.2,2019,12000000,6380000,3430000,15070000,-46.8,-37.3,in range,in range
84301,2025/26,Benjamin André,LOSC Lille,Ligue 1,MID,Defensive Midfield,35.8,2334,3000000,1590000,800000,4330000,-46.8,-37.4,in range,in range
288230,2025/26,Ousmane Dembélé,Paris Saint-Germain,Ligue 1,ATT,Centre-Forward,29.0,1063,100000000,53050000,20910000,62850000,-46.9,-37.5,overvalued,overvalued
223974,2025/26,Stefan Posch,1.FSV Mainz 05,Bundesliga,DEF,Centre-Back,29.0,1779,6000000,3180000,1800000,7480000,-47.1,-37.6,in range,in range
480762,2025/26,Lisandro Martínez,Manchester United,Premier League,DEF,Centre-Back,28.4,1231,40000000,21190000,12410000,35860000,-47.0,-37.6,in range,overvalued
606718,2025/26,Toti,Wolverhampton Wanderers,Premier League,DEF,Centre-Back,27.4,1427,18000000,9510000,3900000,17680000,-47.2,-37.7,in range,overvalued
406634,2025/26,Matt O'Riley,Olympique Marseille,Ligue 1,MID,Central Midfield,25.5,942,18000000,9510000,3930000,19590000,-47.2,-37.8,in range,in range
331505,2025/26,Óscar Mingueza,Celta de Vigo,LaLiga,DEF,Right-Back,27.1,1968,18000000,9490000,4140000,21010000,-47.3,-37.9,in range,in range
344695,2025/26,Dayot Upamecano,Bayern Munich,Bundesliga,DEF,Centre-Back,27.6,1798,70000000,36880000,16630000,63100000,-47.3,-37.9,in range,overvalued
659459,2025/26,Carney Chukwuemeka,Borussia Dortmund,Bundesliga,MID,Central Midfield,22.6,907,20000000,10530000,5860000,28050000,-47.3,-37.9,in range,in range
318470,2025/26,Matvey Safonov,Paris Saint-Germain,Ligue 1,GK,Goalkeeper,27.3,1350,30000000,15800000,5920000,30200000,-47.3,-38.0,in range,in range
432090,2025/26,Nicolò Fagioli,ACF Fiorentina,Serie A,MID,Central Midfield,25.3,2567,16000000,8420000,3880000,16030000,-47.4,-38.0,in range,in range
436064,2025/26,Ramon Hendriks,VfB Stuttgart,Bundesliga,DEF,Centre-Back,24.9,2023,25000000,13150000,6200000,29500000,-47.4,-38.0,in range,in range
648195,2025/26,Enzo Fernández,Chelsea FC,Premier League,MID,Central Midfield,25.4,3121,90000000,47320000,29150000,64670000,-47.4,-38.0,overvalued,overvalued
943795,2025/26,Jovan Milosevic,SV Werder Bremen,Bundesliga,ATT,Centre-Forward,20.8,483,7000000,3670000,1330000,8610000,-47.5,-38.1,not rated,not rated
351809,2025/26,Robin Le Normand,Atlético de Madrid,LaLiga,DEF,Centre-Back,29.6,1783,20000000,10480000,5440000,27390000,-47.6,-38.2,in range,in range
969192,2025/26,Ebenezer Akinsanmiro,Pisa Sporting Club,Serie A,MID,Central Midfield,21.5,1446,7000000,3660000,1570000,7320000,-47.7,-38.3,in range,in range
1084638,2025/26,Karim Coulibaly,SV Werder Bremen,Bundesliga,DEF,Centre-Back,19.0,2122,28000000,14660000,4260000,22240000,-47.6,-38.3,overvalued,overvalued
1364454,2025/26,Christian Kofane,Bayer 04 Leverkusen,Bundesliga,ATT,Centre-Forward,19.8,1235,40000000,20960000,6800000,31490000,-47.6,-38.3,overvalued,overvalued
263918,2025/26,Aleksandr Golovin,AS Monaco,Ligue 1,MID,Attacking Midfield,30.0,1661,18000000,9410000,4170000,17730000,-47.7,-38.4,in range,overvalued
483348,2025/26,Djed Spence,Tottenham Hotspur,Premier League,DEF,Left-Back,25.8,2056,30000000,15670000,9430000,25150000,-47.8,-38.4,overvalued,overvalued
496706,2025/26,Montassar Talbi,FC Lorient,Ligue 1,DEF,Centre-Back,28.0,2610,8000000,4180000,2410000,10110000,-47.8,-38.4,in range,in range
69633,2025/26,Christian Eriksen,VfL Wolfsburg,Bundesliga,MID,Attacking Midfield,34.3,2424,2500000,1310000,860000,2730000,-47.8,-38.5,in range,in range
543771,2025/26,Kristjan Asllani,Torino FC,Serie A,MID,Defensive Midfield,24.2,1136,12000000,6270000,1940000,11170000,-47.8,-38.5,in range,overvalued
364245,2025/26,Jordan Teze,AS Monaco,Ligue 1,DEF,Right-Back,26.7,2494,15000000,7810000,4450000,17130000,-47.9,-38.6,in range,in range
691892,2025/26,Nathaniel Brown,Eintracht Frankfurt,Bundesliga,DEF,Left-Back,22.9,2658,40000000,20840000,8660000,35540000,-47.9,-38.6,in range,overvalued
1119456,2025/26,Louis Leroux,FC Nantes,Ligue 1,MID,Attacking Midfield,20.4,1444,10000000,5210000,2260000,10030000,-47.9,-38.6,in range,in range
641537,2025/26,Tommaso Baldanzi,Genoa CFC,Serie A,MID,Attacking Midfield,23.2,784,8500000,4410000,1760000,7550000,-48.1,-38.8,not rated,not rated
369684,2025/26,Rasmus Nissen Kristensen,Eintracht Frankfurt,Bundesliga,DEF,Right-Back,28.9,1542,10000000,5190000,2120000,12070000,-48.1,-38.9,in range,in range
524285,2025/26,Luca Netz,Borussia Mönchengladbach,Bundesliga,DEF,Left-Back,23.1,1293,8000000,4140000,1810000,10020000,-48.2,-39.0,in range,in range
670847,2025/26,Mohamed-Ali Cho,OGC Nice,Ligue 1,ATT,Right Winger,22.4,1681,15000000,7740000,3260000,14010000,-48.4,-39.2,in range,overvalued
569389,2025/26,Sofiane Diop,OGC Nice,Ligue 1,ATT,Left Winger,26.0,2145,15000000,7730000,3880000,12210000,-48.5,-39.3,overvalued,overvalued
689505,2025/26,Johnny Cardoso,Atlético de Madrid,LaLiga,MID,Central Midfield,24.7,892,20000000,10280000,4530000,26620000,-48.6,-39.4,not rated,not rated
667121,2025/26,Rodrigo Gomes,Wolverhampton Wanderers,Premier League,MID,Left Midfield,22.9,958,15000000,7710000,4940000,15160000,-48.6,-39.5,in range,in range
474800,2025/26,Facundo Medina,Olympique Marseille,Ligue 1,DEF,Centre-Back,27.0,1366,18000000,9220000,4550000,17600000,-48.8,-39.6,in range,overvalued
503991,2025/26,Yunus Musah,Atalanta BC,Serie A,MID,Central Midfield,23.5,651,14000000,7170000,2590000,16320000,-48.8,-39.6,not rated,not rated
970279,2025/26,Jacques Ekomié,Angers SCO,Ligue 1,DEF,Left-Back,22.8,2240,9000000,4610000,2820000,8670000,-48.7,-39.6,in range,overvalued
660860,2025/26,Diego Coppola,Paris FC,Ligue 1,DEF,Centre-Back,22.4,1364,18000000,9200000,3110000,14430000,-48.9,-39.7,overvalued,overvalued
466801,2025/26,Sergi Altimira,Real Betis Balompié,LaLiga,MID,Central Midfield,24.8,1182,20000000,10220000,4900000,24360000,-48.9,-39.8,in range,in range
149525,2025/26,Antonio Caracciolo,Pisa Sporting Club,Serie A,DEF,Centre-Back,35.9,3075,800000,410000,310000,1010000,-49.0,-39.9,in range,in range
814446,2025/26,Luca Marianucci,Torino FC,Serie A,DEF,Centre-Back,21.8,691,7000000,3570000,1610000,7910000,-49.0,-39.9,not rated,not rated
357498,2025/26,Dušan Vlahović,Juventus FC,Serie A,ATT,Centre-Forward,26.3,970,35000000,17820000,7390000,34760000,-49.1,-40.0,in range,overvalued
743386,2025/26,Malick Fofana,Olympique Lyon,Ligue 1,ATT,Left Winger,21.2,754,30000000,15280000,5320000,23970000,-49.1,-40.0,not rated,not rated
1032280,2025/26,Oso,Sevilla FC,LaLiga,DEF,Left-Back,22.9,1409,10000000,5090000,1480000,10780000,-49.1,-40.0,in range,in range
1046867,2025/26,Jan Ziolkowski,Associazione Sportiva Roma,Serie A,DEF,Centre-Back,21.0,507,12000000,6110000,3290000,13170000,-49.1,-40.0,not rated,not rated
128223,2025/26,Álvaro Morata,Como 1907,Serie A,ATT,Centre-Forward,33.6,924,6000000,3050000,1730000,5670000,-49.1,-40.1,in range,overvalued
1012564,2025/26,Rayan,AFC Bournemouth,Premier League,ATT,Right Winger,19.8,1120,60000000,30510000,8700000,38630000,-49.2,-40.1,overvalued,overvalued
94005,2025/26,Sead Kolasinac,Atalanta BC,Serie A,DEF,Centre-Back,32.9,1219,4000000,2030000,1000000,5030000,-49.3,-40.2,in range,in range
284857,2025/26,Marc Cucurella,Chelsea FC,Premier League,DEF,Left-Back,27.9,2710,50000000,25320000,14970000,41210000,-49.4,-40.3,overvalued,overvalued
370683,2025/26,Andreas Hanche-Olsen,1.FSV Mainz 05,Bundesliga,DEF,Centre-Back,29.2,850,4000000,2030000,1110000,4790000,-49.4,-40.3,not rated,not rated
537602,2025/26,João Mário,Bologna Football Club 1909,Serie A,DEF,Right-Back,26.4,994,8000000,4060000,1940000,11600000,-49.3,-40.3,in range,in range
964580,2025/26,Wesley,Associazione Sportiva Roma,Serie A,DEF,Right-Back,22.7,2458,40000000,20210000,11530000,34770000,-49.5,-40.5,in range,overvalued
568177,2025/26,Cole Palmer,Chelsea FC,Premier League,MID,Attacking Midfield,24.1,1965,100000000,50390000,24680000,75100000,-49.6,-40.6,overvalued,overvalued
1108466,2025/26,Rio Ngumoha,Liverpool FC,Premier League,ATT,Left Winger,17.8,551,30000000,15070000,7760000,22690000,-49.8,-40.8,not rated,not rated
346551,2025/26,Kamil Grabara,VfL Wolfsburg,Bundesliga,GK,Goalkeeper,27.4,3060,12000000,6020000,3100000,11390000,-49.9,-40.9,in range,overvalued
453016,2025/26,Anthony Caci,1.FSV Mainz 05,Bundesliga,DEF,Right-Back,28.9,520,7000000,3510000,1410000,6450000,-49.8,-40.9,not rated,not rated
1131161,2025/26,Robinio Vaz,Olympique Marseille,Ligue 1,ATT,Centre-Forward,19.3,578,18000000,9020000,4920000,19420000,-49.9,-40.9,not rated,not rated
503881,2025/26,Aster Vranckx,US Sassuolo,Serie A,MID,Central Midfield,23.6,692,5000000,2500000,990000,6710000,-49.9,-41.0,not rated,not rated
816580,2025/26,Tiago Santos,LOSC Lille,Ligue 1,DEF,Right-Back,23.9,709,10000000,5010000,1830000,11220000,-49.9,-41.0,not rated,not rated
417346,2025/26,Jack Harrison,ACF Fiorentina,Serie A,ATT,Left Winger,29.5,1241,6500000,3240000,1940000,7260000,-50.1,-41.2,in range,in range
744149,2025/26,Adam Wharton,Crystal Palace,Premier League,MID,Defensive Midfield,22.3,2563,70000000,34900000,17310000,40200000,-50.1,-41.2,overvalued,overvalued
745200,2025/26,Maghnes Akliouche,AS Monaco,Ligue 1,ATT,Right Winger,24.3,2410,50000000,24950000,13880000,48110000,-50.1,-41.2,in range,overvalued
984096,2025/26,Jair Cunha,Nottingham Forest,Premier League,DEF,Centre-Back,21.2,516,15000000,7490000,2350000,16810000,-50.1,-41.2,not rated,not rated
819636,2025/26,Dzenan Pejcinovic,VfL Wolfsburg,Bundesliga,ATT,Centre-Forward,21.3,1456,15000000,7480000,2920000,13410000,-50.2,-41.3,in range,overvalued
904802,2025/26,Jorrel Hato,Chelsea FC,Premier League,DEF,Left-Back,20.2,1143,40000000,19920000,10830000,32850000,-50.2,-41.3,overvalued,overvalued
1064871,2025/26,Joaquín Panichelli,RC Strasbourg Alsace,Ligue 1,ATT,Centre-Forward,23.5,2196,35000000,17420000,7930000,27970000,-50.2,-41.3,overvalued,overvalued
74294,2025/26,Nemanja Gudelj,Sevilla FC,LaLiga,MID,Defensive Midfield,34.6,2348,2000000,990000,780000,2260000,-50.4,-41.5,in range,in range
113707,2025/26,Rémy Cabella,FC Nantes,Ligue 1,MID,Attacking Midfield,36.2,569,1200000,600000,310000,1190000,-50.4,-41.5,not rated,not rated
74683,2025/26,Nemanja Matić,US Sassuolo,Serie A,MID,Defensive Midfield,37.8,2670,1600000,790000,530000,1760000,-50.4,-41.6,in range,in range
866246,2025/26,Lucas Bergvall,Tottenham Hotspur,Premier League,MID,Central Midfield,20.3,967,35000000,17330000,9130000,32240000,-50.5,-41.6,in range,overvalued
496745,2025/26,Emil Holm,Bologna Football Club 1909,Serie A,DEF,Right-Back,26.0,884,10000000,4940000,1990000,11620000,-50.6,-41.8,not rated,not rated
672381,2025/26,Jonathan Rowe,Bologna Football Club 1909,Serie A,ATT,Left Winger,23.1,1674,28000000,13830000,5330000,24330000,-50.6,-41.8,in range,overvalued
182893,2025/26,Seko Fofana,Stade Rennais FC,Ligue 1,MID,Central Midfield,31.1,654,8000000,3940000,1510000,9320000,-50.7,-41.9,not rated,not rated
429874,2025/26,Ansgar Knauff,Eintracht Frankfurt,Bundesliga,ATT,Right Winger,24.4,1322,15000000,7400000,4070000,17280000,-50.7,-41.9,in range,in range
524000,2025/26,Dani Vivian,Athletic Bilbao,LaLiga,DEF,Centre-Back,26.9,2563,20000000,9860000,4420000,17350000,-50.7,-41.9,in range,overvalued
533295,2025/26,Patrick Wimmer,VfL Wolfsburg,Bundesliga,ATT,Right Winger,25.0,1634,12000000,5920000,2870000,13440000,-50.7,-41.9,in range,in range
537598,2025/26,Fábio Vieira,Hamburger SV,Bundesliga,MID,Attacking Midfield,26.0,2217,18000000,8880000,6030000,20480000,-50.7,-41.9,in range,in range
569383,2025/26,Chrislain Matsima,FC Augsburg,Bundesliga,DEF,Centre-Back,24.0,1490,22000000,10840000,3150000,18100000,-50.7,-41.9,overvalued,overvalued
339556,2025/26,Rico Henry,Brentford FC,Premier League,DEF,Left-Back,28.9,1329,13000000,6400000,4330000,14820000,-50.8,-42.0,in range,in range
432298,2025/26,Zion Suzuki,Parma Calcio 1913,Serie A,GK,Goalkeeper,23.8,1800,20000000,9830000,2830000,19440000,-50.9,-42.1,in range,overvalued
462070,2025/26,Nicolás Fonseca,Real Oviedo,LaLiga,MID,Defensive Midfield,27.6,1020,3000000,1470000,710000,3050000,-50.9,-42.1,in range,in range
534033,2025/26,Alexis Mac Allister,Liverpool FC,Premier League,MID,Central Midfield,27.4,2663,70000000,34380000,23640000,59350000,-50.9,-42.1,overvalued,overvalued
555820,2025/26,Martín Payero,US Cremonese,Serie A,MID,Central Midfield,27.7,1460,5000000,2450000,1540000,4600000,-50.9,-42.1,in range,overvalued
88755,2025/26,Kevin De Bruyne,SSC Napoli,Serie A,MID,Attacking Midfield,34.9,1169,8000000,3920000,1750000,7540000,-51.0,-42.2,in range,overvalued
503075,2025/26,Isak Hien,Atalanta BC,Serie A,DEF,Centre-Back,27.4,1965,22000000,10790000,4500000,25430000,-51.0,-42.2,in range,in range
529895,2025/26,Daniel Elfadli,Hamburger SV,Bundesliga,DEF,Centre-Back,29.1,1253,3000000,1470000,830000,3930000,-51.0,-42.2,in range,in range
787912,2025/26,El Chadaille Bitshiabu,RB Leipzig,Bundesliga,DEF,Centre-Back,21.0,654,18000000,8830000,4220000,17550000,-50.9,-42.2,not rated,not rated
162959,2025/26,Daniele Rugani,ACF Fiorentina,Serie A,DEF,Centre-Back,31.8,577,2000000,980000,500000,1960000,-51.2,-42.4,not rated,not rated
618494,2025/26,Tyler Morton,Olympique Lyon,Ligue 1,MID,Defensive Midfield,23.6,2524,30000000,14650000,7100000,26250000,-51.2,-42.4,in range,overvalued
960571,2025/26,Jones El-Abdellaoui,Celta de Vigo,LaLiga,ATT,Right Winger,20.4,668,8000000,3910000,1580000,8990000,-51.2,-42.5,not rated,not rated
632349,2025/26,Jarell Quansah,Bayer 04 Leverkusen,Bundesliga,DEF,Centre-Back,23.3,2302,45000000,21930000,8580000,31610000,-51.3,-42.6,overvalued,overvalued
678655,2025/26,Philip Otele,Hamburger SV,Bundesliga,ATT,Left Winger,27.1,477,4000000,1950000,670000,4840000,-51.3,-42.6,not rated,not rated
1159864,2025/26,Mariano Troilo,Parma Calcio 1913,Serie A,DEF,Centre-Back,22.9,1628,10000000,4870000,1740000,12540000,-51.3,-42.6,in range,in range
369674,2025/26,Joakim Maehle,VfL Wolfsburg,Bundesliga,DEF,Left-Back,29.0,1224,7000000,3410000,1650000,6970000,-51.4,-42.7,in range,overvalued
261503,2025/26,Álvaro Fidalgo,Real Betis Balompié,LaLiga,MID,Central Midfield,29.2,547,6000000,2910000,1090000,8980000,-51.5,-42.9,not rated,not rated
616631,2025/26,Matteo Ruggeri,Atlético de Madrid,LaLiga,DEF,Left-Back,23.9,1775,28000000,13560000,7090000,36940000,-51.6,-42.9,in range,in range
537382,2025/26,Bryan Gil,Girona FC,LaLiga,ATT,Left Winger,25.3,1587,8000000,3870000,2220000,8380000,-51.6,-43.0,in range,in range
661053,2025/26,Jarrad Branthwaite,Everton FC,Premier League,DEF,Centre-Back,23.9,681,40000000,19360000,8530000,32300000,-51.6,-43.0,not rated,not rated
527966,2025/26,Andrei Rațiu,Rayo Vallecano,LaLiga,DEF,Right-Back,28.0,2804,18000000,8690000,4120000,20880000,-51.7,-43.1,in range,in range
750878,2025/26,Obed Nkambadio,Paris FC,Ligue 1,GK,Goalkeeper,23.3,1080,5000000,2410000,880000,7130000,-51.7,-43.1,in range,in range
914562,2025/26,Désiré Doué,Paris Saint-Germain,Ligue 1,ATT,Right Winger,21.0,1356,120000000,57880000,30240000,82280000,-51.8,-43.2,overvalued,overvalued
805908,2025/26,Bradley Locko,Stade Brestois 29,Ligue 1,DEF,Left-Back,24.1,1285,6000000,2890000,1140000,6030000,-51.9,-43.3,in range,in range
1178488,2025/26,Idrissa Gueye,Udinese Calcio,Serie A,ATT,Centre-Forward,19.7,536,8000000,3850000,1560000,8080000,-51.9,-43.3,not rated,not rated
973085,2025/26,Carlos Baleba,Brighton & Hove Albion,Premier League,MID,Defensive Midfield,22.4,1662,55000000,26370000,17760000,43250000,-52.1,-43.5,overvalued,overvalued
455661,2025/26,Nick Woltemade,Newcastle United,Premier League,ATT,Centre-Forward,24.3,2004,55000000,26340000,18380000,44440000,-52.1,-43.6,overvalued,overvalued
717118,2025/26,Darlin Yongwa,FC Lorient,Ligue 1,DEF,Left-Back,25.7,1305,5000000,2390000,1150000,5390000,-52.3,-43.8,in range,in range
242359,2025/26,Juan Musso,Atlético de Madrid,LaLiga,GK,Goalkeeper,32.1,720,3000000,1430000,850000,4280000,-52.4,-43.9,not rated,not rated
463603,2025/26,Benoît Badiashile,Chelsea FC,Premier League,DEF,Centre-Back,25.2,471,15000000,7150000,2850000,13810000,-52.4,-43.9,not rated,not rated
358032,2025/26,Cyril Ngonge,Torino FC,Serie A,ATT,Right Winger,26.0,1418,7000000,3330000,2070000,7820000,-52.5,-44.0,in range,in range
377729,2025/26,Martijn Kaars,FC St. Pauli,Bundesliga,ATT,Centre-Forward,27.2,1346,3000000,1420000,1060000,3700000,-52.5,-44.0,in range,in range
627626,2025/26,Wilfried Gnonto,Leeds United,Premier League,ATT,Right Winger,22.6,524,16000000,7600000,3690000,17820000,-52.5,-44.0,not rated,not rated
658536,2025/26,Simon Adingra,AS Monaco,Ligue 1,ATT,Left Winger,24.4,1520,22000000,10440000,5360000,22590000,-52.5,-44.1,in range,in range
486031,2025/26,Nico González,Atlético de Madrid,LaLiga,ATT,Left Winger,28.2,1471,22000000,10370000,5590000,28950000,-52.9,-44.4,in range,in range
616341,2025/26,Nuno Mendes,Paris Saint-Germain,Ligue 1,DEF,Left-Back,24.0,1250,80000000,37760000,13740000,46800000,-52.8,-44.4,overvalued,overvalued
644408,2025/26,Oliver Provstgaard,Società Sportiva Lazio S.p.A.,Serie A,DEF,Centre-Back,23.0,1527,16000000,7550000,3280000,14800000,-52.8,-44.4,in range,overvalued
135343,2025/26,Fabian Schär,Newcastle United,Premier League,DEF,Centre-Back,34.5,1091,4000000,1890000,1140000,3790000,-52.9,-44.5,in range,overvalued
1168219,2025/26,Said El Mala,1.FC Köln,Bundesliga,ATT,Left Winger,19.8,1958,45000000,21200000,8200000,26250000,-52.9,-44.5,overvalued,overvalued
368887,2025/26,Loïs Openda,Juventus FC,Serie A,ATT,Centre-Forward,26.3,702,25000000,11750000,5120000,26530000,-53.0,-44.6,not rated,not rated
422951,2025/26,Victor Nelsson,Hellas Verona,Serie A,DEF,Centre-Back,27.6,3316,6000000,2820000,1430000,6450000,-53.0,-44.6,in range,in range
475410,2025/26,Matteo Tramoni,Pisa Sporting Club,Serie A,MID,Attacking Midfield,26.4,1610,4500000,2120000,1090000,5060000,-53.0,-44.6,in range,in range
503733,2025/26,Anthony Gordon,Newcastle United,Premier League,ATT,Left Winger,25.3,1814,65000000,30540000,15930000,46030000,-53.0,-44.6,overvalued,overvalued
424204,2025/26,Alphonso Davies,Bayern Munich,Bundesliga,DEF,Left-Back,25.6,523,40000000,18760000,7470000,30960000,-53.1,-44.7,not rated,not rated
420213,2025/26,Quinten Timber,Olympique Marseille,Ligue 1,MID,Central Midfield,25.0,1112,25000000,11690000,3710000,17100000,-53.3,-44.9,overvalued,overvalued
616369,2025/26,Ander Barrenetxea,Real Sociedad,LaLiga,ATT,Left Winger,24.4,1769,18000000,8420000,3590000,17870000,-53.2,-44.9,in range,overvalued
338285,2025/26,Unai Núñez,Hellas Verona,Serie A,DEF,Centre-Back,29.3,2177,3500000,1630000,890000,3960000,-53.5,-45.2,in range,in range
428563,2025/26,Lewis Ferguson,Bologna Football Club 1909,Serie A,MID,Central Midfield,26.8,1596,14000000,6510000,2910000,15210000,-53.5,-45.2,in range,in range
535955,2025/26,Nuno Tavares,Società Sportiva Lazio S.p.A.,Serie A,DEF,Left-Back,26.3,1471,12000000,5580000,2250000,11520000,-53.5,-45.2,in range,overvalued
746695,2025/26,Kamaldeen Sulemana,Atalanta BC,Serie A,ATT,Left Winger,24.3,1002,17000000,7900000,3350000,19070000,-53.5,-45.2,in range,in range
225657,2025/26,Philipp Lienhart,SC Freiburg,Bundesliga,DEF,Centre-Back,29.9,1301,10000000,4640000,2150000,11520000,-53.6,-45.3,in range,in range
687626,2025/26,Moisés Caicedo,Chelsea FC,Premier League,MID,Defensive Midfield,24.6,2802,100000000,46400000,22420000,56030000,-53.6,-45.3,overvalued,overvalued
297070,2025/26,Hamari Traoré,Paris FC,Ligue 1,DEF,Right-Back,34.3,1154,1500000,700000,470000,1240000,-53.6,-45.4,overvalued,overvalued
342967,2025/26,Niklas Beste,SC Freiburg,Bundesliga,ATT,Right Winger,27.4,1710,10000000,4630000,2800000,13480000,-53.7,-45.5,in range,in range
377393,2025/26,Pierre Lees-Melou,Paris FC,Ligue 1,MID,Defensive Midfield,33.0,1966,4500000,2080000,990000,3670000,-53.7,-45.5,overvalued,overvalued
345886,2025/26,Rubén Vargas,Sevilla FC,LaLiga,ATT,Left Winger,27.8,1610,12000000,5540000,2160000,12040000,-53.8,-45.6,in range,in range
528833,2025/26,Lazar Samardžić,Atalanta BC,Serie A,MID,Attacking Midfield,24.3,1022,16000000,7370000,3280000,19700000,-53.9,-45.7,in range,in range
1111777,2025/26,Sadibou Sané,FC Metz,Ligue 1,DEF,Centre-Back,22.0,1941,7000000,3220000,1700000,8070000,-53.9,-45.7,in range,in range
250845,2025/26,José María Giménez,Atlético de Madrid,LaLiga,DEF,Centre-Back,31.4,1177,9000000,4140000,1810000,11460000,-54.0,-45.8,in range,in range
792380,2025/26,Aleksandar Pavlovic,Bayern Munich,Bundesliga,MID,Defensive Midfield,22.1,1461,90000000,41400000,20050000,52450000,-54.0,-45.8,overvalued,overvalued
203460,2025/26,Jack Grealish,Everton FC,Premier League,ATT,Left Winger,30.7,1632,20000000,9170000,3350000,13870000,-54.1,-46.0,overvalued,overvalued
404418,2025/26,Dávid Hancko,Atlético de Madrid,LaLiga,DEF,Centre-Back,28.5,2433,35000000,16020000,7680000,37350000,-54.2,-46.0,in range,in range
416380,2025/26,Ragnar Ache,1.FC Köln,Bundesliga,ATT,Centre-Forward,27.8,1726,9000000,4130000,2160000,8840000,-54.1,-46.0,in range,overvalued
808348,2025/26,Mamadou Sangaré,RC Lens,Ligue 1,MID,Central Midfield,23.9,2327,40000000,18310000,9430000,31010000,-54.2,-46.1,overvalued,overvalued
610795,2025/26,Tomoya Ando,FC St. Pauli,Bundesliga,DEF,Centre-Back,27.4,1261,3000000,1370000,690000,3240000,-54.3,-46.2,in range,in range
398073,2025/26,Achraf Hakimi,Paris Saint-Germain,Ligue 1,DEF,Right-Back,27.6,1374,80000000,36470000,11570000,44660000,-54.4,-46.3,overvalued,overvalued
990637,2025/26,Zachary Athekame,AC Milan,Serie A,DEF,Right-Back,21.5,823,15000000,6830000,3820000,15960000,-54.5,-46.3,not rated,not rated
316125,2025/26,Ben Chilwell,RC Strasbourg Alsace,Ligue 1,DEF,Left-Back,29.4,1602,10000000,4550000,1860000,11300000,-54.5,-46.4,in range,in range
357565,2025/26,Rodri,Manchester City,Premier League,MID,Defensive Midfield,29.9,1514,50000000,22710000,10980000,29150000,-54.6,-46.5,overvalued,overvalued
579930,2025/26,Armand Laurienté,US Sassuolo,Serie A,ATT,Left Winger,27.5,2614,19000000,8620000,4470000,19170000,-54.6,-46.5,in range,in range
449592,2025/26,Cameron Puertas,SV Werder Bremen,Bundesliga,MID,Central Midfield,27.8,1852,7000000,3170000,1860000,7380000,-54.7,-46.6,in range,in range
560593,2025/26,Hicham Boudaoui,OGC Nice,Ligue 1,MID,Central Midfield,26.7,1694,12000000,5430000,2470000,10010000,-54.7,-46.6,overvalued,overvalued
660438,2025/26,Orri Óskarsson,Real Sociedad,LaLiga,ATT,Centre-Forward,21.8,830,20000000,9070000,4300000,11850000,-54.7,-46.6,not rated,not rated
925838,2025/26,Francesco Coppola,Pisa Sporting Club,Serie A,DEF,Centre-Back,21.1,456,3500000,1590000,630000,4520000,-54.7,-46.6,not rated,not rated
1074628,2025/26,Arthur Avom,FC Lorient,Ligue 1,MID,Central Midfield,21.5,2115,20000000,9060000,4610000,16140000,-54.7,-46.6,overvalued,overvalued
364135,2025/26,Moise Kean,ACF Fiorentina,Serie A,ATT,Centre-Forward,26.2,2041,32000000,14460000,6130000,20900000,-54.8,-46.7,overvalued,overvalued
849410,2025/26,Valentín Barco,RC Strasbourg Alsace,Ligue 1,MID,Central Midfield,21.9,2171,40000000,18060000,7560000,26940000,-54.8,-46.8,overvalued,overvalued
432092,2025/26,Roberto Piccoli,ACF Fiorentina,Serie A,ATT,Centre-Forward,25.3,1664,14000000,6300000,3540000,14650000,-55.0,-46.9,in range,in range
379163,2025/26,Marius Marin,Pisa Sporting Club,Serie A,MID,Defensive Midfield,27.7,1287,2800000,1260000,690000,3130000,-55.0,-47.0,in range,in range
569939,2025/26,Tommaso Barbieri,US Cremonese,Serie A,DEF,Right-Back,23.8,1704,3800000,1710000,1150000,5160000,-55.0,-47.0,in range,in range
684315,2025/26,Nnamdi Collins,Eintracht Frankfurt,Bundesliga,DEF,Centre-Back,22.4,1498,20000000,8990000,3670000,17740000,-55.1,-47.0,in range,overvalued
679423,2025/26,Tarik Muharemović,US Sassuolo,Serie A,DEF,Centre-Back,23.2,2835,25000000,11190000,4820000,21380000,-55.2,-47.2,in range,overvalued
905011,2025/26,Ibrahim Maza,Bayer 04 Leverkusen,Bundesliga,MID,Attacking Midfield,20.5,1854,45000000,20090000,10960000,34410000,-55.4,-47.4,overvalued,overvalued
927353,2025/26,Johan Manzambi,SC Freiburg,Bundesliga,MID,Central Midfield,20.6,2096,50000000,22320000,10500000,34890000,-55.4,-47.4,overvalued,overvalued
315867,2025/26,Gianluca Scamacca,Atalanta BC,Serie A,ATT,Centre-Forward,27.4,1319,25000000,11120000,3900000,21770000,-55.5,-47.6,in range,overvalued
1191444,2025/26,Dayann Methalie,FC Toulouse,Ligue 1,DEF,Left-Back,20.3,1884,18000000,7990000,4620000,17050000,-55.6,-47.7,in range,overvalued
799993,2025/26,Ayoube Amaimouni-Echghouyab,Eintracht Frankfurt,Bundesliga,ATT,Right Winger,21.5,580,10000000,4430000,1390000,9680000,-55.7,-47.8,not rated,not rated
388516,2025/26,Josep Martínez,Inter Milan,Serie A,GK,Goalkeeper,28.0,450,10000000,4420000,2300000,13690000,-55.8,-47.9,not rated,not rated
608172,2025/26,Ardon Jashari,AC Milan,Serie A,MID,Defensive Midfield,23.8,700,25000000,11050000,4930000,23230000,-55.8,-47.9,not rated,not rated
669380,2025/26,Konstantinos Koulierakis,VfL Wolfsburg,Bundesliga,DEF,Centre-Back,22.5,2481,25000000,11060000,5420000,22210000,-55.8,-47.9,in range,overvalued
175639,2025/26,Jonathan Clauss,OGC Nice,Ligue 1,DEF,Right-Back,33.7,2531,4000000,1770000,980000,3170000,-55.8,-48.0,overvalued,overvalued
315253,2025/26,Jeffrey de Lange,Olympique Marseille,Ligue 1,GK,Goalkeeper,28.2,450,2500000,1100000,790000,6450000,-55.9,-48.0,not rated,not rated
361093,2025/26,Sven Botman,Newcastle United,Premier League,DEF,Centre-Back,26.4,1839,35000000,15430000,6770000,28410000,-55.9,-48.0,overvalued,overvalued
962125,2025/26,Buba Sangaré,Elche CF,LaLiga,DEF,Right-Back,18.8,541,4500000,1980000,820000,5630000,-56.0,-48.1,not rated,not rated
197300,2025/26,Federico Bernardeschi,Bologna Football Club 1909,Serie A,ATT,Right Winger,32.3,1208,3500000,1540000,880000,4690000,-56.1,-48.3,in range,in range
463665,2025/26,Oumar Solet,Udinese Calcio,Serie A,DEF,Centre-Back,26.3,2961,23000000,10080000,4440000,20690000,-56.2,-48.3,in range,overvalued
818448,2025/26,Alessandro Marcandalli,Genoa CFC,Serie A,DEF,Centre-Back,23.6,2600,14000000,6150000,2970000,12960000,-56.1,-48.3,in range,overvalued
361914,2025/26,Nayef Aguerd,Olympique Marseille,Ligue 1,DEF,Centre-Back,30.0,1579,20000000,8750000,3560000,18610000,-56.3,-48.4,in range,overvalued
59377,2025/26,David de Gea,ACF Fiorentina,Serie A,GK,Goalkeeper,35.6,3330,3500000,1530000,640000,2260000,-56.4,-48.6,overvalued,overvalued
76163,2025/26,Franco Vázquez,US Cremonese,Serie A,MID,Attacking Midfield,37.2,516,600000,260000,170000,850000,-56.4,-48.7,not rated,not rated
125781,2025/26,Antoine Griezmann,Atlético de Madrid,LaLiga,ATT,Second Striker,35.2,1468,8000000,3470000,1590000,6620000,-56.6,-48.8,overvalued,overvalued
939964,2025/26,Jean-Mattéo Bahoya,Eintracht Frankfurt,Bundesliga,ATT,Left Winger,21.1,1330,25000000,10840000,5160000,19870000,-56.6,-48.9,overvalued,overvalued
659543,2025/26,Matthis Abline,FC Nantes,Ligue 1,ATT,Centre-Forward,23.2,2497,20000000,8650000,5880000,15460000,-56.8,-49.0,overvalued,overvalued
405885,2025/26,Giacomo Raspadori,Atalanta BC,Serie A,ATT,Second Striker,26.3,1019,22000000,9510000,3680000,21080000,-56.8,-49.1,in range,overvalued
123682,2025/26,Callum Wilson,West Ham United,Premier League,ATT,Centre-Forward,34.3,1242,4000000,1730000,1140000,3400000,-56.9,-49.2,in range,overvalued
314353,2025/26,Trent Alexander-Arnold,Real Madrid,LaLiga,DEF,Right-Back,27.7,1164,60000000,25880000,9360000,47140000,-56.9,-49.2,overvalued,overvalued
181778,2025/26,Emerson,Olympique Marseille,Ligue 1,DEF,Left-Back,31.8,2113,9000000,3860000,2240000,8460000,-57.1,-49.5,in range,overvalued
1005165,2025/26,Giovane,Hellas Verona,Serie A,ATT,Centre-Forward,22.5,1872,12000000,5130000,2490000,11700000,-57.3,-49.6,in range,overvalued
926694,2025/26,Arthur Vermeeren,Olympique Marseille,Ligue 1,MID,Defensive Midfield,21.3,823,20000000,8530000,3870000,14810000,-57.3,-49.7,not rated,not rated
634431,2025/26,Beñat Turrientes,Real Sociedad,LaLiga,MID,Central Midfield,24.3,1347,10000000,4260000,2150000,9600000,-57.4,-49.8,in range,overvalued
691482,2025/26,Jacopo Fazzini,ACF Fiorentina,Serie A,MID,Central Midfield,23.2,574,8500000,3590000,1760000,6950000,-57.8,-50.2,not rated,not rated
775605,2025/26,Pablo Barrios,Atlético de Madrid,LaLiga,MID,Central Midfield,23.0,1666,55000000,23210000,9230000,45500000,-57.8,-50.3,overvalued,overvalued
405398,2025/26,Takefusa Kubo,Real Sociedad,LaLiga,ATT,Right Winger,25.0,1509,20000000,8420000,3430000,16730000,-57.9,-50.4,overvalued,overvalued
414908,2025/26,Marshall Munetsi,Paris FC,Ligue 1,MID,Central Midfield,29.9,1852,15000000,6320000,3090000,12310000,-57.9,-50.4,overvalued,overvalued
15452,2025/26,Raúl Albiol,Pisa Sporting Club,Serie A,DEF,Centre-Back,40.7,502,700000,290000,170000,620000,-58.0,-50.5,not rated,not rated
413565,2025/26,Jhon Lucumí,Bologna Football Club 1909,Serie A,DEF,Centre-Back,27.9,2287,22000000,9180000,4350000,23400000,-58.3,-50.8,in range,in range
1097113,2025/26,Kaïl Boudache,OGC Nice,Ligue 1,ATT,Right Winger,20.0,528,5000000,2080000,780000,5830000,-58.3,-50.9,not rated,not rated
846310,2025/26,Oscar Højlund,Eintracht Frankfurt,Bundesliga,MID,Central Midfield,21.4,1091,15000000,6240000,3230000,13090000,-58.4,-51.0,in range,overvalued
863759,2025/26,Bruno Ogbus,SC Freiburg,Bundesliga,DEF,Centre-Back,20.4,1175,15000000,6240000,2140000,13160000,-58.4,-51.0,in range,overvalued
735570,2025/26,João Gomes,Wolverhampton Wanderers,Premier League,MID,Central Midfield,25.3,2835,40000000,16590000,9000000,29710000,-58.5,-51.1,overvalued,overvalued
688707,2025/26,Salis Abdul Samed,OGC Nice,Ligue 1,MID,Defensive Midfield,26.2,913,4000000,1640000,790000,3600000,-59.0,-51.7,in range,overvalued
651005,2025/26,Cher Ndour,ACF Fiorentina,Serie A,MID,Central Midfield,21.8,1874,20000000,8190000,4700000,16190000,-59.1,-51.8,overvalued,overvalued
892160,2025/26,Luka Vuskovic,Hamburger SV,Bundesliga,DEF,Centre-Back,19.3,2442,60000000,24290000,10860000,36730000,-59.5,-52.3,overvalued,overvalued
644771,2025/26,Odilon Kossounou,Atalanta BC,Serie A,DEF,Centre-Back,25.4,985,15000000,6040000,2240000,15690000,-59.7,-52.5,in range,in range
1228317,2025/26,Stephan Zagadou,Le Havre AC,Ligue 1,DEF,Centre-Back,17.6,498,4000000,1610000,810000,5510000,-59.8,-52.6,not rated,not rated
919515,2025/26,Jeanuël Belocian,VfL Wolfsburg,Bundesliga,DEF,Centre-Back,21.3,1543,12000000,4820000,1700000,10500000,-59.9,-52.7,in range,overvalued
864306,2025/26,Rafik Belghali,Hellas Verona,Serie A,DEF,Right-Back,24.0,1928,7000000,2810000,1860000,7340000,-59.9,-52.8,in range,in range
355915,2025/26,Cristian Romero,Tottenham Hotspur,Premier League,DEF,Centre-Back,28.1,1873,45000000,17930000,6900000,27390000,-60.1,-53.0,overvalued,overvalued
174094,2025/26,Morgan Sanson,OGC Nice,Ligue 1,MID,Central Midfield,31.8,1773,3500000,1390000,1020000,2760000,-60.2,-53.1,overvalued,overvalued
816585,2025/26,Can Uzun,Eintracht Frankfurt,Bundesliga,MID,Attacking Midfield,20.5,1164,45000000,17900000,6110000,23860000,-60.2,-53.1,overvalued,overvalued
648020,2025/26,Alexsandro,LOSC Lille,Ligue 1,DEF,Centre-Back,26.8,510,15000000,5930000,3070000,15310000,-60.5,-53.4,not rated,not rated
728733,2025/26,Brooke Norton-Cuffy,Genoa CFC,Serie A,DEF,Right-Back,22.4,2215,15000000,5930000,3560000,12430000,-60.4,-53.4,overvalued,overvalued
842341,2025/26,Maxime Estève,Burnley FC,Premier League,DEF,Centre-Back,24.0,2938,28000000,11040000,5780000,21150000,-60.6,-53.5,overvalued,overvalued
535820,2025/26,Isak Jansson,OGC Nice,Ligue 1,ATT,Left Winger,24.3,634,4000000,1570000,760000,3900000,-60.8,-53.8,not rated,not rated
617755,2025/26,Jenson Seelt,VfL Wolfsburg,Bundesliga,DEF,Centre-Back,23.0,814,5000000,1960000,750000,4860000,-60.8,-53.8,not rated,not rated
892932,2025/26,Miguel Román,Celta de Vigo,LaLiga,MID,Central Midfield,23.2,1310,15000000,5880000,2100000,15230000,-60.8,-53.8,in range,in range
663581,2025/26,Vini Souza,VfL Wolfsburg,Bundesliga,MID,Defensive Midfield,26.9,1771,7000000,2740000,1240000,5870000,-60.9,-53.9,overvalued,overvalued
628365,2025/26,Gabriele Piccinini,Pisa Sporting Club,Serie A,MID,Central Midfield,25.1,860,3000000,1170000,800000,3140000,-61.0,-54.0,not rated,not rated
571604,2025/26,Giorgio Scalvini,Atalanta BC,Serie A,DEF,Centre-Back,22.5,1817,38000000,14790000,5600000,28530000,-61.1,-54.1,overvalued,overvalued
121483,2025/26,Jan Oblak,Atlético de Madrid,LaLiga,GK,Goalkeeper,33.4,2700,15000000,5810000,2230000,12880000,-61.3,-54.4,in range,overvalued
789082,2025/26,Vanderson,AS Monaco,Ligue 1,DEF,Right-Back,24.9,613,18000000,6950000,3090000,14600000,-61.4,-54.5,not rated,not rated
105470,2025/26,Alisson,Liverpool FC,Premier League,GK,Goalkeeper,33.7,2340,15000000,5770000,2280000,12410000,-61.5,-54.6,overvalued,overvalued
429983,2025/26,Jørgen Strand Larsen,Wolverhampton Wanderers,Premier League,ATT,Centre-Forward,26.3,2315,40000000,15360000,10420000,27000000,-61.6,-54.7,overvalued,overvalued
487469,2025/26,Vitinha,Paris Saint-Germain,Ligue 1,MID,Defensive Midfield,26.3,2121,140000000,53800000,22180000,66840000,-61.6,-54.7,overvalued,overvalued
465830,2025/26,Mattéo Guendouzi,Società Sportiva Lazio S.p.A.,Serie A,MID,Central Midfield,27.1,1430,27000000,10300000,2800000,18060000,-61.8,-55.0,overvalued,overvalued
934878,2025/26,Jeff Ekhator,Genoa CFC,Serie A,ATT,Centre-Forward,19.5,944,18000000,6870000,4150000,12130000,-61.8,-55.0,overvalued,overvalued
486046,2025/26,Maarten Vandevoordt,RB Leipzig,Bundesliga,GK,Goalkeeper,24.2,1051,15000000,5710000,3270000,19060000,-61.9,-55.2,in range,in range
459128,2025/26,Marco Brescianini,ACF Fiorentina,Serie A,MID,Central Midfield,26.4,1034,9000000,3410000,1910000,8840000,-62.1,-55.3,in range,overvalued
935231,2025/26,Víctor Muñoz,CA Osasuna,LaLiga,ATT,Left Winger,22.9,2670,30000000,11340000,4980000,22540000,-62.2,-55.4,overvalued,overvalued
618341,2025/26,Mario Gila,Società Sportiva Lazio S.p.A.,Serie A,DEF,Centre-Back,25.7,2482,30000000,11330000,5360000,24770000,-62.2,-55.5,overvalued,overvalued
689637,2025/26,Chadi Riad,Crystal Palace,Premier League,DEF,Centre-Back,23.0,554,15000000,5660000,2510000,16650000,-62.3,-55.6,not rated,not rated
607854,2025/26,Éderson,Atalanta BC,Serie A,MID,Central Midfield,26.9,2235,45000000,16900000,5790000,30870000,-62.4,-55.7,overvalued,overvalued
381967,2025/26,Albert Sambi Lokonga,Hamburger SV,Bundesliga,MID,Central Midfield,26.6,1714,12000000,4490000,2630000,10170000,-62.6,-55.9,overvalued,overvalued
516716,2025/26,Bremer,Juventus FC,Serie A,DEF,Centre-Back,29.2,2175,35000000,13110000,4860000,24590000,-62.5,-55.9,overvalued,overvalued
464469,2025/26,Torbjørn Heggem,Bologna Football Club 1909,Serie A,DEF,Centre-Back,27.4,2113,13000000,4840000,2680000,14400000,-62.8,-56.1,in range,in range
74842,2025/26,Mario Götze,Eintracht Frankfurt,Bundesliga,MID,Attacking Midfield,34.0,879,3000000,1110000,760000,2500000,-62.8,-56.2,not rated,not rated
377641,2025/26,Moatasem Al-Musrati,Hellas Verona,Serie A,MID,Defensive Midfield,30.1,841,4500000,1670000,1000000,3240000,-62.9,-56.2,not rated,not rated
895937,2025/26,Marco Palestra,Cagliari Calcio,Serie A,DEF,Right-Back,21.2,3085,35000000,12980000,6000000,19160000,-62.9,-56.3,overvalued,overvalued
718201,2025/26,Kevin Carlos,OGC Nice,Ligue 1,ATT,Centre-Forward,25.1,874,4000000,1470000,770000,3650000,-63.2,-56.6,not rated,not rated
989621,2025/26,İsak Vural,Pisa Sporting Club,Serie A,MID,Central Midfield,20.0,752,5000000,1830000,920000,5840000,-63.4,-56.8,not rated,not rated
649672,2025/26,Nicolás Capaldo,Hamburger SV,Bundesliga,DEF,Centre-Back,27.7,2010,8000000,2900000,1760000,6980000,-63.7,-57.2,in range,overvalued
1058368,2025/26,Francesco Camarda,US Lecce,Serie A,ATT,Centre-Forward,18.2,679,15000000,5420000,2070000,8390000,-63.9,-57.4,not rated,not rated
454386,2025/26,Adrian Benedyczak,Parma Calcio 1913,Serie A,ATT,Centre-Forward,25.5,486,5000000,1800000,1100000,5880000,-64.0,-57.5,not rated,not rated
387106,2025/26,Lovro Majer,VfL Wolfsburg,Bundesliga,MID,Attacking Midfield,28.4,1375,8000000,2880000,1770000,6730000,-64.0,-57.6,overvalued,overvalued
916430,2025/26,Edoardo Motta,Società Sportiva Lazio S.p.A.,Serie A,GK,Goalkeeper,21.4,810,8000000,2880000,1150000,8530000,-64.1,-57.6,not rated,not rated
193098,2025/26,Álex Moreno,Girona FC,LaLiga,DEF,Left-Back,33.0,2558,3000000,1080000,660000,1960000,-64.1,-57.7,overvalued,overvalued
344888,2025/26,Habib Diallo,FC Metz,Ligue 1,ATT,Centre-Forward,31.0,1911,4000000,1430000,810000,2120000,-64.2,-57.9,overvalued,overvalued
503981,2025/26,Tino Livramento,Newcastle United,Premier League,DEF,Right-Back,23.6,1328,45000000,16000000,7700000,32390000,-64.4,-58.1,overvalued,overvalued
580195,2025/26,Jamal Musiala,Bayern Munich,Bundesliga,MID,Attacking Midfield,23.2,679,100000000,35540000,12930000,53210000,-64.5,-58.1,not rated,not rated
877124,2025/26,Rosen Bozhinov,Pisa Sporting Club,Serie A,DEF,Centre-Back,21.3,614,4000000,1410000,670000,4350000,-64.7,-58.3,not rated,not rated
652054,2025/26,Martin Vitík,Bologna Football Club 1909,Serie A,DEF,Centre-Back,23.4,1324,13000000,4550000,1570000,12580000,-65.0,-58.8,in range,overvalued
581669,2025/26,CJ Egan-Riley,Olympique Marseille,Ligue 1,DEF,Centre-Back,23.4,626,9000000,3140000,1220000,9790000,-65.1,-58.9,not rated,not rated
890719,2025/26,Ethan Nwaneri,Olympique Marseille,Ligue 1,MID,Attacking Midfield,19.2,487,35000000,12200000,4990000,20750000,-65.2,-58.9,not rated,not rated
262396,2025/26,Unai Simón,Athletic Bilbao,LaLiga,GK,Goalkeeper,29.0,3330,22000000,7650000,3490000,13440000,-65.2,-59.0,overvalued,overvalued
1004301,2025/26,Jérémy Jacquet,Stade Rennais FC,Ligue 1,DEF,Centre-Back,20.7,1673,55000000,19150000,6790000,25710000,-65.2,-59.0,overvalued,overvalued
661207,2025/26,Oscar Bobb,Fulham FC,Premier League,ATT,Right Winger,22.9,1037,28000000,9700000,4990000,22590000,-65.4,-59.2,overvalued,overvalued
335516,2025/26,Idrissa Touré,Pisa Sporting Club,Serie A,MID,Right Midfield,28.1,2281,5000000,1720000,1220000,4790000,-65.5,-59.4,in range,overvalued
538874,2025/26,Terem Moffi,OGC Nice,Ligue 1,ATT,Centre-Forward,26.6,489,10000000,3450000,1300000,7270000,-65.5,-59.4,not rated,not rated
452483,2025/26,David Affengruber,Elche CF,LaLiga,DEF,Centre-Back,25.2,2953,20000000,6840000,3250000,14670000,-65.8,-59.7,overvalued,overvalued
396638,2025/26,Manor Solomon,ACF Fiorentina,Serie A,ATT,Left Winger,26.8,1033,8000000,2710000,1110000,5880000,-66.1,-60.0,overvalued,overvalued
571020,2025/26,Oihan Sancet,Athletic Bilbao,LaLiga,MID,Attacking Midfield,26.1,1804,25000000,8470000,3820000,16600000,-66.1,-60.1,overvalued,overvalued
73794,2025/26,Duván Zapata,Torino FC,Serie A,ATT,Centre-Forward,35.2,1096,2500000,840000,560000,1990000,-66.2,-60.2,overvalued,overvalued
1082774,2025/26,Amorim,Genoa CFC,Serie A,MID,Central Midfield,21.0,554,8000000,2690000,980000,6070000,-66.4,-60.4,not rated,not rated
502670,2025/26,Khvicha Kvaratskhelia,Paris Saint-Germain,Ligue 1,ATT,Left Winger,25.3,1482,140000000,46970000,24820000,75640000,-66.5,-60.5,overvalued,overvalued
282411,2025/26,Marcos Llorente,Atlético de Madrid,LaLiga,DEF,Right-Back,31.3,2184,20000000,6590000,3330000,20140000,-67.0,-61.1,in range,in range
709187,2025/26,Nico Williams,Athletic Bilbao,LaLiga,ATT,Left Winger,23.9,1689,40000000,13160000,4990000,23670000,-67.1,-61.2,overvalued,overvalued
668179,2025/26,Carlos Álvarez,Levante UD,LaLiga,MID,Attacking Midfield,22.8,1898,15000000,4870000,2210000,11690000,-67.5,-61.7,overvalued,overvalued
397033,2025/26,Sandro Tonali,Newcastle United,Premier League,MID,Defensive Midfield,26.1,2545,80000000,25660000,16580000,42680000,-67.9,-62.2,overvalued,overvalued
1129198,2025/26,Eivind Helland,Bologna Football Club 1909,Serie A,DEF,Centre-Back,21.1,488,8000000,2560000,1010000,8570000,-68.0,-62.2,not rated,not rated
576024,2025/26,Julián Alvarez,Atlético de Madrid,LaLiga,ATT,Centre-Forward,26.3,1903,100000000,31850000,14560000,60760000,-68.1,-62.5,overvalued,overvalued
591949,2025/26,Aaron Hickey,Brentford FC,Premier League,DEF,Right-Back,24.0,686,16000000,5030000,2920000,15930000,-68.6,-62.9,not rated,not rated
643574,2025/26,Kaishu Sano,1.FSV Mainz 05,Bundesliga,MID,Defensive Midfield,25.4,3060,40000000,12570000,5400000,20770000,-68.6,-63.0,overvalued,overvalued
942497,2025/26,Jahmai Simpson-Pusey,1.FC Köln,Bundesliga,DEF,Centre-Back,20.6,864,9000000,2790000,1040000,7270000,-69.0,-63.4,not rated,not rated
588989,2025/26,Jhon Arias,Wolverhampton Wanderers,Premier League,ATT,Right Winger,28.7,1124,15000000,4650000,1710000,8890000,-69.0,-63.5,overvalued,overvalued
975347,2025/26,Aladji Bamba,AS Monaco,Ligue 1,MID,Defensive Midfield,19.9,815,18000000,5560000,1850000,13770000,-69.1,-63.6,not rated,not rated
709969,2025/26,Ilias Akhomach,Rayo Vallecano,LaLiga,ATT,Right Winger,22.1,894,12000000,3690000,1810000,9480000,-69.3,-63.8,not rated,not rated
711374,2025/26,Jon Gorrotxategi,Real Sociedad,LaLiga,MID,Defensive Midfield,24.3,2215,25000000,7670000,3300000,13650000,-69.3,-63.9,overvalued,overvalued
670681,2025/26,João Neves,Paris Saint-Germain,Ligue 1,MID,Central Midfield,21.7,1286,140000000,42730000,17990000,53340000,-69.5,-64.0,overvalued,overvalued
472423,2025/26,Reece James,Chelsea FC,Premier League,DEF,Right-Back,26.5,1960,60000000,17940000,10840000,27240000,-70.1,-64.8,overvalued,overvalued
342405,2025/26,Mattias Svanberg,VfL Wolfsburg,Bundesliga,MID,Central Midfield,27.4,854,8000000,2360000,1650000,6370000,-70.5,-65.3,not rated,not rated
664708,2025/26,Equi Fernández,Bayer 04 Leverkusen,Bundesliga,MID,Defensive Midfield,23.8,987,20000000,5860000,2160000,15550000,-70.7,-65.5,overvalued,overvalued
401578,2025/26,Exequiel Palacios,Bayer 04 Leverkusen,Bundesliga,MID,Central Midfield,27.6,1097,25000000,7290000,3280000,16380000,-70.9,-65.7,overvalued,overvalued
907559,2025/26,Nelson Deossa,Real Betis Balompié,LaLiga,MID,Central Midfield,26.3,735,9000000,2620000,1450000,9070000,-70.9,-65.7,not rated,not rated
1151929,2025/26,Gessime Yassine,RC Strasbourg Alsace,Ligue 1,ATT,Right Winger,20.5,510,12000000,3480000,1020000,10480000,-71.0,-65.8,not rated,not rated
857818,2025/26,Yáser Asprilla,Girona FC,LaLiga,ATT,Right Winger,22.3,605,14000000,4010000,1840000,8570000,-71.3,-66.2,not rated,not rated
139208,2025/26,Virgil van Dijk,Liverpool FC,Premier League,DEF,Centre-Back,34.9,3420,15000000,4260000,1920000,8510000,-71.6,-66.5,overvalued,overvalued
659542,2025/26,Elye Wahi,OGC Nice,Ligue 1,ATT,Centre-Forward,23.4,1249,18000000,5080000,2430000,8780000,-71.8,-66.7,overvalued,overvalued
467563,2025/26,Armel Bella-Kotchap,Hellas Verona,Serie A,DEF,Centre-Back,24.5,1347,7000000,1960000,900000,4500000,-71.9,-66.9,overvalued,overvalued
844637,2025/26,Marc Pubill,Atlético de Madrid,LaLiga,DEF,Centre-Back,23.0,1382,35000000,9500000,4210000,25810000,-72.9,-68.0,overvalued,overvalued
937955,2025/26,Héctor Fort,Elche CF,LaLiga,DEF,Right-Back,19.8,482,12000000,3130000,1670000,7650000,-73.9,-69.2,not rated,not rated
181767,2025/26,Marquinhos,Paris Saint-Germain,Ligue 1,DEF,Centre-Back,32.0,1049,28000000,7270000,2240000,15090000,-74.0,-69.4,overvalued,overvalued
525704,2025/26,Nicolò Rovella,Società Sportiva Lazio S.p.A.,Serie A,MID,Defensive Midfield,24.5,512,23000000,5860000,2200000,12840000,-74.5,-70.0,not rated,not rated
961297,2025/26,Rodrigo Mendoza,Elche CF,LaLiga,MID,Central Midfield,21.2,1232,20000000,5060000,2060000,11320000,-74.7,-70.2,overvalued,overvalued
1004708,2025/26,Josh Acheampong,Chelsea FC,Premier League,DEF,Right-Back,20.1,663,25000000,6060000,4250000,19520000,-75.8,-71.4,not rated,not rated
1070979,2025/26,Wael Mohya,Borussia Mönchengladbach,Bundesliga,MID,Attacking Midfield,17.4,549,17000000,3990000,1540000,8530000,-76.5,-72.3,not rated,not rated
1241207,2025/26,Tylel Tati,FC Nantes,Ligue 1,DEF,Centre-Back,18.4,1724,25000000,5830000,1880000,12680000,-76.7,-72.5,overvalued,overvalued
1056993,2025/26,Estêvão,Chelsea FC,Premier League,ATT,Right Winger,19.1,846,80000000,17520000,7090000,29520000,-78.1,-74.2,not rated,not rated
984964,2025/26,Niccolò Fortini,ACF Fiorentina,Serie A,DEF,Left-Back,20.3,530,10000000,2170000,1110000,5030000,-78.3,-74.4,not rated,not rated
843286,2025/26,Felipe Loyola,Pisa Sporting Club,Serie A,MID,Central Midfield,25.5,539,7000000,1300000,660000,3570000,-81.4,-78.1,not rated,not rated
994536,2025/26,Claudio Echeverri,Girona FC,LaLiga,MID,Attacking Midfield,20.4,748,15000000,2450000,1200000,6440000,-83.7,-80.7,not rated,not rated
176553,2025/26,Aymeric Laporte,Athletic Bilbao,LaLiga,DEF,Centre-Back,32.0,2060,8000000,1310000,810000,3240000,-83.7,-80.8,overvalued,overvalued
